2026-07-13 09:38:00 - ERROR - utils.multi_thread_parser - multi_thread_parser.py:63 - <class 'dict'>
2026-07-13 09:38:00 - ERROR - utils.multi_thread_parser - multi_thread_parser.py:63 - <class 'dict'>
2026-07-14 09:12:10 - ERROR - utils.multi_thread_parser - multi_thread_parser.py:60 - 解析多线程数据，模式：multi，工具ID：elint，casename：aes，完成
2026-07-14 09:16:01 - ERROR - utils.multi_thread_parser - multi_thread_parser.py:60 - 解析多线程数据，模式：multi，工具ID：elint，casename：aes，完成
2026-07-14 09:17:56 - ERROR - utils.multi_thread_parser - multi_thread_parser.py:60 - 解析多线程数据，模式：multi，工具ID：elint，casename：aes，完成
2026-07-14 09:18:55 - ERROR - utils.multi_thread_parser - multi_thread_parser.py:60 - 解析多线程数据，模式：multi，工具ID：elint，casename：aes，完成
2026-07-14 09:19:17 - ERROR - utils.multi_thread_parser - multi_thread_parser.py:60 - 解析多线程数据，模式：multi，工具ID：elint，casename：aes，完成
2026-07-14 09:20:49 - ERROR - utils.multi_thread_parser - multi_thread_parser.py:133 - 解析线程数据，规则：E0001，线程：2，日期：20260511，模式：runtime，完成
2026-07-14 09:20:49 - ERROR - utils.multi_thread_parser - multi_thread_parser.py:133 - 解析线程数据，规则：E0001，线程：4，日期：20260511，模式：runtime，完成
2026-07-14 09:20:49 - ERROR - utils.multi_thread_parser - multi_thread_parser.py:133 - 解析线程数据，规则：E0001，线程：2，日期：20260511，模式：memory，完成
2026-07-14 09:20:49 - ERROR - utils.multi_thread_parser - multi_thread_parser.py:133 - 解析线程数据，规则：E0001，线程：4，日期：20260511，模式：memory，完成
2026-07-14 09:20:49 - ERROR - utils.multi_thread_parser - multi_thread_parser.py:133 - 解析线程数据，规则：E0002，线程：2，日期：20260511，模式：runtime，完成
2026-07-14 09:20:49 - ERROR - utils.multi_thread_parser - multi_thread_parser.py:133 - 解析线程数据，规则：E0002，线程：4，日期：20260511，模式：runtime，完成
2026-07-14 09:20:49 - ERROR - utils.multi_thread_parser - multi_thread_parser.py:133 - 解析线程数据，规则：E0002，线程：2，日期：20260511，模式：memory，完成
2026-07-14 09:20:49 - ERROR - utils.multi_thread_parser - multi_thread_parser.py:133 - 解析线程数据，规则：E0002，线程：4，日期：20260511，模式：memory，完成
2026-07-14 09:20:49 - ERROR - utils.multi_thread_parser - multi_thread_parser.py:133 - 解析线程数据，规则：E0003，线程：2，日期：20260511，模式：runtime，完成
2026-07-14 09:20:49 - ERROR - utils.multi_thread_parser - multi_thread_parser.py:133 - 解析线程数据，规则：E0003，线程：4，日期：20260511，模式：runtime，完成
2026-07-14 09:20:49 - ERROR - utils.multi_thread_parser - multi_thread_parser.py:133 - 解析线程数据，规则：E0003，线程：2，日期：20260511，模式：memory，完成
2026-07-14 09:20:49 - ERROR - utils.multi_thread_parser - multi_thread_parser.py:133 - 解析线程数据，规则：E0003，线程：4，日期：20260511，模式：memory，完成
2026-07-14 09:20:49 - ERROR - utils.multi_thread_parser - multi_thread_parser.py:133 - 解析线程数据，规则：E0004，线程：2，日期：20260511，模式：runtime，完成
2026-07-14 09:20:49 - ERROR - utils.multi_thread_parser - multi_thread_parser.py:133 - 解析线程数据，规则：E0004，线程：4，日期：20260511，模式：runtime，完成
2026-07-14 09:20:49 - ERROR - utils.multi_thread_parser - multi_thread_parser.py:133 - 解析线程数据，规则：E0004，线程：2，日期：20260511，模式：memory，完成
2026-07-14 09:20:49 - ERROR - utils.multi_thread_parser - multi_thread_parser.py:133 - 解析线程数据，规则：E0004，线程：4，日期：20260511，模式：memory，完成
2026-07-14 09:20:49 - ERROR - utils.multi_thread_parser - multi_thread_parser.py:133 - 解析线程数据，规则：check_lint，线程：2，日期：20260511，模式：runtime，完成
2026-07-14 09:20:49 - ERROR - utils.multi_thread_parser - multi_thread_parser.py:133 - 解析线程数据，规则：check_lint，线程：4，日期：20260511，模式：runtime，完成
2026-07-14 09:20:49 - ERROR - utils.multi_thread_parser - multi_thread_parser.py:133 - 解析线程数据，规则：check_lint，线程：2，日期：20260511，模式：memory，完成
2026-07-14 09:20:49 - ERROR - utils.multi_thread_parser - multi_thread_parser.py:133 - 解析线程数据，规则：check_lint，线程：4，日期：20260511，模式：memory，完成
2026-07-14 09:20:49 - ERROR - utils.multi_thread_parser - multi_thread_parser.py:133 - 解析线程数据，规则：Overall，线程：2，日期：20260511，模式：runtime，完成
2026-07-14 09:20:49 - ERROR - utils.multi_thread_parser - multi_thread_parser.py:133 - 解析线程数据，规则：Overall，线程：4，日期：20260511，模式：runtime，完成
2026-07-14 09:20:49 - ERROR - utils.multi_thread_parser - multi_thread_parser.py:133 - 解析线程数据，规则：Overall，线程：2，日期：20260511，模式：memory，完成
2026-07-14 09:20:49 - ERROR - utils.multi_thread_parser - multi_thread_parser.py:133 - 解析线程数据，规则：Overall，线程：4，日期：20260511，模式：memory，完成
2026-07-14 09:20:49 - ERROR - utils.multi_thread_parser - multi_thread_parser.py:133 - 解析线程数据，规则：read_design，线程：2，日期：20260511，模式：runtime，完成
2026-07-14 09:20:49 - ERROR - utils.multi_thread_parser - multi_thread_parser.py:133 - 解析线程数据，规则：read_design，线程：4，日期：20260511，模式：runtime，完成
2026-07-14 09:20:49 - ERROR - utils.multi_thread_parser - multi_thread_parser.py:133 - 解析线程数据，规则：read_design，线程：2，日期：20260511，模式：memory，完成
2026-07-14 09:20:49 - ERROR - utils.multi_thread_parser - multi_thread_parser.py:133 - 解析线程数据，规则：read_design，线程：4，日期：20260511，模式：memory，完成
2026-07-14 09:20:49 - ERROR - utils.multi_thread_parser - multi_thread_parser.py:133 - 解析线程数据，规则：save_session，线程：2，日期：20260511，模式：runtime，完成
2026-07-14 09:20:49 - ERROR - utils.multi_thread_parser - multi_thread_parser.py:133 - 解析线程数据，规则：save_session，线程：2，日期：20260511，模式：memory，完成
2026-07-14 09:20:49 - ERROR - utils.multi_thread_parser - multi_thread_parser.py:133 - 解析线程数据，规则：E0001，线程：2，日期：20260513，模式：runtime，完成
2026-07-14 09:20:49 - ERROR - utils.multi_thread_parser - multi_thread_parser.py:133 - 解析线程数据，规则：E0001，线程：4，日期：20260513，模式：runtime，完成
2026-07-14 09:20:49 - ERROR - utils.multi_thread_parser - multi_thread_parser.py:133 - 解析线程数据，规则：E0001，线程：2，日期：20260513，模式：memory，完成
2026-07-14 09:20:49 - ERROR - utils.multi_thread_parser - multi_thread_parser.py:133 - 解析线程数据，规则：E0001，线程：4，日期：20260513，模式：memory，完成
2026-07-14 09:20:49 - ERROR - utils.multi_thread_parser - multi_thread_parser.py:133 - 解析线程数据，规则：E0002，线程：2，日期：20260513，模式：runtime，完成
2026-07-14 09:20:49 - ERROR - utils.multi_thread_parser - multi_thread_parser.py:133 - 解析线程数据，规则：E0002，线程：4，日期：20260513，模式：runtime，完成
2026-07-14 09:20:49 - ERROR - utils.multi_thread_parser - multi_thread_parser.py:133 - 解析线程数据，规则：E0002，线程：2，日期：20260513，模式：memory，完成
2026-07-14 09:20:49 - ERROR - utils.multi_thread_parser - multi_thread_parser.py:133 - 解析线程数据，规则：E0002，线程：4，日期：20260513，模式：memory，完成
2026-07-14 09:20:49 - ERROR - utils.multi_thread_parser - multi_thread_parser.py:133 - 解析线程数据，规则：E0003，线程：2，日期：20260513，模式：runtime，完成
2026-07-14 09:20:49 - ERROR - utils.multi_thread_parser - multi_thread_parser.py:133 - 解析线程数据，规则：E0003，线程：4，日期：20260513，模式：runtime，完成
2026-07-14 09:20:49 - ERROR - utils.multi_thread_parser - multi_thread_parser.py:133 - 解析线程数据，规则：E0003，线程：2，日期：20260513，模式：memory，完成
2026-07-14 09:20:49 - ERROR - utils.multi_thread_parser - multi_thread_parser.py:133 - 解析线程数据，规则：E0003，线程：4，日期：20260513，模式：memory，完成
2026-07-14 09:20:49 - ERROR - utils.multi_thread_parser - multi_thread_parser.py:133 - 解析线程数据，规则：E0004，线程：2，日期：20260513，模式：runtime，完成
2026-07-14 09:20:49 - ERROR - utils.multi_thread_parser - multi_thread_parser.py:133 - 解析线程数据，规则：E0004，线程：4，日期：20260513，模式：runtime，完成
2026-07-14 09:20:49 - ERROR - utils.multi_thread_parser - multi_thread_parser.py:133 - 解析线程数据，规则：E0004，线程：2，日期：20260513，模式：memory，完成
2026-07-14 09:20:49 - ERROR - utils.multi_thread_parser - multi_thread_parser.py:133 - 解析线程数据，规则：E0004，线程：4，日期：20260513，模式：memory，完成
2026-07-14 09:20:49 - ERROR - utils.multi_thread_parser - multi_thread_parser.py:133 - 解析线程数据，规则：check_lint，线程：2，日期：20260513，模式：runtime，完成
2026-07-14 09:20:49 - ERROR - utils.multi_thread_parser - multi_thread_parser.py:133 - 解析线程数据，规则：check_lint，线程：4，日期：20260513，模式：runtime，完成
2026-07-14 09:20:49 - ERROR - utils.multi_thread_parser - multi_thread_parser.py:133 - 解析线程数据，规则：check_lint，线程：2，日期：20260513，模式：memory，完成
2026-07-14 09:20:49 - ERROR - utils.multi_thread_parser - multi_thread_parser.py:133 - 解析线程数据，规则：check_lint，线程：4，日期：20260513，模式：memory，完成
2026-07-14 09:20:49 - ERROR - utils.multi_thread_parser - multi_thread_parser.py:133 - 解析线程数据，规则：Overall，线程：2，日期：20260513，模式：runtime，完成
2026-07-14 09:20:49 - ERROR - utils.multi_thread_parser - multi_thread_parser.py:133 - 解析线程数据，规则：Overall，线程：4，日期：20260513，模式：runtime，完成
2026-07-14 09:20:49 - ERROR - utils.multi_thread_parser - multi_thread_parser.py:133 - 解析线程数据，规则：Overall，线程：2，日期：20260513，模式：memory，完成
2026-07-14 09:20:50 - ERROR - utils.multi_thread_parser - multi_thread_parser.py:133 - 解析线程数据，规则：Overall，线程：4，日期：20260513，模式：memory，完成
2026-07-14 09:20:50 - ERROR - utils.multi_thread_parser - multi_thread_parser.py:133 - 解析线程数据，规则：read_design，线程：2，日期：20260513，模式：runtime，完成
2026-07-14 09:20:50 - ERROR - utils.multi_thread_parser - multi_thread_parser.py:133 - 解析线程数据，规则：read_design，线程：4，日期：20260513，模式：runtime，完成
2026-07-14 09:20:50 - ERROR - utils.multi_thread_parser - multi_thread_parser.py:133 - 解析线程数据，规则：read_design，线程：2，日期：20260513，模式：memory，完成
2026-07-14 09:20:50 - ERROR - utils.multi_thread_parser - multi_thread_parser.py:133 - 解析线程数据，规则：read_design，线程：4，日期：20260513，模式：memory，完成
2026-07-14 09:20:50 - ERROR - utils.multi_thread_parser - multi_thread_parser.py:133 - 解析线程数据，规则：E0001，线程：2，日期：20260515，模式：runtime，完成
2026-07-14 09:20:50 - ERROR - utils.multi_thread_parser - multi_thread_parser.py:133 - 解析线程数据，规则：E0001，线程：4，日期：20260515，模式：runtime，完成
2026-07-14 09:20:50 - ERROR - utils.multi_thread_parser - multi_thread_parser.py:133 - 解析线程数据，规则：E0001，线程：2，日期：20260515，模式：memory，完成
2026-07-14 09:20:50 - ERROR - utils.multi_thread_parser - multi_thread_parser.py:133 - 解析线程数据，规则：E0001，线程：4，日期：20260515，模式：memory，完成
2026-07-14 09:20:50 - ERROR - utils.multi_thread_parser - multi_thread_parser.py:133 - 解析线程数据，规则：E0002，线程：2，日期：20260515，模式：runtime，完成
2026-07-14 09:20:50 - ERROR - utils.multi_thread_parser - multi_thread_parser.py:133 - 解析线程数据，规则：E0002，线程：4，日期：20260515，模式：runtime，完成
2026-07-14 09:20:50 - ERROR - utils.multi_thread_parser - multi_thread_parser.py:133 - 解析线程数据，规则：E0002，线程：2，日期：20260515，模式：memory，完成
2026-07-14 09:20:50 - ERROR - utils.multi_thread_parser - multi_thread_parser.py:133 - 解析线程数据，规则：E0002，线程：4，日期：20260515，模式：memory，完成
2026-07-14 09:20:50 - ERROR - utils.multi_thread_parser - multi_thread_parser.py:133 - 解析线程数据，规则：E0003，线程：2，日期：20260515，模式：runtime，完成
2026-07-14 09:20:50 - ERROR - utils.multi_thread_parser - multi_thread_parser.py:133 - 解析线程数据，规则：E0003，线程：4，日期：20260515，模式：runtime，完成
2026-07-14 09:20:50 - ERROR - utils.multi_thread_parser - multi_thread_parser.py:133 - 解析线程数据，规则：E0003，线程：2，日期：20260515，模式：memory，完成
2026-07-14 09:20:50 - ERROR - utils.multi_thread_parser - multi_thread_parser.py:133 - 解析线程数据，规则：E0003，线程：4，日期：20260515，模式：memory，完成
2026-07-14 09:20:50 - ERROR - utils.multi_thread_parser - multi_thread_parser.py:133 - 解析线程数据，规则：E0004，线程：2，日期：20260515，模式：runtime，完成
2026-07-14 09:20:50 - ERROR - utils.multi_thread_parser - multi_thread_parser.py:133 - 解析线程数据，规则：E0004，线程：4，日期：20260515，模式：runtime，完成
2026-07-14 09:20:50 - ERROR - utils.multi_thread_parser - multi_thread_parser.py:133 - 解析线程数据，规则：E0004，线程：2，日期：20260515，模式：memory，完成
2026-07-14 09:20:50 - ERROR - utils.multi_thread_parser - multi_thread_parser.py:133 - 解析线程数据，规则：E0004，线程：4，日期：20260515，模式：memory，完成
2026-07-14 09:20:50 - ERROR - utils.multi_thread_parser - multi_thread_parser.py:133 - 解析线程数据，规则：check_lint，线程：4，日期：20260515，模式：runtime，完成
2026-07-14 09:20:50 - ERROR - utils.multi_thread_parser - multi_thread_parser.py:133 - 解析线程数据，规则：check_lint，线程：4，日期：20260515，模式：memory，完成
2026-07-14 09:20:50 - ERROR - utils.multi_thread_parser - multi_thread_parser.py:133 - 解析线程数据，规则：Overall，线程：4，日期：20260515，模式：runtime，完成
2026-07-14 09:20:50 - ERROR - utils.multi_thread_parser - multi_thread_parser.py:133 - 解析线程数据，规则：Overall，线程：4，日期：20260515，模式：memory，完成
2026-07-14 09:20:50 - ERROR - utils.multi_thread_parser - multi_thread_parser.py:133 - 解析线程数据，规则：read_design，线程：4，日期：20260515，模式：runtime，完成
2026-07-14 09:20:50 - ERROR - utils.multi_thread_parser - multi_thread_parser.py:133 - 解析线程数据，规则：read_design，线程：4，日期：20260515，模式：memory，完成
2026-07-14 09:20:50 - ERROR - utils.multi_thread_parser - multi_thread_parser.py:133 - 解析线程数据，规则：E0001，线程：2，日期：20260516，模式：runtime，完成
2026-07-14 09:20:50 - ERROR - utils.multi_thread_parser - multi_thread_parser.py:133 - 解析线程数据，规则：E0001，线程：4，日期：20260516，模式：runtime，完成
2026-07-14 09:20:50 - ERROR - utils.multi_thread_parser - multi_thread_parser.py:133 - 解析线程数据，规则：E0001，线程：2，日期：20260516，模式：memory，完成
2026-07-14 09:20:50 - ERROR - utils.multi_thread_parser - multi_thread_parser.py:133 - 解析线程数据，规则：E0001，线程：4，日期：20260516，模式：memory，完成
2026-07-14 09:20:50 - ERROR - utils.multi_thread_parser - multi_thread_parser.py:133 - 解析线程数据，规则：E0002，线程：2，日期：20260516，模式：runtime，完成
2026-07-14 09:20:50 - ERROR - utils.multi_thread_parser - multi_thread_parser.py:133 - 解析线程数据，规则：E0002，线程：4，日期：20260516，模式：runtime，完成
2026-07-14 09:20:50 - ERROR - utils.multi_thread_parser - multi_thread_parser.py:133 - 解析线程数据，规则：E0002，线程：2，日期：20260516，模式：memory，完成
2026-07-14 09:20:50 - ERROR - utils.multi_thread_parser - multi_thread_parser.py:133 - 解析线程数据，规则：E0002，线程：4，日期：20260516，模式：memory，完成
2026-07-14 09:20:50 - ERROR - utils.multi_thread_parser - multi_thread_parser.py:133 - 解析线程数据，规则：E0003，线程：2，日期：20260516，模式：runtime，完成
2026-07-14 09:20:50 - ERROR - utils.multi_thread_parser - multi_thread_parser.py:133 - 解析线程数据，规则：E0003，线程：4，日期：20260516，模式：runtime，完成
2026-07-14 09:20:50 - ERROR - utils.multi_thread_parser - multi_thread_parser.py:133 - 解析线程数据，规则：E0003，线程：2，日期：20260516，模式：memory，完成
2026-07-14 09:20:50 - ERROR - utils.multi_thread_parser - multi_thread_parser.py:133 - 解析线程数据，规则：E0003，线程：4，日期：20260516，模式：memory，完成
2026-07-14 09:20:50 - ERROR - utils.multi_thread_parser - multi_thread_parser.py:133 - 解析线程数据，规则：E0004，线程：2，日期：20260516，模式：runtime，完成
2026-07-14 09:20:50 - ERROR - utils.multi_thread_parser - multi_thread_parser.py:133 - 解析线程数据，规则：E0004，线程：4，日期：20260516，模式：runtime，完成
2026-07-14 09:20:50 - ERROR - utils.multi_thread_parser - multi_thread_parser.py:133 - 解析线程数据，规则：E0004，线程：2，日期：20260516，模式：memory，完成
2026-07-14 09:20:50 - ERROR - utils.multi_thread_parser - multi_thread_parser.py:133 - 解析线程数据，规则：E0004，线程：4，日期：20260516，模式：memory，完成
2026-07-14 09:20:50 - ERROR - utils.multi_thread_parser - multi_thread_parser.py:133 - 解析线程数据，规则：check_lint，线程：4，日期：20260516，模式：runtime，完成
2026-07-14 09:20:50 - ERROR - utils.multi_thread_parser - multi_thread_parser.py:133 - 解析线程数据，规则：check_lint，线程：4，日期：20260516，模式：memory，完成
2026-07-14 09:20:50 - ERROR - utils.multi_thread_parser - multi_thread_parser.py:133 - 解析线程数据，规则：Overall，线程：4，日期：20260516，模式：runtime，完成
2026-07-14 09:20:50 - ERROR - utils.multi_thread_parser - multi_thread_parser.py:133 - 解析线程数据，规则：Overall，线程：4，日期：20260516，模式：memory，完成
2026-07-14 09:20:50 - ERROR - utils.multi_thread_parser - multi_thread_parser.py:133 - 解析线程数据，规则：read_design，线程：4，日期：20260516，模式：runtime，完成
2026-07-14 09:20:50 - ERROR - utils.multi_thread_parser - multi_thread_parser.py:133 - 解析线程数据，规则：read_design，线程：4，日期：20260516，模式：memory，完成
2026-07-14 09:20:50 - ERROR - utils.multi_thread_parser - multi_thread_parser.py:133 - 解析线程数据，规则：E0001，线程：2，日期：20260517，模式：runtime，完成
2026-07-14 09:20:50 - ERROR - utils.multi_thread_parser - multi_thread_parser.py:133 - 解析线程数据，规则：E0001，线程：4，日期：20260517，模式：runtime，完成
2026-07-14 09:20:50 - ERROR - utils.multi_thread_parser - multi_thread_parser.py:133 - 解析线程数据，规则：E0001，线程：2，日期：20260517，模式：memory，完成
2026-07-14 09:20:50 - ERROR - utils.multi_thread_parser - multi_thread_parser.py:133 - 解析线程数据，规则：E0001，线程：4，日期：20260517，模式：memory，完成
2026-07-14 09:20:50 - ERROR - utils.multi_thread_parser - multi_thread_parser.py:133 - 解析线程数据，规则：E0002，线程：2，日期：20260517，模式：runtime，完成
2026-07-14 09:20:50 - ERROR - utils.multi_thread_parser - multi_thread_parser.py:133 - 解析线程数据，规则：E0002，线程：4，日期：20260517，模式：runtime，完成
2026-07-14 09:20:50 - ERROR - utils.multi_thread_parser - multi_thread_parser.py:133 - 解析线程数据，规则：E0002，线程：2，日期：20260517，模式：memory，完成
2026-07-14 09:20:50 - ERROR - utils.multi_thread_parser - multi_thread_parser.py:133 - 解析线程数据，规则：E0002，线程：4，日期：20260517，模式：memory，完成
2026-07-14 09:20:50 - ERROR - utils.multi_thread_parser - multi_thread_parser.py:133 - 解析线程数据，规则：E0003，线程：2，日期：20260517，模式：runtime，完成
2026-07-14 09:20:50 - ERROR - utils.multi_thread_parser - multi_thread_parser.py:133 - 解析线程数据，规则：E0003，线程：4，日期：20260517，模式：runtime，完成
2026-07-14 09:20:50 - ERROR - utils.multi_thread_parser - multi_thread_parser.py:133 - 解析线程数据，规则：E0003，线程：2，日期：20260517，模式：memory，完成
2026-07-14 09:20:50 - ERROR - utils.multi_thread_parser - multi_thread_parser.py:133 - 解析线程数据，规则：E0003，线程：4，日期：20260517，模式：memory，完成
2026-07-14 09:20:50 - ERROR - utils.multi_thread_parser - multi_thread_parser.py:133 - 解析线程数据，规则：E0004，线程：2，日期：20260517，模式：runtime，完成
2026-07-14 09:20:50 - ERROR - utils.multi_thread_parser - multi_thread_parser.py:133 - 解析线程数据，规则：E0004，线程：4，日期：20260517，模式：runtime，完成
2026-07-14 09:20:50 - ERROR - utils.multi_thread_parser - multi_thread_parser.py:133 - 解析线程数据，规则：E0004，线程：2，日期：20260517，模式：memory，完成
2026-07-14 09:20:50 - ERROR - utils.multi_thread_parser - multi_thread_parser.py:133 - 解析线程数据，规则：E0004，线程：4，日期：20260517，模式：memory，完成
2026-07-14 09:20:50 - ERROR - utils.multi_thread_parser - multi_thread_parser.py:133 - 解析线程数据，规则：check_lint，线程：4，日期：20260517，模式：runtime，完成
2026-07-14 09:20:50 - ERROR - utils.multi_thread_parser - multi_thread_parser.py:133 - 解析线程数据，规则：check_lint，线程：4，日期：20260517，模式：memory，完成
2026-07-14 09:20:50 - ERROR - utils.multi_thread_parser - multi_thread_parser.py:133 - 解析线程数据，规则：Overall，线程：4，日期：20260517，模式：runtime，完成
2026-07-14 09:20:50 - ERROR - utils.multi_thread_parser - multi_thread_parser.py:133 - 解析线程数据，规则：Overall，线程：4，日期：20260517，模式：memory，完成
2026-07-14 09:20:50 - ERROR - utils.multi_thread_parser - multi_thread_parser.py:133 - 解析线程数据，规则：read_design，线程：4，日期：20260517，模式：runtime，完成
2026-07-14 09:20:50 - ERROR - utils.multi_thread_parser - multi_thread_parser.py:133 - 解析线程数据，规则：read_design，线程：4，日期：20260517，模式：memory，完成
2026-07-14 09:20:50 - ERROR - utils.multi_thread_parser - multi_thread_parser.py:60 - 解析多线程数据，模式：multi，工具ID：elint，casename：aes，完成
2026-07-14 09:23:35 - ERROR - utils.multi_thread_parser - multi_thread_parser.py:133 - 解析线程数据，规则：E0001，线程：2，日期：20260511，模式：runtime，完成
2026-07-14 09:23:35 - ERROR - utils.multi_thread_parser - multi_thread_parser.py:133 - 解析线程数据，规则：E0001，线程：4，日期：20260511，模式：runtime，完成
2026-07-14 09:23:35 - ERROR - utils.multi_thread_parser - multi_thread_parser.py:133 - 解析线程数据，规则：E0001，线程：2，日期：20260511，模式：memory，完成
2026-07-14 09:23:35 - ERROR - utils.multi_thread_parser - multi_thread_parser.py:133 - 解析线程数据，规则：E0001，线程：4，日期：20260511，模式：memory，完成
2026-07-14 09:23:35 - ERROR - utils.multi_thread_parser - multi_thread_parser.py:133 - 解析线程数据，规则：E0002，线程：2，日期：20260511，模式：runtime，完成
2026-07-14 09:23:35 - ERROR - utils.multi_thread_parser - multi_thread_parser.py:133 - 解析线程数据，规则：E0002，线程：4，日期：20260511，模式：runtime，完成
2026-07-14 09:23:35 - ERROR - utils.multi_thread_parser - multi_thread_parser.py:133 - 解析线程数据，规则：E0002，线程：2，日期：20260511，模式：memory，完成
2026-07-14 09:23:35 - ERROR - utils.multi_thread_parser - multi_thread_parser.py:133 - 解析线程数据，规则：E0002，线程：4，日期：20260511，模式：memory，完成
2026-07-14 09:23:35 - ERROR - utils.multi_thread_parser - multi_thread_parser.py:133 - 解析线程数据，规则：E0003，线程：2，日期：20260511，模式：runtime，完成
2026-07-14 09:23:35 - ERROR - utils.multi_thread_parser - multi_thread_parser.py:133 - 解析线程数据，规则：E0003，线程：4，日期：20260511，模式：runtime，完成
2026-07-14 09:23:35 - ERROR - utils.multi_thread_parser - multi_thread_parser.py:133 - 解析线程数据，规则：E0003，线程：2，日期：20260511，模式：memory，完成
2026-07-14 09:23:35 - ERROR - utils.multi_thread_parser - multi_thread_parser.py:133 - 解析线程数据，规则：E0003，线程：4，日期：20260511，模式：memory，完成
2026-07-14 09:23:35 - ERROR - utils.multi_thread_parser - multi_thread_parser.py:133 - 解析线程数据，规则：E0004，线程：2，日期：20260511，模式：runtime，完成
2026-07-14 09:23:35 - ERROR - utils.multi_thread_parser - multi_thread_parser.py:133 - 解析线程数据，规则：E0004，线程：4，日期：20260511，模式：runtime，完成
2026-07-14 09:23:35 - ERROR - utils.multi_thread_parser - multi_thread_parser.py:133 - 解析线程数据，规则：E0004，线程：2，日期：20260511，模式：memory，完成
2026-07-14 09:23:35 - ERROR - utils.multi_thread_parser - multi_thread_parser.py:133 - 解析线程数据，规则：E0004，线程：4，日期：20260511，模式：memory，完成
2026-07-14 09:23:35 - ERROR - utils.multi_thread_parser - multi_thread_parser.py:133 - 解析线程数据，规则：check_lint，线程：2，日期：20260511，模式：runtime，完成
2026-07-14 09:23:35 - ERROR - utils.multi_thread_parser - multi_thread_parser.py:133 - 解析线程数据，规则：check_lint，线程：4，日期：20260511，模式：runtime，完成
2026-07-14 09:23:35 - ERROR - utils.multi_thread_parser - multi_thread_parser.py:133 - 解析线程数据，规则：check_lint，线程：2，日期：20260511，模式：memory，完成
2026-07-14 09:23:35 - ERROR - utils.multi_thread_parser - multi_thread_parser.py:133 - 解析线程数据，规则：check_lint，线程：4，日期：20260511，模式：memory，完成
2026-07-14 09:23:35 - ERROR - utils.multi_thread_parser - multi_thread_parser.py:133 - 解析线程数据，规则：Overall，线程：2，日期：20260511，模式：runtime，完成
2026-07-14 09:23:35 - ERROR - utils.multi_thread_parser - multi_thread_parser.py:133 - 解析线程数据，规则：Overall，线程：4，日期：20260511，模式：runtime，完成
2026-07-14 09:23:35 - ERROR - utils.multi_thread_parser - multi_thread_parser.py:133 - 解析线程数据，规则：Overall，线程：2，日期：20260511，模式：memory，完成
2026-07-14 09:23:35 - ERROR - utils.multi_thread_parser - multi_thread_parser.py:133 - 解析线程数据，规则：Overall，线程：4，日期：20260511，模式：memory，完成
2026-07-14 09:23:35 - ERROR - utils.multi_thread_parser - multi_thread_parser.py:133 - 解析线程数据，规则：read_design，线程：2，日期：20260511，模式：runtime，完成
2026-07-14 09:23:35 - ERROR - utils.multi_thread_parser - multi_thread_parser.py:133 - 解析线程数据，规则：read_design，线程：4，日期：20260511，模式：runtime，完成
2026-07-14 09:23:35 - ERROR - utils.multi_thread_parser - multi_thread_parser.py:133 - 解析线程数据，规则：read_design，线程：2，日期：20260511，模式：memory，完成
2026-07-14 09:23:35 - ERROR - utils.multi_thread_parser - multi_thread_parser.py:133 - 解析线程数据，规则：read_design，线程：4，日期：20260511，模式：memory，完成
2026-07-14 09:23:35 - ERROR - utils.multi_thread_parser - multi_thread_parser.py:133 - 解析线程数据，规则：save_session，线程：2，日期：20260511，模式：runtime，完成
2026-07-14 09:23:35 - ERROR - utils.multi_thread_parser - multi_thread_parser.py:133 - 解析线程数据，规则：save_session，线程：2，日期：20260511，模式：memory，完成
2026-07-14 09:23:35 - ERROR - utils.multi_thread_parser - multi_thread_parser.py:133 - 解析线程数据，规则：E0001，线程：2，日期：20260513，模式：runtime，完成
2026-07-14 09:23:35 - ERROR - utils.multi_thread_parser - multi_thread_parser.py:133 - 解析线程数据，规则：E0001，线程：4，日期：20260513，模式：runtime，完成
2026-07-14 09:23:35 - ERROR - utils.multi_thread_parser - multi_thread_parser.py:133 - 解析线程数据，规则：E0001，线程：2，日期：20260513，模式：memory，完成
2026-07-14 09:23:35 - ERROR - utils.multi_thread_parser - multi_thread_parser.py:133 - 解析线程数据，规则：E0001，线程：4，日期：20260513，模式：memory，完成
2026-07-14 09:23:35 - ERROR - utils.multi_thread_parser - multi_thread_parser.py:133 - 解析线程数据，规则：E0002，线程：2，日期：20260513，模式：runtime，完成
2026-07-14 09:23:35 - ERROR - utils.multi_thread_parser - multi_thread_parser.py:133 - 解析线程数据，规则：E0002，线程：4，日期：20260513，模式：runtime，完成
2026-07-14 09:23:35 - ERROR - utils.multi_thread_parser - multi_thread_parser.py:133 - 解析线程数据，规则：E0002，线程：2，日期：20260513，模式：memory，完成
2026-07-14 09:23:35 - ERROR - utils.multi_thread_parser - multi_thread_parser.py:133 - 解析线程数据，规则：E0002，线程：4，日期：20260513，模式：memory，完成
2026-07-14 09:23:35 - ERROR - utils.multi_thread_parser - multi_thread_parser.py:133 - 解析线程数据，规则：E0003，线程：2，日期：20260513，模式：runtime，完成
2026-07-14 09:23:35 - ERROR - utils.multi_thread_parser - multi_thread_parser.py:133 - 解析线程数据，规则：E0003，线程：4，日期：20260513，模式：runtime，完成
2026-07-14 09:23:35 - ERROR - utils.multi_thread_parser - multi_thread_parser.py:133 - 解析线程数据，规则：E0003，线程：2，日期：20260513，模式：memory，完成
2026-07-14 09:23:35 - ERROR - utils.multi_thread_parser - multi_thread_parser.py:133 - 解析线程数据，规则：E0003，线程：4，日期：20260513，模式：memory，完成
2026-07-14 09:23:35 - ERROR - utils.multi_thread_parser - multi_thread_parser.py:133 - 解析线程数据，规则：E0004，线程：2，日期：20260513，模式：runtime，完成
2026-07-14 09:23:35 - ERROR - utils.multi_thread_parser - multi_thread_parser.py:133 - 解析线程数据，规则：E0004，线程：4，日期：20260513，模式：runtime，完成
2026-07-14 09:23:35 - ERROR - utils.multi_thread_parser - multi_thread_parser.py:133 - 解析线程数据，规则：E0004，线程：2，日期：20260513，模式：memory，完成
2026-07-14 09:23:35 - ERROR - utils.multi_thread_parser - multi_thread_parser.py:133 - 解析线程数据，规则：E0004，线程：4，日期：20260513，模式：memory，完成
2026-07-14 09:23:35 - ERROR - utils.multi_thread_parser - multi_thread_parser.py:133 - 解析线程数据，规则：check_lint，线程：2，日期：20260513，模式：runtime，完成
2026-07-14 09:23:35 - ERROR - utils.multi_thread_parser - multi_thread_parser.py:133 - 解析线程数据，规则：check_lint，线程：4，日期：20260513，模式：runtime，完成
2026-07-14 09:23:35 - ERROR - utils.multi_thread_parser - multi_thread_parser.py:133 - 解析线程数据，规则：check_lint，线程：2，日期：20260513，模式：memory，完成
2026-07-14 09:23:35 - ERROR - utils.multi_thread_parser - multi_thread_parser.py:133 - 解析线程数据，规则：check_lint，线程：4，日期：20260513，模式：memory，完成
2026-07-14 09:23:35 - ERROR - utils.multi_thread_parser - multi_thread_parser.py:133 - 解析线程数据，规则：Overall，线程：2，日期：20260513，模式：runtime，完成
2026-07-14 09:23:35 - ERROR - utils.multi_thread_parser - multi_thread_parser.py:133 - 解析线程数据，规则：Overall，线程：4，日期：20260513，模式：runtime，完成
2026-07-14 09:23:35 - ERROR - utils.multi_thread_parser - multi_thread_parser.py:133 - 解析线程数据，规则：Overall，线程：2，日期：20260513，模式：memory，完成
2026-07-14 09:23:35 - ERROR - utils.multi_thread_parser - multi_thread_parser.py:133 - 解析线程数据，规则：Overall，线程：4，日期：20260513，模式：memory，完成
2026-07-14 09:23:35 - ERROR - utils.multi_thread_parser - multi_thread_parser.py:133 - 解析线程数据，规则：read_design，线程：2，日期：20260513，模式：runtime，完成
2026-07-14 09:23:35 - ERROR - utils.multi_thread_parser - multi_thread_parser.py:133 - 解析线程数据，规则：read_design，线程：4，日期：20260513，模式：runtime，完成
2026-07-14 09:23:35 - ERROR - utils.multi_thread_parser - multi_thread_parser.py:133 - 解析线程数据，规则：read_design，线程：2，日期：20260513，模式：memory，完成
2026-07-14 09:23:35 - ERROR - utils.multi_thread_parser - multi_thread_parser.py:133 - 解析线程数据，规则：read_design，线程：4，日期：20260513，模式：memory，完成
2026-07-14 09:23:35 - ERROR - utils.multi_thread_parser - multi_thread_parser.py:133 - 解析线程数据，规则：E0001，线程：2，日期：20260515，模式：runtime，完成
2026-07-14 09:23:35 - ERROR - utils.multi_thread_parser - multi_thread_parser.py:133 - 解析线程数据，规则：E0001，线程：4，日期：20260515，模式：runtime，完成
2026-07-14 09:23:35 - ERROR - utils.multi_thread_parser - multi_thread_parser.py:133 - 解析线程数据，规则：E0001，线程：2，日期：20260515，模式：memory，完成
2026-07-14 09:23:35 - ERROR - utils.multi_thread_parser - multi_thread_parser.py:133 - 解析线程数据，规则：E0001，线程：4，日期：20260515，模式：memory，完成
2026-07-14 09:23:35 - ERROR - utils.multi_thread_parser - multi_thread_parser.py:133 - 解析线程数据，规则：E0002，线程：2，日期：20260515，模式：runtime，完成
2026-07-14 09:23:35 - ERROR - utils.multi_thread_parser - multi_thread_parser.py:133 - 解析线程数据，规则：E0002，线程：4，日期：20260515，模式：runtime，完成
2026-07-14 09:23:35 - ERROR - utils.multi_thread_parser - multi_thread_parser.py:133 - 解析线程数据，规则：E0002，线程：2，日期：20260515，模式：memory，完成
2026-07-14 09:23:35 - ERROR - utils.multi_thread_parser - multi_thread_parser.py:133 - 解析线程数据，规则：E0002，线程：4，日期：20260515，模式：memory，完成
2026-07-14 09:23:35 - ERROR - utils.multi_thread_parser - multi_thread_parser.py:133 - 解析线程数据，规则：E0003，线程：2，日期：20260515，模式：runtime，完成
2026-07-14 09:23:35 - ERROR - utils.multi_thread_parser - multi_thread_parser.py:133 - 解析线程数据，规则：E0003，线程：4，日期：20260515，模式：runtime，完成
2026-07-14 09:23:35 - ERROR - utils.multi_thread_parser - multi_thread_parser.py:133 - 解析线程数据，规则：E0003，线程：2，日期：20260515，模式：memory，完成
2026-07-14 09:23:35 - ERROR - utils.multi_thread_parser - multi_thread_parser.py:133 - 解析线程数据，规则：E0003，线程：4，日期：20260515，模式：memory，完成
2026-07-14 09:23:35 - ERROR - utils.multi_thread_parser - multi_thread_parser.py:133 - 解析线程数据，规则：E0004，线程：2，日期：20260515，模式：runtime，完成
2026-07-14 09:23:35 - ERROR - utils.multi_thread_parser - multi_thread_parser.py:133 - 解析线程数据，规则：E0004，线程：4，日期：20260515，模式：runtime，完成
2026-07-14 09:23:35 - ERROR - utils.multi_thread_parser - multi_thread_parser.py:133 - 解析线程数据，规则：E0004，线程：2，日期：20260515，模式：memory，完成
2026-07-14 09:23:35 - ERROR - utils.multi_thread_parser - multi_thread_parser.py:133 - 解析线程数据，规则：E0004，线程：4，日期：20260515，模式：memory，完成
2026-07-14 09:23:35 - ERROR - utils.multi_thread_parser - multi_thread_parser.py:133 - 解析线程数据，规则：check_lint，线程：4，日期：20260515，模式：runtime，完成
2026-07-14 09:23:35 - ERROR - utils.multi_thread_parser - multi_thread_parser.py:133 - 解析线程数据，规则：check_lint，线程：4，日期：20260515，模式：memory，完成
2026-07-14 09:23:35 - ERROR - utils.multi_thread_parser - multi_thread_parser.py:133 - 解析线程数据，规则：Overall，线程：4，日期：20260515，模式：runtime，完成
2026-07-14 09:23:35 - ERROR - utils.multi_thread_parser - multi_thread_parser.py:133 - 解析线程数据，规则：Overall，线程：4，日期：20260515，模式：memory，完成
2026-07-14 09:23:35 - ERROR - utils.multi_thread_parser - multi_thread_parser.py:133 - 解析线程数据，规则：read_design，线程：4，日期：20260515，模式：runtime，完成
2026-07-14 09:23:35 - ERROR - utils.multi_thread_parser - multi_thread_parser.py:133 - 解析线程数据，规则：read_design，线程：4，日期：20260515，模式：memory，完成
2026-07-14 09:23:35 - ERROR - utils.multi_thread_parser - multi_thread_parser.py:133 - 解析线程数据，规则：E0001，线程：2，日期：20260516，模式：runtime，完成
2026-07-14 09:23:35 - ERROR - utils.multi_thread_parser - multi_thread_parser.py:133 - 解析线程数据，规则：E0001，线程：4，日期：20260516，模式：runtime，完成
2026-07-14 09:23:35 - ERROR - utils.multi_thread_parser - multi_thread_parser.py:133 - 解析线程数据，规则：E0001，线程：2，日期：20260516，模式：memory，完成
2026-07-14 09:23:35 - ERROR - utils.multi_thread_parser - multi_thread_parser.py:133 - 解析线程数据，规则：E0001，线程：4，日期：20260516，模式：memory，完成
2026-07-14 09:23:35 - ERROR - utils.multi_thread_parser - multi_thread_parser.py:133 - 解析线程数据，规则：E0002，线程：2，日期：20260516，模式：runtime，完成
2026-07-14 09:23:35 - ERROR - utils.multi_thread_parser - multi_thread_parser.py:133 - 解析线程数据，规则：E0002，线程：4，日期：20260516，模式：runtime，完成
2026-07-14 09:23:35 - ERROR - utils.multi_thread_parser - multi_thread_parser.py:133 - 解析线程数据，规则：E0002，线程：2，日期：20260516，模式：memory，完成
2026-07-14 09:23:35 - ERROR - utils.multi_thread_parser - multi_thread_parser.py:133 - 解析线程数据，规则：E0002，线程：4，日期：20260516，模式：memory，完成
2026-07-14 09:23:35 - ERROR - utils.multi_thread_parser - multi_thread_parser.py:133 - 解析线程数据，规则：E0003，线程：2，日期：20260516，模式：runtime，完成
2026-07-14 09:23:35 - ERROR - utils.multi_thread_parser - multi_thread_parser.py:133 - 解析线程数据，规则：E0003，线程：4，日期：20260516，模式：runtime，完成
2026-07-14 09:23:35 - ERROR - utils.multi_thread_parser - multi_thread_parser.py:133 - 解析线程数据，规则：E0003，线程：2，日期：20260516，模式：memory，完成
2026-07-14 09:23:35 - ERROR - utils.multi_thread_parser - multi_thread_parser.py:133 - 解析线程数据，规则：E0003，线程：4，日期：20260516，模式：memory，完成
2026-07-14 09:23:35 - ERROR - utils.multi_thread_parser - multi_thread_parser.py:133 - 解析线程数据，规则：E0004，线程：2，日期：20260516，模式：runtime，完成
2026-07-14 09:23:35 - ERROR - utils.multi_thread_parser - multi_thread_parser.py:133 - 解析线程数据，规则：E0004，线程：4，日期：20260516，模式：runtime，完成
2026-07-14 09:23:35 - ERROR - utils.multi_thread_parser - multi_thread_parser.py:133 - 解析线程数据，规则：E0004，线程：2，日期：20260516，模式：memory，完成
2026-07-14 09:23:35 - ERROR - utils.multi_thread_parser - multi_thread_parser.py:133 - 解析线程数据，规则：E0004，线程：4，日期：20260516，模式：memory，完成
2026-07-14 09:23:35 - ERROR - utils.multi_thread_parser - multi_thread_parser.py:133 - 解析线程数据，规则：check_lint，线程：4，日期：20260516，模式：runtime，完成
2026-07-14 09:23:35 - ERROR - utils.multi_thread_parser - multi_thread_parser.py:133 - 解析线程数据，规则：check_lint，线程：4，日期：20260516，模式：memory，完成
2026-07-14 09:23:35 - ERROR - utils.multi_thread_parser - multi_thread_parser.py:133 - 解析线程数据，规则：Overall，线程：4，日期：20260516，模式：runtime，完成
2026-07-14 09:23:35 - ERROR - utils.multi_thread_parser - multi_thread_parser.py:133 - 解析线程数据，规则：Overall，线程：4，日期：20260516，模式：memory，完成
2026-07-14 09:23:35 - ERROR - utils.multi_thread_parser - multi_thread_parser.py:133 - 解析线程数据，规则：read_design，线程：4，日期：20260516，模式：runtime，完成
2026-07-14 09:23:35 - ERROR - utils.multi_thread_parser - multi_thread_parser.py:133 - 解析线程数据，规则：read_design，线程：4，日期：20260516，模式：memory，完成
2026-07-14 09:23:35 - ERROR - utils.multi_thread_parser - multi_thread_parser.py:133 - 解析线程数据，规则：E0001，线程：2，日期：20260517，模式：runtime，完成
2026-07-14 09:23:35 - ERROR - utils.multi_thread_parser - multi_thread_parser.py:133 - 解析线程数据，规则：E0001，线程：4，日期：20260517，模式：runtime，完成
2026-07-14 09:23:35 - ERROR - utils.multi_thread_parser - multi_thread_parser.py:133 - 解析线程数据，规则：E0001，线程：2，日期：20260517，模式：memory，完成
2026-07-14 09:23:35 - ERROR - utils.multi_thread_parser - multi_thread_parser.py:133 - 解析线程数据，规则：E0001，线程：4，日期：20260517，模式：memory，完成
2026-07-14 09:23:35 - ERROR - utils.multi_thread_parser - multi_thread_parser.py:133 - 解析线程数据，规则：E0002，线程：2，日期：20260517，模式：runtime，完成
2026-07-14 09:23:35 - ERROR - utils.multi_thread_parser - multi_thread_parser.py:133 - 解析线程数据，规则：E0002，线程：4，日期：20260517，模式：runtime，完成
2026-07-14 09:23:35 - ERROR - utils.multi_thread_parser - multi_thread_parser.py:133 - 解析线程数据，规则：E0002，线程：2，日期：20260517，模式：memory，完成
2026-07-14 09:23:35 - ERROR - utils.multi_thread_parser - multi_thread_parser.py:133 - 解析线程数据，规则：E0002，线程：4，日期：20260517，模式：memory，完成
2026-07-14 09:23:35 - ERROR - utils.multi_thread_parser - multi_thread_parser.py:133 - 解析线程数据，规则：E0003，线程：2，日期：20260517，模式：runtime，完成
2026-07-14 09:23:35 - ERROR - utils.multi_thread_parser - multi_thread_parser.py:133 - 解析线程数据，规则：E0003，线程：4，日期：20260517，模式：runtime，完成
2026-07-14 09:23:35 - ERROR - utils.multi_thread_parser - multi_thread_parser.py:133 - 解析线程数据，规则：E0003，线程：2，日期：20260517，模式：memory，完成
2026-07-14 09:23:35 - ERROR - utils.multi_thread_parser - multi_thread_parser.py:133 - 解析线程数据，规则：E0003，线程：4，日期：20260517，模式：memory，完成
2026-07-14 09:23:35 - ERROR - utils.multi_thread_parser - multi_thread_parser.py:133 - 解析线程数据，规则：E0004，线程：2，日期：20260517，模式：runtime，完成
2026-07-14 09:23:35 - ERROR - utils.multi_thread_parser - multi_thread_parser.py:133 - 解析线程数据，规则：E0004，线程：4，日期：20260517，模式：runtime，完成
2026-07-14 09:23:35 - ERROR - utils.multi_thread_parser - multi_thread_parser.py:133 - 解析线程数据，规则：E0004，线程：2，日期：20260517，模式：memory，完成
2026-07-14 09:23:35 - ERROR - utils.multi_thread_parser - multi_thread_parser.py:133 - 解析线程数据，规则：E0004，线程：4，日期：20260517，模式：memory，完成
2026-07-14 09:23:35 - ERROR - utils.multi_thread_parser - multi_thread_parser.py:133 - 解析线程数据，规则：check_lint，线程：4，日期：20260517，模式：runtime，完成
2026-07-14 09:23:35 - ERROR - utils.multi_thread_parser - multi_thread_parser.py:133 - 解析线程数据，规则：check_lint，线程：4，日期：20260517，模式：memory，完成
2026-07-14 09:23:35 - ERROR - utils.multi_thread_parser - multi_thread_parser.py:133 - 解析线程数据，规则：Overall，线程：4，日期：20260517，模式：runtime，完成
2026-07-14 09:23:35 - ERROR - utils.multi_thread_parser - multi_thread_parser.py:133 - 解析线程数据，规则：Overall，线程：4，日期：20260517，模式：memory，完成
2026-07-14 09:23:35 - ERROR - utils.multi_thread_parser - multi_thread_parser.py:133 - 解析线程数据，规则：read_design，线程：4，日期：20260517，模式：runtime，完成
2026-07-14 09:23:35 - ERROR - utils.multi_thread_parser - multi_thread_parser.py:133 - 解析线程数据，规则：read_design，线程：4，日期：20260517，模式：memory，完成
2026-07-14 09:23:35 - ERROR - utils.multi_thread_parser - multi_thread_parser.py:60 - 解析多线程数据，模式：multi，工具ID：elint，casename：aes，完成
2026-07-14 09:23:59 - ERROR - utils.multi_thread_parser - multi_thread_parser.py:133 - 解析线程数据，规则：E0001，线程：2，日期：20260511，模式：runtime，完成
2026-07-14 09:23:59 - ERROR - utils.multi_thread_parser - multi_thread_parser.py:133 - 解析线程数据，规则：E0001，线程：4，日期：20260511，模式：runtime，完成
2026-07-14 09:23:59 - ERROR - utils.multi_thread_parser - multi_thread_parser.py:133 - 解析线程数据，规则：E0001，线程：2，日期：20260511，模式：memory，完成
2026-07-14 09:23:59 - ERROR - utils.multi_thread_parser - multi_thread_parser.py:133 - 解析线程数据，规则：E0001，线程：4，日期：20260511，模式：memory，完成
2026-07-14 09:23:59 - ERROR - utils.multi_thread_parser - multi_thread_parser.py:133 - 解析线程数据，规则：E0002，线程：2，日期：20260511，模式：runtime，完成
2026-07-14 09:23:59 - ERROR - utils.multi_thread_parser - multi_thread_parser.py:133 - 解析线程数据，规则：E0002，线程：4，日期：20260511，模式：runtime，完成
2026-07-14 09:23:59 - ERROR - utils.multi_thread_parser - multi_thread_parser.py:133 - 解析线程数据，规则：E0002，线程：2，日期：20260511，模式：memory，完成
2026-07-14 09:23:59 - ERROR - utils.multi_thread_parser - multi_thread_parser.py:133 - 解析线程数据，规则：E0002，线程：4，日期：20260511，模式：memory，完成
2026-07-14 09:23:59 - ERROR - utils.multi_thread_parser - multi_thread_parser.py:133 - 解析线程数据，规则：E0003，线程：2，日期：20260511，模式：runtime，完成
2026-07-14 09:23:59 - ERROR - utils.multi_thread_parser - multi_thread_parser.py:133 - 解析线程数据，规则：E0003，线程：4，日期：20260511，模式：runtime，完成
2026-07-14 09:23:59 - ERROR - utils.multi_thread_parser - multi_thread_parser.py:133 - 解析线程数据，规则：E0003，线程：2，日期：20260511，模式：memory，完成
2026-07-14 09:23:59 - ERROR - utils.multi_thread_parser - multi_thread_parser.py:133 - 解析线程数据，规则：E0003，线程：4，日期：20260511，模式：memory，完成
2026-07-14 09:23:59 - ERROR - utils.multi_thread_parser - multi_thread_parser.py:133 - 解析线程数据，规则：E0004，线程：2，日期：20260511，模式：runtime，完成
2026-07-14 09:23:59 - ERROR - utils.multi_thread_parser - multi_thread_parser.py:133 - 解析线程数据，规则：E0004，线程：4，日期：20260511，模式：runtime，完成
2026-07-14 09:23:59 - ERROR - utils.multi_thread_parser - multi_thread_parser.py:133 - 解析线程数据，规则：E0004，线程：2，日期：20260511，模式：memory，完成
2026-07-14 09:23:59 - ERROR - utils.multi_thread_parser - multi_thread_parser.py:133 - 解析线程数据，规则：E0004，线程：4，日期：20260511，模式：memory，完成
2026-07-14 09:23:59 - ERROR - utils.multi_thread_parser - multi_thread_parser.py:133 - 解析线程数据，规则：check_lint，线程：2，日期：20260511，模式：runtime，完成
2026-07-14 09:23:59 - ERROR - utils.multi_thread_parser - multi_thread_parser.py:133 - 解析线程数据，规则：check_lint，线程：4，日期：20260511，模式：runtime，完成
2026-07-14 09:23:59 - ERROR - utils.multi_thread_parser - multi_thread_parser.py:133 - 解析线程数据，规则：check_lint，线程：2，日期：20260511，模式：memory，完成
2026-07-14 09:23:59 - ERROR - utils.multi_thread_parser - multi_thread_parser.py:133 - 解析线程数据，规则：check_lint，线程：4，日期：20260511，模式：memory，完成
2026-07-14 09:23:59 - ERROR - utils.multi_thread_parser - multi_thread_parser.py:133 - 解析线程数据，规则：Overall，线程：2，日期：20260511，模式：runtime，完成
2026-07-14 09:23:59 - ERROR - utils.multi_thread_parser - multi_thread_parser.py:133 - 解析线程数据，规则：Overall，线程：4，日期：20260511，模式：runtime，完成
2026-07-14 09:23:59 - ERROR - utils.multi_thread_parser - multi_thread_parser.py:133 - 解析线程数据，规则：Overall，线程：2，日期：20260511，模式：memory，完成
2026-07-14 09:23:59 - ERROR - utils.multi_thread_parser - multi_thread_parser.py:133 - 解析线程数据，规则：Overall，线程：4，日期：20260511，模式：memory，完成
2026-07-14 09:23:59 - ERROR - utils.multi_thread_parser - multi_thread_parser.py:133 - 解析线程数据，规则：read_design，线程：2，日期：20260511，模式：runtime，完成
2026-07-14 09:23:59 - ERROR - utils.multi_thread_parser - multi_thread_parser.py:133 - 解析线程数据，规则：read_design，线程：4，日期：20260511，模式：runtime，完成
2026-07-14 09:23:59 - ERROR - utils.multi_thread_parser - multi_thread_parser.py:133 - 解析线程数据，规则：read_design，线程：2，日期：20260511，模式：memory，完成
2026-07-14 09:23:59 - ERROR - utils.multi_thread_parser - multi_thread_parser.py:133 - 解析线程数据，规则：read_design，线程：4，日期：20260511，模式：memory，完成
2026-07-14 09:23:59 - ERROR - utils.multi_thread_parser - multi_thread_parser.py:133 - 解析线程数据，规则：save_session，线程：2，日期：20260511，模式：runtime，完成
2026-07-14 09:23:59 - ERROR - utils.multi_thread_parser - multi_thread_parser.py:133 - 解析线程数据，规则：save_session，线程：2，日期：20260511，模式：memory，完成
2026-07-14 09:23:59 - ERROR - utils.multi_thread_parser - multi_thread_parser.py:133 - 解析线程数据，规则：E0001，线程：2，日期：20260513，模式：runtime，完成
2026-07-14 09:23:59 - ERROR - utils.multi_thread_parser - multi_thread_parser.py:133 - 解析线程数据，规则：E0001，线程：4，日期：20260513，模式：runtime，完成
2026-07-14 09:23:59 - ERROR - utils.multi_thread_parser - multi_thread_parser.py:133 - 解析线程数据，规则：E0001，线程：2，日期：20260513，模式：memory，完成
2026-07-14 09:23:59 - ERROR - utils.multi_thread_parser - multi_thread_parser.py:133 - 解析线程数据，规则：E0001，线程：4，日期：20260513，模式：memory，完成
2026-07-14 09:23:59 - ERROR - utils.multi_thread_parser - multi_thread_parser.py:133 - 解析线程数据，规则：E0002，线程：2，日期：20260513，模式：runtime，完成
2026-07-14 09:23:59 - ERROR - utils.multi_thread_parser - multi_thread_parser.py:133 - 解析线程数据，规则：E0002，线程：4，日期：20260513，模式：runtime，完成
2026-07-14 09:23:59 - ERROR - utils.multi_thread_parser - multi_thread_parser.py:133 - 解析线程数据，规则：E0002，线程：2，日期：20260513，模式：memory，完成
2026-07-14 09:23:59 - ERROR - utils.multi_thread_parser - multi_thread_parser.py:133 - 解析线程数据，规则：E0002，线程：4，日期：20260513，模式：memory，完成
2026-07-14 09:23:59 - ERROR - utils.multi_thread_parser - multi_thread_parser.py:133 - 解析线程数据，规则：E0003，线程：2，日期：20260513，模式：runtime，完成
2026-07-14 09:23:59 - ERROR - utils.multi_thread_parser - multi_thread_parser.py:133 - 解析线程数据，规则：E0003，线程：4，日期：20260513，模式：runtime，完成
2026-07-14 09:23:59 - ERROR - utils.multi_thread_parser - multi_thread_parser.py:133 - 解析线程数据，规则：E0003，线程：2，日期：20260513，模式：memory，完成
2026-07-14 09:23:59 - ERROR - utils.multi_thread_parser - multi_thread_parser.py:133 - 解析线程数据，规则：E0003，线程：4，日期：20260513，模式：memory，完成
2026-07-14 09:23:59 - ERROR - utils.multi_thread_parser - multi_thread_parser.py:133 - 解析线程数据，规则：E0004，线程：2，日期：20260513，模式：runtime，完成
2026-07-14 09:23:59 - ERROR - utils.multi_thread_parser - multi_thread_parser.py:133 - 解析线程数据，规则：E0004，线程：4，日期：20260513，模式：runtime，完成
2026-07-14 09:23:59 - ERROR - utils.multi_thread_parser - multi_thread_parser.py:133 - 解析线程数据，规则：E0004，线程：2，日期：20260513，模式：memory，完成
2026-07-14 09:23:59 - ERROR - utils.multi_thread_parser - multi_thread_parser.py:133 - 解析线程数据，规则：E0004，线程：4，日期：20260513，模式：memory，完成
2026-07-14 09:23:59 - ERROR - utils.multi_thread_parser - multi_thread_parser.py:133 - 解析线程数据，规则：check_lint，线程：2，日期：20260513，模式：runtime，完成
2026-07-14 09:23:59 - ERROR - utils.multi_thread_parser - multi_thread_parser.py:133 - 解析线程数据，规则：check_lint，线程：4，日期：20260513，模式：runtime，完成
2026-07-14 09:23:59 - ERROR - utils.multi_thread_parser - multi_thread_parser.py:133 - 解析线程数据，规则：check_lint，线程：2，日期：20260513，模式：memory，完成
2026-07-14 09:23:59 - ERROR - utils.multi_thread_parser - multi_thread_parser.py:133 - 解析线程数据，规则：check_lint，线程：4，日期：20260513，模式：memory，完成
2026-07-14 09:23:59 - ERROR - utils.multi_thread_parser - multi_thread_parser.py:133 - 解析线程数据，规则：Overall，线程：2，日期：20260513，模式：runtime，完成
2026-07-14 09:23:59 - ERROR - utils.multi_thread_parser - multi_thread_parser.py:133 - 解析线程数据，规则：Overall，线程：4，日期：20260513，模式：runtime，完成
2026-07-14 09:23:59 - ERROR - utils.multi_thread_parser - multi_thread_parser.py:133 - 解析线程数据，规则：Overall，线程：2，日期：20260513，模式：memory，完成
2026-07-14 09:23:59 - ERROR - utils.multi_thread_parser - multi_thread_parser.py:133 - 解析线程数据，规则：Overall，线程：4，日期：20260513，模式：memory，完成
2026-07-14 09:23:59 - ERROR - utils.multi_thread_parser - multi_thread_parser.py:133 - 解析线程数据，规则：read_design，线程：2，日期：20260513，模式：runtime，完成
2026-07-14 09:23:59 - ERROR - utils.multi_thread_parser - multi_thread_parser.py:133 - 解析线程数据，规则：read_design，线程：4，日期：20260513，模式：runtime，完成
2026-07-14 09:23:59 - ERROR - utils.multi_thread_parser - multi_thread_parser.py:133 - 解析线程数据，规则：read_design，线程：2，日期：20260513，模式：memory，完成
2026-07-14 09:23:59 - ERROR - utils.multi_thread_parser - multi_thread_parser.py:133 - 解析线程数据，规则：read_design，线程：4，日期：20260513，模式：memory，完成
2026-07-14 09:23:59 - ERROR - utils.multi_thread_parser - multi_thread_parser.py:133 - 解析线程数据，规则：E0001，线程：2，日期：20260515，模式：runtime，完成
2026-07-14 09:23:59 - ERROR - utils.multi_thread_parser - multi_thread_parser.py:133 - 解析线程数据，规则：E0001，线程：4，日期：20260515，模式：runtime，完成
2026-07-14 09:23:59 - ERROR - utils.multi_thread_parser - multi_thread_parser.py:133 - 解析线程数据，规则：E0001，线程：2，日期：20260515，模式：memory，完成
2026-07-14 09:23:59 - ERROR - utils.multi_thread_parser - multi_thread_parser.py:133 - 解析线程数据，规则：E0001，线程：4，日期：20260515，模式：memory，完成
2026-07-14 09:23:59 - ERROR - utils.multi_thread_parser - multi_thread_parser.py:133 - 解析线程数据，规则：E0002，线程：2，日期：20260515，模式：runtime，完成
2026-07-14 09:23:59 - ERROR - utils.multi_thread_parser - multi_thread_parser.py:133 - 解析线程数据，规则：E0002，线程：4，日期：20260515，模式：runtime，完成
2026-07-14 09:23:59 - ERROR - utils.multi_thread_parser - multi_thread_parser.py:133 - 解析线程数据，规则：E0002，线程：2，日期：20260515，模式：memory，完成
2026-07-14 09:23:59 - ERROR - utils.multi_thread_parser - multi_thread_parser.py:133 - 解析线程数据，规则：E0002，线程：4，日期：20260515，模式：memory，完成
2026-07-14 09:23:59 - ERROR - utils.multi_thread_parser - multi_thread_parser.py:133 - 解析线程数据，规则：E0003，线程：2，日期：20260515，模式：runtime，完成
2026-07-14 09:23:59 - ERROR - utils.multi_thread_parser - multi_thread_parser.py:133 - 解析线程数据，规则：E0003，线程：4，日期：20260515，模式：runtime，完成
2026-07-14 09:23:59 - ERROR - utils.multi_thread_parser - multi_thread_parser.py:133 - 解析线程数据，规则：E0003，线程：2，日期：20260515，模式：memory，完成
2026-07-14 09:23:59 - ERROR - utils.multi_thread_parser - multi_thread_parser.py:133 - 解析线程数据，规则：E0003，线程：4，日期：20260515，模式：memory，完成
2026-07-14 09:23:59 - ERROR - utils.multi_thread_parser - multi_thread_parser.py:133 - 解析线程数据，规则：E0004，线程：2，日期：20260515，模式：runtime，完成
2026-07-14 09:23:59 - ERROR - utils.multi_thread_parser - multi_thread_parser.py:133 - 解析线程数据，规则：E0004，线程：4，日期：20260515，模式：runtime，完成
2026-07-14 09:23:59 - ERROR - utils.multi_thread_parser - multi_thread_parser.py:133 - 解析线程数据，规则：E0004，线程：2，日期：20260515，模式：memory，完成
2026-07-14 09:23:59 - ERROR - utils.multi_thread_parser - multi_thread_parser.py:133 - 解析线程数据，规则：E0004，线程：4，日期：20260515，模式：memory，完成
2026-07-14 09:23:59 - ERROR - utils.multi_thread_parser - multi_thread_parser.py:133 - 解析线程数据，规则：check_lint，线程：4，日期：20260515，模式：runtime，完成
2026-07-14 09:23:59 - ERROR - utils.multi_thread_parser - multi_thread_parser.py:133 - 解析线程数据，规则：check_lint，线程：4，日期：20260515，模式：memory，完成
2026-07-14 09:23:59 - ERROR - utils.multi_thread_parser - multi_thread_parser.py:133 - 解析线程数据，规则：Overall，线程：4，日期：20260515，模式：runtime，完成
2026-07-14 09:23:59 - ERROR - utils.multi_thread_parser - multi_thread_parser.py:133 - 解析线程数据，规则：Overall，线程：4，日期：20260515，模式：memory，完成
2026-07-14 09:23:59 - ERROR - utils.multi_thread_parser - multi_thread_parser.py:133 - 解析线程数据，规则：read_design，线程：4，日期：20260515，模式：runtime，完成
2026-07-14 09:23:59 - ERROR - utils.multi_thread_parser - multi_thread_parser.py:133 - 解析线程数据，规则：read_design，线程：4，日期：20260515，模式：memory，完成
2026-07-14 09:23:59 - ERROR - utils.multi_thread_parser - multi_thread_parser.py:133 - 解析线程数据，规则：E0001，线程：2，日期：20260516，模式：runtime，完成
2026-07-14 09:23:59 - ERROR - utils.multi_thread_parser - multi_thread_parser.py:133 - 解析线程数据，规则：E0001，线程：4，日期：20260516，模式：runtime，完成
2026-07-14 09:23:59 - ERROR - utils.multi_thread_parser - multi_thread_parser.py:133 - 解析线程数据，规则：E0001，线程：2，日期：20260516，模式：memory，完成
2026-07-14 09:23:59 - ERROR - utils.multi_thread_parser - multi_thread_parser.py:133 - 解析线程数据，规则：E0001，线程：4，日期：20260516，模式：memory，完成
2026-07-14 09:23:59 - ERROR - utils.multi_thread_parser - multi_thread_parser.py:133 - 解析线程数据，规则：E0002，线程：2，日期：20260516，模式：runtime，完成
2026-07-14 09:23:59 - ERROR - utils.multi_thread_parser - multi_thread_parser.py:133 - 解析线程数据，规则：E0002，线程：4，日期：20260516，模式：runtime，完成
2026-07-14 09:23:59 - ERROR - utils.multi_thread_parser - multi_thread_parser.py:133 - 解析线程数据，规则：E0002，线程：2，日期：20260516，模式：memory，完成
2026-07-14 09:23:59 - ERROR - utils.multi_thread_parser - multi_thread_parser.py:133 - 解析线程数据，规则：E0002，线程：4，日期：20260516，模式：memory，完成
2026-07-14 09:23:59 - ERROR - utils.multi_thread_parser - multi_thread_parser.py:133 - 解析线程数据，规则：E0003，线程：2，日期：20260516，模式：runtime，完成
2026-07-14 09:23:59 - ERROR - utils.multi_thread_parser - multi_thread_parser.py:133 - 解析线程数据，规则：E0003，线程：4，日期：20260516，模式：runtime，完成
2026-07-14 09:23:59 - ERROR - utils.multi_thread_parser - multi_thread_parser.py:133 - 解析线程数据，规则：E0003，线程：2，日期：20260516，模式：memory，完成
2026-07-14 09:23:59 - ERROR - utils.multi_thread_parser - multi_thread_parser.py:133 - 解析线程数据，规则：E0003，线程：4，日期：20260516，模式：memory，完成
2026-07-14 09:23:59 - ERROR - utils.multi_thread_parser - multi_thread_parser.py:133 - 解析线程数据，规则：E0004，线程：2，日期：20260516，模式：runtime，完成
2026-07-14 09:23:59 - ERROR - utils.multi_thread_parser - multi_thread_parser.py:133 - 解析线程数据，规则：E0004，线程：4，日期：20260516，模式：runtime，完成
2026-07-14 09:23:59 - ERROR - utils.multi_thread_parser - multi_thread_parser.py:133 - 解析线程数据，规则：E0004，线程：2，日期：20260516，模式：memory，完成
2026-07-14 09:23:59 - ERROR - utils.multi_thread_parser - multi_thread_parser.py:133 - 解析线程数据，规则：E0004，线程：4，日期：20260516，模式：memory，完成
2026-07-14 09:23:59 - ERROR - utils.multi_thread_parser - multi_thread_parser.py:133 - 解析线程数据，规则：check_lint，线程：4，日期：20260516，模式：runtime，完成
2026-07-14 09:23:59 - ERROR - utils.multi_thread_parser - multi_thread_parser.py:133 - 解析线程数据，规则：check_lint，线程：4，日期：20260516，模式：memory，完成
2026-07-14 09:23:59 - ERROR - utils.multi_thread_parser - multi_thread_parser.py:133 - 解析线程数据，规则：Overall，线程：4，日期：20260516，模式：runtime，完成
2026-07-14 09:23:59 - ERROR - utils.multi_thread_parser - multi_thread_parser.py:133 - 解析线程数据，规则：Overall，线程：4，日期：20260516，模式：memory，完成
2026-07-14 09:23:59 - ERROR - utils.multi_thread_parser - multi_thread_parser.py:133 - 解析线程数据，规则：read_design，线程：4，日期：20260516，模式：runtime，完成
2026-07-14 09:23:59 - ERROR - utils.multi_thread_parser - multi_thread_parser.py:133 - 解析线程数据，规则：read_design，线程：4，日期：20260516，模式：memory，完成
2026-07-14 09:23:59 - ERROR - utils.multi_thread_parser - multi_thread_parser.py:133 - 解析线程数据，规则：E0001，线程：2，日期：20260517，模式：runtime，完成
2026-07-14 09:23:59 - ERROR - utils.multi_thread_parser - multi_thread_parser.py:133 - 解析线程数据，规则：E0001，线程：4，日期：20260517，模式：runtime，完成
2026-07-14 09:23:59 - ERROR - utils.multi_thread_parser - multi_thread_parser.py:133 - 解析线程数据，规则：E0001，线程：2，日期：20260517，模式：memory，完成
2026-07-14 09:23:59 - ERROR - utils.multi_thread_parser - multi_thread_parser.py:133 - 解析线程数据，规则：E0001，线程：4，日期：20260517，模式：memory，完成
2026-07-14 09:23:59 - ERROR - utils.multi_thread_parser - multi_thread_parser.py:133 - 解析线程数据，规则：E0002，线程：2，日期：20260517，模式：runtime，完成
2026-07-14 09:23:59 - ERROR - utils.multi_thread_parser - multi_thread_parser.py:133 - 解析线程数据，规则：E0002，线程：4，日期：20260517，模式：runtime，完成
2026-07-14 09:23:59 - ERROR - utils.multi_thread_parser - multi_thread_parser.py:133 - 解析线程数据，规则：E0002，线程：2，日期：20260517，模式：memory，完成
2026-07-14 09:23:59 - ERROR - utils.multi_thread_parser - multi_thread_parser.py:133 - 解析线程数据，规则：E0002，线程：4，日期：20260517，模式：memory，完成
2026-07-14 09:23:59 - ERROR - utils.multi_thread_parser - multi_thread_parser.py:133 - 解析线程数据，规则：E0003，线程：2，日期：20260517，模式：runtime，完成
2026-07-14 09:23:59 - ERROR - utils.multi_thread_parser - multi_thread_parser.py:133 - 解析线程数据，规则：E0003，线程：4，日期：20260517，模式：runtime，完成
2026-07-14 09:23:59 - ERROR - utils.multi_thread_parser - multi_thread_parser.py:133 - 解析线程数据，规则：E0003，线程：2，日期：20260517，模式：memory，完成
2026-07-14 09:23:59 - ERROR - utils.multi_thread_parser - multi_thread_parser.py:133 - 解析线程数据，规则：E0003，线程：4，日期：20260517，模式：memory，完成
2026-07-14 09:23:59 - ERROR - utils.multi_thread_parser - multi_thread_parser.py:133 - 解析线程数据，规则：E0004，线程：2，日期：20260517，模式：runtime，完成
2026-07-14 09:23:59 - ERROR - utils.multi_thread_parser - multi_thread_parser.py:133 - 解析线程数据，规则：E0004，线程：4，日期：20260517，模式：runtime，完成
2026-07-14 09:23:59 - ERROR - utils.multi_thread_parser - multi_thread_parser.py:133 - 解析线程数据，规则：E0004，线程：2，日期：20260517，模式：memory，完成
2026-07-14 09:23:59 - ERROR - utils.multi_thread_parser - multi_thread_parser.py:133 - 解析线程数据，规则：E0004，线程：4，日期：20260517，模式：memory，完成
2026-07-14 09:23:59 - ERROR - utils.multi_thread_parser - multi_thread_parser.py:133 - 解析线程数据，规则：check_lint，线程：4，日期：20260517，模式：runtime，完成
2026-07-14 09:23:59 - ERROR - utils.multi_thread_parser - multi_thread_parser.py:133 - 解析线程数据，规则：check_lint，线程：4，日期：20260517，模式：memory，完成
2026-07-14 09:23:59 - ERROR - utils.multi_thread_parser - multi_thread_parser.py:133 - 解析线程数据，规则：Overall，线程：4，日期：20260517，模式：runtime，完成
2026-07-14 09:23:59 - ERROR - utils.multi_thread_parser - multi_thread_parser.py:133 - 解析线程数据，规则：Overall，线程：4，日期：20260517，模式：memory，完成
2026-07-14 09:23:59 - ERROR - utils.multi_thread_parser - multi_thread_parser.py:133 - 解析线程数据，规则：read_design，线程：4，日期：20260517，模式：runtime，完成
2026-07-14 09:23:59 - ERROR - utils.multi_thread_parser - multi_thread_parser.py:133 - 解析线程数据，规则：read_design，线程：4，日期：20260517，模式：memory，完成
2026-07-14 09:23:59 - ERROR - utils.multi_thread_parser - multi_thread_parser.py:60 - 解析多线程数据，模式：multi，工具ID：elint，casename：aes，完成
2026-07-14 09:24:44 - ERROR - utils.multi_thread_parser - multi_thread_parser.py:133 - 解析线程数据，规则：E0001，线程：2，日期：20260511，模式：runtime，完成
2026-07-14 09:24:44 - ERROR - utils.multi_thread_parser - multi_thread_parser.py:133 - 解析线程数据，规则：E0001，线程：4，日期：20260511，模式：runtime，完成
2026-07-14 09:24:44 - ERROR - utils.multi_thread_parser - multi_thread_parser.py:133 - 解析线程数据，规则：E0001，线程：2，日期：20260511，模式：memory，完成
2026-07-14 09:24:44 - ERROR - utils.multi_thread_parser - multi_thread_parser.py:133 - 解析线程数据，规则：E0001，线程：4，日期：20260511，模式：memory，完成
2026-07-14 09:24:44 - ERROR - utils.multi_thread_parser - multi_thread_parser.py:133 - 解析线程数据，规则：E0002，线程：2，日期：20260511，模式：runtime，完成
2026-07-14 09:24:44 - ERROR - utils.multi_thread_parser - multi_thread_parser.py:133 - 解析线程数据，规则：E0002，线程：4，日期：20260511，模式：runtime，完成
2026-07-14 09:24:44 - ERROR - utils.multi_thread_parser - multi_thread_parser.py:133 - 解析线程数据，规则：E0002，线程：2，日期：20260511，模式：memory，完成
2026-07-14 09:24:44 - ERROR - utils.multi_thread_parser - multi_thread_parser.py:133 - 解析线程数据，规则：E0002，线程：4，日期：20260511，模式：memory，完成
2026-07-14 09:24:44 - ERROR - utils.multi_thread_parser - multi_thread_parser.py:133 - 解析线程数据，规则：E0003，线程：2，日期：20260511，模式：runtime，完成
2026-07-14 09:24:44 - ERROR - utils.multi_thread_parser - multi_thread_parser.py:133 - 解析线程数据，规则：E0003，线程：4，日期：20260511，模式：runtime，完成
2026-07-14 09:24:44 - ERROR - utils.multi_thread_parser - multi_thread_parser.py:133 - 解析线程数据，规则：E0003，线程：2，日期：20260511，模式：memory，完成
2026-07-14 09:24:44 - ERROR - utils.multi_thread_parser - multi_thread_parser.py:133 - 解析线程数据，规则：E0003，线程：4，日期：20260511，模式：memory，完成
2026-07-14 09:24:44 - ERROR - utils.multi_thread_parser - multi_thread_parser.py:133 - 解析线程数据，规则：E0004，线程：2，日期：20260511，模式：runtime，完成
2026-07-14 09:24:44 - ERROR - utils.multi_thread_parser - multi_thread_parser.py:133 - 解析线程数据，规则：E0004，线程：4，日期：20260511，模式：runtime，完成
2026-07-14 09:24:44 - ERROR - utils.multi_thread_parser - multi_thread_parser.py:133 - 解析线程数据，规则：E0004，线程：2，日期：20260511，模式：memory，完成
2026-07-14 09:24:44 - ERROR - utils.multi_thread_parser - multi_thread_parser.py:133 - 解析线程数据，规则：E0004，线程：4，日期：20260511，模式：memory，完成
2026-07-14 09:24:44 - ERROR - utils.multi_thread_parser - multi_thread_parser.py:133 - 解析线程数据，规则：check_lint，线程：2，日期：20260511，模式：runtime，完成
2026-07-14 09:24:44 - ERROR - utils.multi_thread_parser - multi_thread_parser.py:133 - 解析线程数据，规则：check_lint，线程：4，日期：20260511，模式：runtime，完成
2026-07-14 09:24:44 - ERROR - utils.multi_thread_parser - multi_thread_parser.py:133 - 解析线程数据，规则：check_lint，线程：2，日期：20260511，模式：memory，完成
2026-07-14 09:24:44 - ERROR - utils.multi_thread_parser - multi_thread_parser.py:133 - 解析线程数据，规则：check_lint，线程：4，日期：20260511，模式：memory，完成
2026-07-14 09:24:44 - ERROR - utils.multi_thread_parser - multi_thread_parser.py:133 - 解析线程数据，规则：Overall，线程：2，日期：20260511，模式：runtime，完成
2026-07-14 09:24:44 - ERROR - utils.multi_thread_parser - multi_thread_parser.py:133 - 解析线程数据，规则：Overall，线程：4，日期：20260511，模式：runtime，完成
2026-07-14 09:24:44 - ERROR - utils.multi_thread_parser - multi_thread_parser.py:133 - 解析线程数据，规则：Overall，线程：2，日期：20260511，模式：memory，完成
2026-07-14 09:24:44 - ERROR - utils.multi_thread_parser - multi_thread_parser.py:133 - 解析线程数据，规则：Overall，线程：4，日期：20260511，模式：memory，完成
2026-07-14 09:24:44 - ERROR - utils.multi_thread_parser - multi_thread_parser.py:133 - 解析线程数据，规则：read_design，线程：2，日期：20260511，模式：runtime，完成
2026-07-14 09:24:44 - ERROR - utils.multi_thread_parser - multi_thread_parser.py:133 - 解析线程数据，规则：read_design，线程：4，日期：20260511，模式：runtime，完成
2026-07-14 09:24:44 - ERROR - utils.multi_thread_parser - multi_thread_parser.py:133 - 解析线程数据，规则：read_design，线程：2，日期：20260511，模式：memory，完成
2026-07-14 09:24:44 - ERROR - utils.multi_thread_parser - multi_thread_parser.py:133 - 解析线程数据，规则：read_design，线程：4，日期：20260511，模式：memory，完成
2026-07-14 09:24:44 - ERROR - utils.multi_thread_parser - multi_thread_parser.py:133 - 解析线程数据，规则：save_session，线程：2，日期：20260511，模式：runtime，完成
2026-07-14 09:24:44 - ERROR - utils.multi_thread_parser - multi_thread_parser.py:133 - 解析线程数据，规则：save_session，线程：2，日期：20260511，模式：memory，完成
2026-07-14 09:24:44 - ERROR - utils.multi_thread_parser - multi_thread_parser.py:133 - 解析线程数据，规则：E0001，线程：2，日期：20260513，模式：runtime，完成
2026-07-14 09:24:44 - ERROR - utils.multi_thread_parser - multi_thread_parser.py:133 - 解析线程数据，规则：E0001，线程：4，日期：20260513，模式：runtime，完成
2026-07-14 09:24:44 - ERROR - utils.multi_thread_parser - multi_thread_parser.py:133 - 解析线程数据，规则：E0001，线程：2，日期：20260513，模式：memory，完成
2026-07-14 09:24:44 - ERROR - utils.multi_thread_parser - multi_thread_parser.py:133 - 解析线程数据，规则：E0001，线程：4，日期：20260513，模式：memory，完成
2026-07-14 09:24:44 - ERROR - utils.multi_thread_parser - multi_thread_parser.py:133 - 解析线程数据，规则：E0002，线程：2，日期：20260513，模式：runtime，完成
2026-07-14 09:24:44 - ERROR - utils.multi_thread_parser - multi_thread_parser.py:133 - 解析线程数据，规则：E0002，线程：4，日期：20260513，模式：runtime，完成
2026-07-14 09:24:44 - ERROR - utils.multi_thread_parser - multi_thread_parser.py:133 - 解析线程数据，规则：E0002，线程：2，日期：20260513，模式：memory，完成
2026-07-14 09:24:44 - ERROR - utils.multi_thread_parser - multi_thread_parser.py:133 - 解析线程数据，规则：E0002，线程：4，日期：20260513，模式：memory，完成
2026-07-14 09:24:44 - ERROR - utils.multi_thread_parser - multi_thread_parser.py:133 - 解析线程数据，规则：E0003，线程：2，日期：20260513，模式：runtime，完成
2026-07-14 09:24:44 - ERROR - utils.multi_thread_parser - multi_thread_parser.py:133 - 解析线程数据，规则：E0003，线程：4，日期：20260513，模式：runtime，完成
2026-07-14 09:24:44 - ERROR - utils.multi_thread_parser - multi_thread_parser.py:133 - 解析线程数据，规则：E0003，线程：2，日期：20260513，模式：memory，完成
2026-07-14 09:24:44 - ERROR - utils.multi_thread_parser - multi_thread_parser.py:133 - 解析线程数据，规则：E0003，线程：4，日期：20260513，模式：memory，完成
2026-07-14 09:24:44 - ERROR - utils.multi_thread_parser - multi_thread_parser.py:133 - 解析线程数据，规则：E0004，线程：2，日期：20260513，模式：runtime，完成
2026-07-14 09:24:44 - ERROR - utils.multi_thread_parser - multi_thread_parser.py:133 - 解析线程数据，规则：E0004，线程：4，日期：20260513，模式：runtime，完成
2026-07-14 09:24:44 - ERROR - utils.multi_thread_parser - multi_thread_parser.py:133 - 解析线程数据，规则：E0004，线程：2，日期：20260513，模式：memory，完成
2026-07-14 09:24:44 - ERROR - utils.multi_thread_parser - multi_thread_parser.py:133 - 解析线程数据，规则：E0004，线程：4，日期：20260513，模式：memory，完成
2026-07-14 09:24:44 - ERROR - utils.multi_thread_parser - multi_thread_parser.py:133 - 解析线程数据，规则：check_lint，线程：2，日期：20260513，模式：runtime，完成
2026-07-14 09:24:44 - ERROR - utils.multi_thread_parser - multi_thread_parser.py:133 - 解析线程数据，规则：check_lint，线程：4，日期：20260513，模式：runtime，完成
2026-07-14 09:24:44 - ERROR - utils.multi_thread_parser - multi_thread_parser.py:133 - 解析线程数据，规则：check_lint，线程：2，日期：20260513，模式：memory，完成
2026-07-14 09:24:44 - ERROR - utils.multi_thread_parser - multi_thread_parser.py:133 - 解析线程数据，规则：check_lint，线程：4，日期：20260513，模式：memory，完成
2026-07-14 09:24:44 - ERROR - utils.multi_thread_parser - multi_thread_parser.py:133 - 解析线程数据，规则：Overall，线程：2，日期：20260513，模式：runtime，完成
2026-07-14 09:24:44 - ERROR - utils.multi_thread_parser - multi_thread_parser.py:133 - 解析线程数据，规则：Overall，线程：4，日期：20260513，模式：runtime，完成
2026-07-14 09:24:44 - ERROR - utils.multi_thread_parser - multi_thread_parser.py:133 - 解析线程数据，规则：Overall，线程：2，日期：20260513，模式：memory，完成
2026-07-14 09:24:44 - ERROR - utils.multi_thread_parser - multi_thread_parser.py:133 - 解析线程数据，规则：Overall，线程：4，日期：20260513，模式：memory，完成
2026-07-14 09:24:44 - ERROR - utils.multi_thread_parser - multi_thread_parser.py:133 - 解析线程数据，规则：read_design，线程：2，日期：20260513，模式：runtime，完成
2026-07-14 09:24:44 - ERROR - utils.multi_thread_parser - multi_thread_parser.py:133 - 解析线程数据，规则：read_design，线程：4，日期：20260513，模式：runtime，完成
2026-07-14 09:24:44 - ERROR - utils.multi_thread_parser - multi_thread_parser.py:133 - 解析线程数据，规则：read_design，线程：2，日期：20260513，模式：memory，完成
2026-07-14 09:24:44 - ERROR - utils.multi_thread_parser - multi_thread_parser.py:133 - 解析线程数据，规则：read_design，线程：4，日期：20260513，模式：memory，完成
2026-07-14 09:24:44 - ERROR - utils.multi_thread_parser - multi_thread_parser.py:133 - 解析线程数据，规则：E0001，线程：2，日期：20260515，模式：runtime，完成
2026-07-14 09:24:44 - ERROR - utils.multi_thread_parser - multi_thread_parser.py:133 - 解析线程数据，规则：E0001，线程：4，日期：20260515，模式：runtime，完成
2026-07-14 09:24:44 - ERROR - utils.multi_thread_parser - multi_thread_parser.py:133 - 解析线程数据，规则：E0001，线程：2，日期：20260515，模式：memory，完成
2026-07-14 09:24:44 - ERROR - utils.multi_thread_parser - multi_thread_parser.py:133 - 解析线程数据，规则：E0001，线程：4，日期：20260515，模式：memory，完成
2026-07-14 09:24:44 - ERROR - utils.multi_thread_parser - multi_thread_parser.py:133 - 解析线程数据，规则：E0002，线程：2，日期：20260515，模式：runtime，完成
2026-07-14 09:24:44 - ERROR - utils.multi_thread_parser - multi_thread_parser.py:133 - 解析线程数据，规则：E0002，线程：4，日期：20260515，模式：runtime，完成
2026-07-14 09:24:44 - ERROR - utils.multi_thread_parser - multi_thread_parser.py:133 - 解析线程数据，规则：E0002，线程：2，日期：20260515，模式：memory，完成
2026-07-14 09:24:44 - ERROR - utils.multi_thread_parser - multi_thread_parser.py:133 - 解析线程数据，规则：E0002，线程：4，日期：20260515，模式：memory，完成
2026-07-14 09:24:44 - ERROR - utils.multi_thread_parser - multi_thread_parser.py:133 - 解析线程数据，规则：E0003，线程：2，日期：20260515，模式：runtime，完成
2026-07-14 09:24:44 - ERROR - utils.multi_thread_parser - multi_thread_parser.py:133 - 解析线程数据，规则：E0003，线程：4，日期：20260515，模式：runtime，完成
2026-07-14 09:24:44 - ERROR - utils.multi_thread_parser - multi_thread_parser.py:133 - 解析线程数据，规则：E0003，线程：2，日期：20260515，模式：memory，完成
2026-07-14 09:24:44 - ERROR - utils.multi_thread_parser - multi_thread_parser.py:133 - 解析线程数据，规则：E0003，线程：4，日期：20260515，模式：memory，完成
2026-07-14 09:24:44 - ERROR - utils.multi_thread_parser - multi_thread_parser.py:133 - 解析线程数据，规则：E0004，线程：2，日期：20260515，模式：runtime，完成
2026-07-14 09:24:44 - ERROR - utils.multi_thread_parser - multi_thread_parser.py:133 - 解析线程数据，规则：E0004，线程：4，日期：20260515，模式：runtime，完成
2026-07-14 09:24:44 - ERROR - utils.multi_thread_parser - multi_thread_parser.py:133 - 解析线程数据，规则：E0004，线程：2，日期：20260515，模式：memory，完成
2026-07-14 09:24:44 - ERROR - utils.multi_thread_parser - multi_thread_parser.py:133 - 解析线程数据，规则：E0004，线程：4，日期：20260515，模式：memory，完成
2026-07-14 09:24:44 - ERROR - utils.multi_thread_parser - multi_thread_parser.py:133 - 解析线程数据，规则：check_lint，线程：4，日期：20260515，模式：runtime，完成
2026-07-14 09:24:44 - ERROR - utils.multi_thread_parser - multi_thread_parser.py:133 - 解析线程数据，规则：check_lint，线程：4，日期：20260515，模式：memory，完成
2026-07-14 09:24:44 - ERROR - utils.multi_thread_parser - multi_thread_parser.py:133 - 解析线程数据，规则：Overall，线程：4，日期：20260515，模式：runtime，完成
2026-07-14 09:24:44 - ERROR - utils.multi_thread_parser - multi_thread_parser.py:133 - 解析线程数据，规则：Overall，线程：4，日期：20260515，模式：memory，完成
2026-07-14 09:24:44 - ERROR - utils.multi_thread_parser - multi_thread_parser.py:133 - 解析线程数据，规则：read_design，线程：4，日期：20260515，模式：runtime，完成
2026-07-14 09:24:44 - ERROR - utils.multi_thread_parser - multi_thread_parser.py:133 - 解析线程数据，规则：read_design，线程：4，日期：20260515，模式：memory，完成
2026-07-14 09:24:44 - ERROR - utils.multi_thread_parser - multi_thread_parser.py:133 - 解析线程数据，规则：E0001，线程：2，日期：20260516，模式：runtime，完成
2026-07-14 09:24:44 - ERROR - utils.multi_thread_parser - multi_thread_parser.py:133 - 解析线程数据，规则：E0001，线程：4，日期：20260516，模式：runtime，完成
2026-07-14 09:24:44 - ERROR - utils.multi_thread_parser - multi_thread_parser.py:133 - 解析线程数据，规则：E0001，线程：2，日期：20260516，模式：memory，完成
2026-07-14 09:24:44 - ERROR - utils.multi_thread_parser - multi_thread_parser.py:133 - 解析线程数据，规则：E0001，线程：4，日期：20260516，模式：memory，完成
2026-07-14 09:24:44 - ERROR - utils.multi_thread_parser - multi_thread_parser.py:133 - 解析线程数据，规则：E0002，线程：2，日期：20260516，模式：runtime，完成
2026-07-14 09:24:44 - ERROR - utils.multi_thread_parser - multi_thread_parser.py:133 - 解析线程数据，规则：E0002，线程：4，日期：20260516，模式：runtime，完成
2026-07-14 09:24:44 - ERROR - utils.multi_thread_parser - multi_thread_parser.py:133 - 解析线程数据，规则：E0002，线程：2，日期：20260516，模式：memory，完成
2026-07-14 09:24:44 - ERROR - utils.multi_thread_parser - multi_thread_parser.py:133 - 解析线程数据，规则：E0002，线程：4，日期：20260516，模式：memory，完成
2026-07-14 09:24:44 - ERROR - utils.multi_thread_parser - multi_thread_parser.py:133 - 解析线程数据，规则：E0003，线程：2，日期：20260516，模式：runtime，完成
2026-07-14 09:24:44 - ERROR - utils.multi_thread_parser - multi_thread_parser.py:133 - 解析线程数据，规则：E0003，线程：4，日期：20260516，模式：runtime，完成
2026-07-14 09:24:44 - ERROR - utils.multi_thread_parser - multi_thread_parser.py:133 - 解析线程数据，规则：E0003，线程：2，日期：20260516，模式：memory，完成
2026-07-14 09:24:44 - ERROR - utils.multi_thread_parser - multi_thread_parser.py:133 - 解析线程数据，规则：E0003，线程：4，日期：20260516，模式：memory，完成
2026-07-14 09:24:44 - ERROR - utils.multi_thread_parser - multi_thread_parser.py:133 - 解析线程数据，规则：E0004，线程：2，日期：20260516，模式：runtime，完成
2026-07-14 09:24:44 - ERROR - utils.multi_thread_parser - multi_thread_parser.py:133 - 解析线程数据，规则：E0004，线程：4，日期：20260516，模式：runtime，完成
2026-07-14 09:24:44 - ERROR - utils.multi_thread_parser - multi_thread_parser.py:133 - 解析线程数据，规则：E0004，线程：2，日期：20260516，模式：memory，完成
2026-07-14 09:24:44 - ERROR - utils.multi_thread_parser - multi_thread_parser.py:133 - 解析线程数据，规则：E0004，线程：4，日期：20260516，模式：memory，完成
2026-07-14 09:24:44 - ERROR - utils.multi_thread_parser - multi_thread_parser.py:133 - 解析线程数据，规则：check_lint，线程：4，日期：20260516，模式：runtime，完成
2026-07-14 09:24:44 - ERROR - utils.multi_thread_parser - multi_thread_parser.py:133 - 解析线程数据，规则：check_lint，线程：4，日期：20260516，模式：memory，完成
2026-07-14 09:24:44 - ERROR - utils.multi_thread_parser - multi_thread_parser.py:133 - 解析线程数据，规则：Overall，线程：4，日期：20260516，模式：runtime，完成
2026-07-14 09:24:44 - ERROR - utils.multi_thread_parser - multi_thread_parser.py:133 - 解析线程数据，规则：Overall，线程：4，日期：20260516，模式：memory，完成
2026-07-14 09:24:44 - ERROR - utils.multi_thread_parser - multi_thread_parser.py:133 - 解析线程数据，规则：read_design，线程：4，日期：20260516，模式：runtime，完成
2026-07-14 09:24:44 - ERROR - utils.multi_thread_parser - multi_thread_parser.py:133 - 解析线程数据，规则：read_design，线程：4，日期：20260516，模式：memory，完成
2026-07-14 09:24:44 - ERROR - utils.multi_thread_parser - multi_thread_parser.py:133 - 解析线程数据，规则：E0001，线程：2，日期：20260517，模式：runtime，完成
2026-07-14 09:24:44 - ERROR - utils.multi_thread_parser - multi_thread_parser.py:133 - 解析线程数据，规则：E0001，线程：4，日期：20260517，模式：runtime，完成
2026-07-14 09:24:44 - ERROR - utils.multi_thread_parser - multi_thread_parser.py:133 - 解析线程数据，规则：E0001，线程：2，日期：20260517，模式：memory，完成
2026-07-14 09:24:44 - ERROR - utils.multi_thread_parser - multi_thread_parser.py:133 - 解析线程数据，规则：E0001，线程：4，日期：20260517，模式：memory，完成
2026-07-14 09:24:44 - ERROR - utils.multi_thread_parser - multi_thread_parser.py:133 - 解析线程数据，规则：E0002，线程：2，日期：20260517，模式：runtime，完成
2026-07-14 09:24:44 - ERROR - utils.multi_thread_parser - multi_thread_parser.py:133 - 解析线程数据，规则：E0002，线程：4，日期：20260517，模式：runtime，完成
2026-07-14 09:24:44 - ERROR - utils.multi_thread_parser - multi_thread_parser.py:133 - 解析线程数据，规则：E0002，线程：2，日期：20260517，模式：memory，完成
2026-07-14 09:24:44 - ERROR - utils.multi_thread_parser - multi_thread_parser.py:133 - 解析线程数据，规则：E0002，线程：4，日期：20260517，模式：memory，完成
2026-07-14 09:24:44 - ERROR - utils.multi_thread_parser - multi_thread_parser.py:133 - 解析线程数据，规则：E0003，线程：2，日期：20260517，模式：runtime，完成
2026-07-14 09:24:44 - ERROR - utils.multi_thread_parser - multi_thread_parser.py:133 - 解析线程数据，规则：E0003，线程：4，日期：20260517，模式：runtime，完成
2026-07-14 09:24:44 - ERROR - utils.multi_thread_parser - multi_thread_parser.py:133 - 解析线程数据，规则：E0003，线程：2，日期：20260517，模式：memory，完成
2026-07-14 09:24:44 - ERROR - utils.multi_thread_parser - multi_thread_parser.py:133 - 解析线程数据，规则：E0003，线程：4，日期：20260517，模式：memory，完成
2026-07-14 09:24:44 - ERROR - utils.multi_thread_parser - multi_thread_parser.py:133 - 解析线程数据，规则：E0004，线程：2，日期：20260517，模式：runtime，完成
2026-07-14 09:24:44 - ERROR - utils.multi_thread_parser - multi_thread_parser.py:133 - 解析线程数据，规则：E0004，线程：4，日期：20260517，模式：runtime，完成
2026-07-14 09:24:44 - ERROR - utils.multi_thread_parser - multi_thread_parser.py:133 - 解析线程数据，规则：E0004，线程：2，日期：20260517，模式：memory，完成
2026-07-14 09:24:44 - ERROR - utils.multi_thread_parser - multi_thread_parser.py:133 - 解析线程数据，规则：E0004，线程：4，日期：20260517，模式：memory，完成
2026-07-14 09:24:44 - ERROR - utils.multi_thread_parser - multi_thread_parser.py:133 - 解析线程数据，规则：check_lint，线程：4，日期：20260517，模式：runtime，完成
2026-07-14 09:24:44 - ERROR - utils.multi_thread_parser - multi_thread_parser.py:133 - 解析线程数据，规则：check_lint，线程：4，日期：20260517，模式：memory，完成
2026-07-14 09:24:44 - ERROR - utils.multi_thread_parser - multi_thread_parser.py:133 - 解析线程数据，规则：Overall，线程：4，日期：20260517，模式：runtime，完成
2026-07-14 09:24:44 - ERROR - utils.multi_thread_parser - multi_thread_parser.py:133 - 解析线程数据，规则：Overall，线程：4，日期：20260517，模式：memory，完成
2026-07-14 09:24:44 - ERROR - utils.multi_thread_parser - multi_thread_parser.py:133 - 解析线程数据，规则：read_design，线程：4，日期：20260517，模式：runtime，完成
2026-07-14 09:24:44 - ERROR - utils.multi_thread_parser - multi_thread_parser.py:133 - 解析线程数据，规则：read_design，线程：4，日期：20260517，模式：memory，完成
2026-07-14 09:24:44 - ERROR - utils.multi_thread_parser - multi_thread_parser.py:60 - 解析多线程数据，模式：multi，工具ID：elint，casename：aes，完成
2026-07-14 09:25:24 - ERROR - utils.multi_thread_parser - multi_thread_parser.py:133 - 解析线程数据，规则：E0001，线程：2，日期：20260511，模式：runtime，完成
2026-07-14 09:25:24 - ERROR - utils.multi_thread_parser - multi_thread_parser.py:133 - 解析线程数据，规则：E0001，线程：4，日期：20260511，模式：runtime，完成
2026-07-14 09:25:24 - ERROR - utils.multi_thread_parser - multi_thread_parser.py:133 - 解析线程数据，规则：E0001，线程：2，日期：20260511，模式：memory，完成
2026-07-14 09:25:24 - ERROR - utils.multi_thread_parser - multi_thread_parser.py:133 - 解析线程数据，规则：E0001，线程：4，日期：20260511，模式：memory，完成
2026-07-14 09:25:24 - ERROR - utils.multi_thread_parser - multi_thread_parser.py:133 - 解析线程数据，规则：E0002，线程：2，日期：20260511，模式：runtime，完成
2026-07-14 09:25:24 - ERROR - utils.multi_thread_parser - multi_thread_parser.py:133 - 解析线程数据，规则：E0002，线程：4，日期：20260511，模式：runtime，完成
2026-07-14 09:25:24 - ERROR - utils.multi_thread_parser - multi_thread_parser.py:133 - 解析线程数据，规则：E0002，线程：2，日期：20260511，模式：memory，完成
2026-07-14 09:25:24 - ERROR - utils.multi_thread_parser - multi_thread_parser.py:133 - 解析线程数据，规则：E0002，线程：4，日期：20260511，模式：memory，完成
2026-07-14 09:25:24 - ERROR - utils.multi_thread_parser - multi_thread_parser.py:133 - 解析线程数据，规则：E0003，线程：2，日期：20260511，模式：runtime，完成
2026-07-14 09:25:24 - ERROR - utils.multi_thread_parser - multi_thread_parser.py:133 - 解析线程数据，规则：E0003，线程：4，日期：20260511，模式：runtime，完成
2026-07-14 09:25:24 - ERROR - utils.multi_thread_parser - multi_thread_parser.py:133 - 解析线程数据，规则：E0003，线程：2，日期：20260511，模式：memory，完成
2026-07-14 09:25:24 - ERROR - utils.multi_thread_parser - multi_thread_parser.py:133 - 解析线程数据，规则：E0003，线程：4，日期：20260511，模式：memory，完成
2026-07-14 09:25:24 - ERROR - utils.multi_thread_parser - multi_thread_parser.py:133 - 解析线程数据，规则：E0004，线程：2，日期：20260511，模式：runtime，完成
2026-07-14 09:25:24 - ERROR - utils.multi_thread_parser - multi_thread_parser.py:133 - 解析线程数据，规则：E0004，线程：4，日期：20260511，模式：runtime，完成
2026-07-14 09:25:24 - ERROR - utils.multi_thread_parser - multi_thread_parser.py:133 - 解析线程数据，规则：E0004，线程：2，日期：20260511，模式：memory，完成
2026-07-14 09:25:24 - ERROR - utils.multi_thread_parser - multi_thread_parser.py:133 - 解析线程数据，规则：E0004，线程：4，日期：20260511，模式：memory，完成
2026-07-14 09:25:24 - ERROR - utils.multi_thread_parser - multi_thread_parser.py:133 - 解析线程数据，规则：check_lint，线程：2，日期：20260511，模式：runtime，完成
2026-07-14 09:25:24 - ERROR - utils.multi_thread_parser - multi_thread_parser.py:133 - 解析线程数据，规则：check_lint，线程：4，日期：20260511，模式：runtime，完成
2026-07-14 09:25:24 - ERROR - utils.multi_thread_parser - multi_thread_parser.py:133 - 解析线程数据，规则：check_lint，线程：2，日期：20260511，模式：memory，完成
2026-07-14 09:25:24 - ERROR - utils.multi_thread_parser - multi_thread_parser.py:133 - 解析线程数据，规则：check_lint，线程：4，日期：20260511，模式：memory，完成
2026-07-14 09:25:24 - ERROR - utils.multi_thread_parser - multi_thread_parser.py:133 - 解析线程数据，规则：Overall，线程：2，日期：20260511，模式：runtime，完成
2026-07-14 09:25:24 - ERROR - utils.multi_thread_parser - multi_thread_parser.py:133 - 解析线程数据，规则：Overall，线程：4，日期：20260511，模式：runtime，完成
2026-07-14 09:25:24 - ERROR - utils.multi_thread_parser - multi_thread_parser.py:133 - 解析线程数据，规则：Overall，线程：2，日期：20260511，模式：memory，完成
2026-07-14 09:25:24 - ERROR - utils.multi_thread_parser - multi_thread_parser.py:133 - 解析线程数据，规则：Overall，线程：4，日期：20260511，模式：memory，完成
2026-07-14 09:25:24 - ERROR - utils.multi_thread_parser - multi_thread_parser.py:133 - 解析线程数据，规则：read_design，线程：2，日期：20260511，模式：runtime，完成
2026-07-14 09:25:24 - ERROR - utils.multi_thread_parser - multi_thread_parser.py:133 - 解析线程数据，规则：read_design，线程：4，日期：20260511，模式：runtime，完成
2026-07-14 09:25:24 - ERROR - utils.multi_thread_parser - multi_thread_parser.py:133 - 解析线程数据，规则：read_design，线程：2，日期：20260511，模式：memory，完成
2026-07-14 09:25:24 - ERROR - utils.multi_thread_parser - multi_thread_parser.py:133 - 解析线程数据，规则：read_design，线程：4，日期：20260511，模式：memory，完成
2026-07-14 09:25:24 - ERROR - utils.multi_thread_parser - multi_thread_parser.py:133 - 解析线程数据，规则：save_session，线程：2，日期：20260511，模式：runtime，完成
2026-07-14 09:25:24 - ERROR - utils.multi_thread_parser - multi_thread_parser.py:133 - 解析线程数据，规则：save_session，线程：2，日期：20260511，模式：memory，完成
2026-07-14 09:25:24 - ERROR - utils.multi_thread_parser - multi_thread_parser.py:133 - 解析线程数据，规则：E0001，线程：2，日期：20260513，模式：runtime，完成
2026-07-14 09:25:24 - ERROR - utils.multi_thread_parser - multi_thread_parser.py:133 - 解析线程数据，规则：E0001，线程：4，日期：20260513，模式：runtime，完成
2026-07-14 09:25:24 - ERROR - utils.multi_thread_parser - multi_thread_parser.py:133 - 解析线程数据，规则：E0001，线程：2，日期：20260513，模式：memory，完成
2026-07-14 09:25:24 - ERROR - utils.multi_thread_parser - multi_thread_parser.py:133 - 解析线程数据，规则：E0001，线程：4，日期：20260513，模式：memory，完成
2026-07-14 09:25:24 - ERROR - utils.multi_thread_parser - multi_thread_parser.py:133 - 解析线程数据，规则：E0002，线程：2，日期：20260513，模式：runtime，完成
2026-07-14 09:25:24 - ERROR - utils.multi_thread_parser - multi_thread_parser.py:133 - 解析线程数据，规则：E0002，线程：4，日期：20260513，模式：runtime，完成
2026-07-14 09:25:24 - ERROR - utils.multi_thread_parser - multi_thread_parser.py:133 - 解析线程数据，规则：E0002，线程：2，日期：20260513，模式：memory，完成
2026-07-14 09:25:24 - ERROR - utils.multi_thread_parser - multi_thread_parser.py:133 - 解析线程数据，规则：E0002，线程：4，日期：20260513，模式：memory，完成
2026-07-14 09:25:24 - ERROR - utils.multi_thread_parser - multi_thread_parser.py:133 - 解析线程数据，规则：E0003，线程：2，日期：20260513，模式：runtime，完成
2026-07-14 09:25:24 - ERROR - utils.multi_thread_parser - multi_thread_parser.py:133 - 解析线程数据，规则：E0003，线程：4，日期：20260513，模式：runtime，完成
2026-07-14 09:25:24 - ERROR - utils.multi_thread_parser - multi_thread_parser.py:133 - 解析线程数据，规则：E0003，线程：2，日期：20260513，模式：memory，完成
2026-07-14 09:25:24 - ERROR - utils.multi_thread_parser - multi_thread_parser.py:133 - 解析线程数据，规则：E0003，线程：4，日期：20260513，模式：memory，完成
2026-07-14 09:25:24 - ERROR - utils.multi_thread_parser - multi_thread_parser.py:133 - 解析线程数据，规则：E0004，线程：2，日期：20260513，模式：runtime，完成
2026-07-14 09:25:24 - ERROR - utils.multi_thread_parser - multi_thread_parser.py:133 - 解析线程数据，规则：E0004，线程：4，日期：20260513，模式：runtime，完成
2026-07-14 09:25:24 - ERROR - utils.multi_thread_parser - multi_thread_parser.py:133 - 解析线程数据，规则：E0004，线程：2，日期：20260513，模式：memory，完成
2026-07-14 09:25:24 - ERROR - utils.multi_thread_parser - multi_thread_parser.py:133 - 解析线程数据，规则：E0004，线程：4，日期：20260513，模式：memory，完成
2026-07-14 09:25:24 - ERROR - utils.multi_thread_parser - multi_thread_parser.py:133 - 解析线程数据，规则：check_lint，线程：2，日期：20260513，模式：runtime，完成
2026-07-14 09:25:24 - ERROR - utils.multi_thread_parser - multi_thread_parser.py:133 - 解析线程数据，规则：check_lint，线程：4，日期：20260513，模式：runtime，完成
2026-07-14 09:25:24 - ERROR - utils.multi_thread_parser - multi_thread_parser.py:133 - 解析线程数据，规则：check_lint，线程：2，日期：20260513，模式：memory，完成
2026-07-14 09:25:24 - ERROR - utils.multi_thread_parser - multi_thread_parser.py:133 - 解析线程数据，规则：check_lint，线程：4，日期：20260513，模式：memory，完成
2026-07-14 09:25:24 - ERROR - utils.multi_thread_parser - multi_thread_parser.py:133 - 解析线程数据，规则：Overall，线程：2，日期：20260513，模式：runtime，完成
2026-07-14 09:25:24 - ERROR - utils.multi_thread_parser - multi_thread_parser.py:133 - 解析线程数据，规则：Overall，线程：4，日期：20260513，模式：runtime，完成
2026-07-14 09:25:24 - ERROR - utils.multi_thread_parser - multi_thread_parser.py:133 - 解析线程数据，规则：Overall，线程：2，日期：20260513，模式：memory，完成
2026-07-14 09:25:24 - ERROR - utils.multi_thread_parser - multi_thread_parser.py:133 - 解析线程数据，规则：Overall，线程：4，日期：20260513，模式：memory，完成
2026-07-14 09:25:24 - ERROR - utils.multi_thread_parser - multi_thread_parser.py:133 - 解析线程数据，规则：read_design，线程：2，日期：20260513，模式：runtime，完成
2026-07-14 09:25:24 - ERROR - utils.multi_thread_parser - multi_thread_parser.py:133 - 解析线程数据，规则：read_design，线程：4，日期：20260513，模式：runtime，完成
2026-07-14 09:25:24 - ERROR - utils.multi_thread_parser - multi_thread_parser.py:133 - 解析线程数据，规则：read_design，线程：2，日期：20260513，模式：memory，完成
2026-07-14 09:25:24 - ERROR - utils.multi_thread_parser - multi_thread_parser.py:133 - 解析线程数据，规则：read_design，线程：4，日期：20260513，模式：memory，完成
2026-07-14 09:25:24 - ERROR - utils.multi_thread_parser - multi_thread_parser.py:133 - 解析线程数据，规则：E0001，线程：2，日期：20260515，模式：runtime，完成
2026-07-14 09:25:24 - ERROR - utils.multi_thread_parser - multi_thread_parser.py:133 - 解析线程数据，规则：E0001，线程：4，日期：20260515，模式：runtime，完成
2026-07-14 09:25:24 - ERROR - utils.multi_thread_parser - multi_thread_parser.py:133 - 解析线程数据，规则：E0001，线程：2，日期：20260515，模式：memory，完成
2026-07-14 09:25:24 - ERROR - utils.multi_thread_parser - multi_thread_parser.py:133 - 解析线程数据，规则：E0001，线程：4，日期：20260515，模式：memory，完成
2026-07-14 09:25:24 - ERROR - utils.multi_thread_parser - multi_thread_parser.py:133 - 解析线程数据，规则：E0002，线程：2，日期：20260515，模式：runtime，完成
2026-07-14 09:25:24 - ERROR - utils.multi_thread_parser - multi_thread_parser.py:133 - 解析线程数据，规则：E0002，线程：4，日期：20260515，模式：runtime，完成
2026-07-14 09:25:24 - ERROR - utils.multi_thread_parser - multi_thread_parser.py:133 - 解析线程数据，规则：E0002，线程：2，日期：20260515，模式：memory，完成
2026-07-14 09:25:24 - ERROR - utils.multi_thread_parser - multi_thread_parser.py:133 - 解析线程数据，规则：E0002，线程：4，日期：20260515，模式：memory，完成
2026-07-14 09:25:24 - ERROR - utils.multi_thread_parser - multi_thread_parser.py:133 - 解析线程数据，规则：E0003，线程：2，日期：20260515，模式：runtime，完成
2026-07-14 09:25:24 - ERROR - utils.multi_thread_parser - multi_thread_parser.py:133 - 解析线程数据，规则：E0003，线程：4，日期：20260515，模式：runtime，完成
2026-07-14 09:25:24 - ERROR - utils.multi_thread_parser - multi_thread_parser.py:133 - 解析线程数据，规则：E0003，线程：2，日期：20260515，模式：memory，完成
2026-07-14 09:25:24 - ERROR - utils.multi_thread_parser - multi_thread_parser.py:133 - 解析线程数据，规则：E0003，线程：4，日期：20260515，模式：memory，完成
2026-07-14 09:25:24 - ERROR - utils.multi_thread_parser - multi_thread_parser.py:133 - 解析线程数据，规则：E0004，线程：2，日期：20260515，模式：runtime，完成
2026-07-14 09:25:24 - ERROR - utils.multi_thread_parser - multi_thread_parser.py:133 - 解析线程数据，规则：E0004，线程：4，日期：20260515，模式：runtime，完成
2026-07-14 09:25:24 - ERROR - utils.multi_thread_parser - multi_thread_parser.py:133 - 解析线程数据，规则：E0004，线程：2，日期：20260515，模式：memory，完成
2026-07-14 09:25:24 - ERROR - utils.multi_thread_parser - multi_thread_parser.py:133 - 解析线程数据，规则：E0004，线程：4，日期：20260515，模式：memory，完成
2026-07-14 09:25:24 - ERROR - utils.multi_thread_parser - multi_thread_parser.py:133 - 解析线程数据，规则：check_lint，线程：4，日期：20260515，模式：runtime，完成
2026-07-14 09:25:24 - ERROR - utils.multi_thread_parser - multi_thread_parser.py:133 - 解析线程数据，规则：check_lint，线程：4，日期：20260515，模式：memory，完成
2026-07-14 09:25:24 - ERROR - utils.multi_thread_parser - multi_thread_parser.py:133 - 解析线程数据，规则：Overall，线程：4，日期：20260515，模式：runtime，完成
2026-07-14 09:25:24 - ERROR - utils.multi_thread_parser - multi_thread_parser.py:133 - 解析线程数据，规则：Overall，线程：4，日期：20260515，模式：memory，完成
2026-07-14 09:25:24 - ERROR - utils.multi_thread_parser - multi_thread_parser.py:133 - 解析线程数据，规则：read_design，线程：4，日期：20260515，模式：runtime，完成
2026-07-14 09:25:24 - ERROR - utils.multi_thread_parser - multi_thread_parser.py:133 - 解析线程数据，规则：read_design，线程：4，日期：20260515，模式：memory，完成
2026-07-14 09:25:24 - ERROR - utils.multi_thread_parser - multi_thread_parser.py:133 - 解析线程数据，规则：E0001，线程：2，日期：20260516，模式：runtime，完成
2026-07-14 09:25:24 - ERROR - utils.multi_thread_parser - multi_thread_parser.py:133 - 解析线程数据，规则：E0001，线程：4，日期：20260516，模式：runtime，完成
2026-07-14 09:25:24 - ERROR - utils.multi_thread_parser - multi_thread_parser.py:133 - 解析线程数据，规则：E0001，线程：2，日期：20260516，模式：memory，完成
2026-07-14 09:25:24 - ERROR - utils.multi_thread_parser - multi_thread_parser.py:133 - 解析线程数据，规则：E0001，线程：4，日期：20260516，模式：memory，完成
2026-07-14 09:25:24 - ERROR - utils.multi_thread_parser - multi_thread_parser.py:133 - 解析线程数据，规则：E0002，线程：2，日期：20260516，模式：runtime，完成
2026-07-14 09:25:24 - ERROR - utils.multi_thread_parser - multi_thread_parser.py:133 - 解析线程数据，规则：E0002，线程：4，日期：20260516，模式：runtime，完成
2026-07-14 09:25:24 - ERROR - utils.multi_thread_parser - multi_thread_parser.py:133 - 解析线程数据，规则：E0002，线程：2，日期：20260516，模式：memory，完成
2026-07-14 09:25:24 - ERROR - utils.multi_thread_parser - multi_thread_parser.py:133 - 解析线程数据，规则：E0002，线程：4，日期：20260516，模式：memory，完成
2026-07-14 09:25:24 - ERROR - utils.multi_thread_parser - multi_thread_parser.py:133 - 解析线程数据，规则：E0003，线程：2，日期：20260516，模式：runtime，完成
2026-07-14 09:25:24 - ERROR - utils.multi_thread_parser - multi_thread_parser.py:133 - 解析线程数据，规则：E0003，线程：4，日期：20260516，模式：runtime，完成
2026-07-14 09:25:24 - ERROR - utils.multi_thread_parser - multi_thread_parser.py:133 - 解析线程数据，规则：E0003，线程：2，日期：20260516，模式：memory，完成
2026-07-14 09:25:24 - ERROR - utils.multi_thread_parser - multi_thread_parser.py:133 - 解析线程数据，规则：E0003，线程：4，日期：20260516，模式：memory，完成
2026-07-14 09:25:24 - ERROR - utils.multi_thread_parser - multi_thread_parser.py:133 - 解析线程数据，规则：E0004，线程：2，日期：20260516，模式：runtime，完成
2026-07-14 09:25:24 - ERROR - utils.multi_thread_parser - multi_thread_parser.py:133 - 解析线程数据，规则：E0004，线程：4，日期：20260516，模式：runtime，完成
2026-07-14 09:25:24 - ERROR - utils.multi_thread_parser - multi_thread_parser.py:133 - 解析线程数据，规则：E0004，线程：2，日期：20260516，模式：memory，完成
2026-07-14 09:25:24 - ERROR - utils.multi_thread_parser - multi_thread_parser.py:133 - 解析线程数据，规则：E0004，线程：4，日期：20260516，模式：memory，完成
2026-07-14 09:25:24 - ERROR - utils.multi_thread_parser - multi_thread_parser.py:133 - 解析线程数据，规则：check_lint，线程：4，日期：20260516，模式：runtime，完成
2026-07-14 09:25:24 - ERROR - utils.multi_thread_parser - multi_thread_parser.py:133 - 解析线程数据，规则：check_lint，线程：4，日期：20260516，模式：memory，完成
2026-07-14 09:25:24 - ERROR - utils.multi_thread_parser - multi_thread_parser.py:133 - 解析线程数据，规则：Overall，线程：4，日期：20260516，模式：runtime，完成
2026-07-14 09:25:24 - ERROR - utils.multi_thread_parser - multi_thread_parser.py:133 - 解析线程数据，规则：Overall，线程：4，日期：20260516，模式：memory，完成
2026-07-14 09:25:24 - ERROR - utils.multi_thread_parser - multi_thread_parser.py:133 - 解析线程数据，规则：read_design，线程：4，日期：20260516，模式：runtime，完成
2026-07-14 09:25:24 - ERROR - utils.multi_thread_parser - multi_thread_parser.py:133 - 解析线程数据，规则：read_design，线程：4，日期：20260516，模式：memory，完成
2026-07-14 09:25:24 - ERROR - utils.multi_thread_parser - multi_thread_parser.py:133 - 解析线程数据，规则：E0001，线程：2，日期：20260517，模式：runtime，完成
2026-07-14 09:25:24 - ERROR - utils.multi_thread_parser - multi_thread_parser.py:133 - 解析线程数据，规则：E0001，线程：4，日期：20260517，模式：runtime，完成
2026-07-14 09:25:24 - ERROR - utils.multi_thread_parser - multi_thread_parser.py:133 - 解析线程数据，规则：E0001，线程：2，日期：20260517，模式：memory，完成
2026-07-14 09:25:24 - ERROR - utils.multi_thread_parser - multi_thread_parser.py:133 - 解析线程数据，规则：E0001，线程：4，日期：20260517，模式：memory，完成
2026-07-14 09:25:24 - ERROR - utils.multi_thread_parser - multi_thread_parser.py:133 - 解析线程数据，规则：E0002，线程：2，日期：20260517，模式：runtime，完成
2026-07-14 09:25:24 - ERROR - utils.multi_thread_parser - multi_thread_parser.py:133 - 解析线程数据，规则：E0002，线程：4，日期：20260517，模式：runtime，完成
2026-07-14 09:25:24 - ERROR - utils.multi_thread_parser - multi_thread_parser.py:133 - 解析线程数据，规则：E0002，线程：2，日期：20260517，模式：memory，完成
2026-07-14 09:25:24 - ERROR - utils.multi_thread_parser - multi_thread_parser.py:133 - 解析线程数据，规则：E0002，线程：4，日期：20260517，模式：memory，完成
2026-07-14 09:25:24 - ERROR - utils.multi_thread_parser - multi_thread_parser.py:133 - 解析线程数据，规则：E0003，线程：2，日期：20260517，模式：runtime，完成
2026-07-14 09:25:24 - ERROR - utils.multi_thread_parser - multi_thread_parser.py:133 - 解析线程数据，规则：E0003，线程：4，日期：20260517，模式：runtime，完成
2026-07-14 09:25:24 - ERROR - utils.multi_thread_parser - multi_thread_parser.py:133 - 解析线程数据，规则：E0003，线程：2，日期：20260517，模式：memory，完成
2026-07-14 09:25:24 - ERROR - utils.multi_thread_parser - multi_thread_parser.py:133 - 解析线程数据，规则：E0003，线程：4，日期：20260517，模式：memory，完成
2026-07-14 09:25:24 - ERROR - utils.multi_thread_parser - multi_thread_parser.py:133 - 解析线程数据，规则：E0004，线程：2，日期：20260517，模式：runtime，完成
2026-07-14 09:25:24 - ERROR - utils.multi_thread_parser - multi_thread_parser.py:133 - 解析线程数据，规则：E0004，线程：4，日期：20260517，模式：runtime，完成
2026-07-14 09:25:24 - ERROR - utils.multi_thread_parser - multi_thread_parser.py:133 - 解析线程数据，规则：E0004，线程：2，日期：20260517，模式：memory，完成
2026-07-14 09:25:24 - ERROR - utils.multi_thread_parser - multi_thread_parser.py:133 - 解析线程数据，规则：E0004，线程：4，日期：20260517，模式：memory，完成
2026-07-14 09:25:24 - ERROR - utils.multi_thread_parser - multi_thread_parser.py:133 - 解析线程数据，规则：check_lint，线程：4，日期：20260517，模式：runtime，完成
2026-07-14 09:25:24 - ERROR - utils.multi_thread_parser - multi_thread_parser.py:133 - 解析线程数据，规则：check_lint，线程：4，日期：20260517，模式：memory，完成
2026-07-14 09:25:24 - ERROR - utils.multi_thread_parser - multi_thread_parser.py:133 - 解析线程数据，规则：Overall，线程：4，日期：20260517，模式：runtime，完成
2026-07-14 09:25:24 - ERROR - utils.multi_thread_parser - multi_thread_parser.py:133 - 解析线程数据，规则：Overall，线程：4，日期：20260517，模式：memory，完成
2026-07-14 09:25:24 - ERROR - utils.multi_thread_parser - multi_thread_parser.py:133 - 解析线程数据，规则：read_design，线程：4，日期：20260517，模式：runtime，完成
2026-07-14 09:25:24 - ERROR - utils.multi_thread_parser - multi_thread_parser.py:133 - 解析线程数据，规则：read_design，线程：4，日期：20260517，模式：memory，完成
2026-07-14 09:25:25 - ERROR - utils.multi_thread_parser - multi_thread_parser.py:60 - 解析多线程数据，模式：multi，工具ID：elint，casename：aes，完成
2026-07-14 09:25:33 - ERROR - utils.multi_thread_parser - multi_thread_parser.py:133 - 解析线程数据，规则：E0001，线程：2，日期：20260511，模式：runtime，完成
2026-07-14 09:25:33 - ERROR - utils.multi_thread_parser - multi_thread_parser.py:133 - 解析线程数据，规则：E0001，线程：4，日期：20260511，模式：runtime，完成
2026-07-14 09:25:33 - ERROR - utils.multi_thread_parser - multi_thread_parser.py:133 - 解析线程数据，规则：E0001，线程：2，日期：20260511，模式：memory，完成
2026-07-14 09:25:33 - ERROR - utils.multi_thread_parser - multi_thread_parser.py:133 - 解析线程数据，规则：E0001，线程：4，日期：20260511，模式：memory，完成
2026-07-14 09:25:33 - ERROR - utils.multi_thread_parser - multi_thread_parser.py:133 - 解析线程数据，规则：E0002，线程：2，日期：20260511，模式：runtime，完成
2026-07-14 09:25:33 - ERROR - utils.multi_thread_parser - multi_thread_parser.py:133 - 解析线程数据，规则：E0002，线程：4，日期：20260511，模式：runtime，完成
2026-07-14 09:25:33 - ERROR - utils.multi_thread_parser - multi_thread_parser.py:133 - 解析线程数据，规则：E0002，线程：2，日期：20260511，模式：memory，完成
2026-07-14 09:25:33 - ERROR - utils.multi_thread_parser - multi_thread_parser.py:133 - 解析线程数据，规则：E0002，线程：4，日期：20260511，模式：memory，完成
2026-07-14 09:25:33 - ERROR - utils.multi_thread_parser - multi_thread_parser.py:133 - 解析线程数据，规则：E0003，线程：2，日期：20260511，模式：runtime，完成
2026-07-14 09:25:33 - ERROR - utils.multi_thread_parser - multi_thread_parser.py:133 - 解析线程数据，规则：E0003，线程：4，日期：20260511，模式：runtime，完成
2026-07-14 09:25:33 - ERROR - utils.multi_thread_parser - multi_thread_parser.py:133 - 解析线程数据，规则：E0003，线程：2，日期：20260511，模式：memory，完成
2026-07-14 09:25:33 - ERROR - utils.multi_thread_parser - multi_thread_parser.py:133 - 解析线程数据，规则：E0003，线程：4，日期：20260511，模式：memory，完成
2026-07-14 09:25:33 - ERROR - utils.multi_thread_parser - multi_thread_parser.py:133 - 解析线程数据，规则：E0004，线程：2，日期：20260511，模式：runtime，完成
2026-07-14 09:25:33 - ERROR - utils.multi_thread_parser - multi_thread_parser.py:133 - 解析线程数据，规则：E0004，线程：4，日期：20260511，模式：runtime，完成
2026-07-14 09:25:33 - ERROR - utils.multi_thread_parser - multi_thread_parser.py:133 - 解析线程数据，规则：E0004，线程：2，日期：20260511，模式：memory，完成
2026-07-14 09:25:33 - ERROR - utils.multi_thread_parser - multi_thread_parser.py:133 - 解析线程数据，规则：E0004，线程：4，日期：20260511，模式：memory，完成
2026-07-14 09:25:33 - ERROR - utils.multi_thread_parser - multi_thread_parser.py:133 - 解析线程数据，规则：check_lint，线程：2，日期：20260511，模式：runtime，完成
2026-07-14 09:25:33 - ERROR - utils.multi_thread_parser - multi_thread_parser.py:133 - 解析线程数据，规则：check_lint，线程：4，日期：20260511，模式：runtime，完成
2026-07-14 09:25:33 - ERROR - utils.multi_thread_parser - multi_thread_parser.py:133 - 解析线程数据，规则：check_lint，线程：2，日期：20260511，模式：memory，完成
2026-07-14 09:25:33 - ERROR - utils.multi_thread_parser - multi_thread_parser.py:133 - 解析线程数据，规则：check_lint，线程：4，日期：20260511，模式：memory，完成
2026-07-14 09:25:33 - ERROR - utils.multi_thread_parser - multi_thread_parser.py:133 - 解析线程数据，规则：Overall，线程：2，日期：20260511，模式：runtime，完成
2026-07-14 09:25:33 - ERROR - utils.multi_thread_parser - multi_thread_parser.py:133 - 解析线程数据，规则：Overall，线程：4，日期：20260511，模式：runtime，完成
2026-07-14 09:25:33 - ERROR - utils.multi_thread_parser - multi_thread_parser.py:133 - 解析线程数据，规则：Overall，线程：2，日期：20260511，模式：memory，完成
2026-07-14 09:25:33 - ERROR - utils.multi_thread_parser - multi_thread_parser.py:133 - 解析线程数据，规则：Overall，线程：4，日期：20260511，模式：memory，完成
2026-07-14 09:25:33 - ERROR - utils.multi_thread_parser - multi_thread_parser.py:133 - 解析线程数据，规则：read_design，线程：2，日期：20260511，模式：runtime，完成
2026-07-14 09:25:33 - ERROR - utils.multi_thread_parser - multi_thread_parser.py:133 - 解析线程数据，规则：read_design，线程：4，日期：20260511，模式：runtime，完成
2026-07-14 09:25:33 - ERROR - utils.multi_thread_parser - multi_thread_parser.py:133 - 解析线程数据，规则：read_design，线程：2，日期：20260511，模式：memory，完成
2026-07-14 09:25:33 - ERROR - utils.multi_thread_parser - multi_thread_parser.py:133 - 解析线程数据，规则：read_design，线程：4，日期：20260511，模式：memory，完成
2026-07-14 09:25:33 - ERROR - utils.multi_thread_parser - multi_thread_parser.py:133 - 解析线程数据，规则：save_session，线程：2，日期：20260511，模式：runtime，完成
2026-07-14 09:25:33 - ERROR - utils.multi_thread_parser - multi_thread_parser.py:133 - 解析线程数据，规则：save_session，线程：2，日期：20260511，模式：memory，完成
2026-07-14 09:25:33 - ERROR - utils.multi_thread_parser - multi_thread_parser.py:133 - 解析线程数据，规则：E0001，线程：2，日期：20260513，模式：runtime，完成
2026-07-14 09:25:33 - ERROR - utils.multi_thread_parser - multi_thread_parser.py:133 - 解析线程数据，规则：E0001，线程：4，日期：20260513，模式：runtime，完成
2026-07-14 09:25:33 - ERROR - utils.multi_thread_parser - multi_thread_parser.py:133 - 解析线程数据，规则：E0001，线程：2，日期：20260513，模式：memory，完成
2026-07-14 09:25:33 - ERROR - utils.multi_thread_parser - multi_thread_parser.py:133 - 解析线程数据，规则：E0001，线程：4，日期：20260513，模式：memory，完成
2026-07-14 09:25:33 - ERROR - utils.multi_thread_parser - multi_thread_parser.py:133 - 解析线程数据，规则：E0002，线程：2，日期：20260513，模式：runtime，完成
2026-07-14 09:25:33 - ERROR - utils.multi_thread_parser - multi_thread_parser.py:133 - 解析线程数据，规则：E0002，线程：4，日期：20260513，模式：runtime，完成
2026-07-14 09:25:33 - ERROR - utils.multi_thread_parser - multi_thread_parser.py:133 - 解析线程数据，规则：E0002，线程：2，日期：20260513，模式：memory，完成
2026-07-14 09:25:33 - ERROR - utils.multi_thread_parser - multi_thread_parser.py:133 - 解析线程数据，规则：E0002，线程：4，日期：20260513，模式：memory，完成
2026-07-14 09:25:33 - ERROR - utils.multi_thread_parser - multi_thread_parser.py:133 - 解析线程数据，规则：E0003，线程：2，日期：20260513，模式：runtime，完成
2026-07-14 09:25:33 - ERROR - utils.multi_thread_parser - multi_thread_parser.py:133 - 解析线程数据，规则：E0003，线程：4，日期：20260513，模式：runtime，完成
2026-07-14 09:25:33 - ERROR - utils.multi_thread_parser - multi_thread_parser.py:133 - 解析线程数据，规则：E0003，线程：2，日期：20260513，模式：memory，完成
2026-07-14 09:25:33 - ERROR - utils.multi_thread_parser - multi_thread_parser.py:133 - 解析线程数据，规则：E0003，线程：4，日期：20260513，模式：memory，完成
2026-07-14 09:25:33 - ERROR - utils.multi_thread_parser - multi_thread_parser.py:133 - 解析线程数据，规则：E0004，线程：2，日期：20260513，模式：runtime，完成
2026-07-14 09:25:33 - ERROR - utils.multi_thread_parser - multi_thread_parser.py:133 - 解析线程数据，规则：E0004，线程：4，日期：20260513，模式：runtime，完成
2026-07-14 09:25:33 - ERROR - utils.multi_thread_parser - multi_thread_parser.py:133 - 解析线程数据，规则：E0004，线程：2，日期：20260513，模式：memory，完成
2026-07-14 09:25:33 - ERROR - utils.multi_thread_parser - multi_thread_parser.py:133 - 解析线程数据，规则：E0004，线程：4，日期：20260513，模式：memory，完成
2026-07-14 09:25:33 - ERROR - utils.multi_thread_parser - multi_thread_parser.py:133 - 解析线程数据，规则：check_lint，线程：2，日期：20260513，模式：runtime，完成
2026-07-14 09:25:33 - ERROR - utils.multi_thread_parser - multi_thread_parser.py:133 - 解析线程数据，规则：check_lint，线程：4，日期：20260513，模式：runtime，完成
2026-07-14 09:25:33 - ERROR - utils.multi_thread_parser - multi_thread_parser.py:133 - 解析线程数据，规则：check_lint，线程：2，日期：20260513，模式：memory，完成
2026-07-14 09:25:33 - ERROR - utils.multi_thread_parser - multi_thread_parser.py:133 - 解析线程数据，规则：check_lint，线程：4，日期：20260513，模式：memory，完成
2026-07-14 09:25:33 - ERROR - utils.multi_thread_parser - multi_thread_parser.py:133 - 解析线程数据，规则：Overall，线程：2，日期：20260513，模式：runtime，完成
2026-07-14 09:25:33 - ERROR - utils.multi_thread_parser - multi_thread_parser.py:133 - 解析线程数据，规则：Overall，线程：4，日期：20260513，模式：runtime，完成
2026-07-14 09:25:33 - ERROR - utils.multi_thread_parser - multi_thread_parser.py:133 - 解析线程数据，规则：Overall，线程：2，日期：20260513，模式：memory，完成
2026-07-14 09:25:33 - ERROR - utils.multi_thread_parser - multi_thread_parser.py:133 - 解析线程数据，规则：Overall，线程：4，日期：20260513，模式：memory，完成
2026-07-14 09:25:33 - ERROR - utils.multi_thread_parser - multi_thread_parser.py:133 - 解析线程数据，规则：read_design，线程：2，日期：20260513，模式：runtime，完成
2026-07-14 09:25:33 - ERROR - utils.multi_thread_parser - multi_thread_parser.py:133 - 解析线程数据，规则：read_design，线程：4，日期：20260513，模式：runtime，完成
2026-07-14 09:25:33 - ERROR - utils.multi_thread_parser - multi_thread_parser.py:133 - 解析线程数据，规则：read_design，线程：2，日期：20260513，模式：memory，完成
2026-07-14 09:25:33 - ERROR - utils.multi_thread_parser - multi_thread_parser.py:133 - 解析线程数据，规则：read_design，线程：4，日期：20260513，模式：memory，完成
2026-07-14 09:25:33 - ERROR - utils.multi_thread_parser - multi_thread_parser.py:133 - 解析线程数据，规则：E0001，线程：2，日期：20260515，模式：runtime，完成
2026-07-14 09:25:33 - ERROR - utils.multi_thread_parser - multi_thread_parser.py:133 - 解析线程数据，规则：E0001，线程：4，日期：20260515，模式：runtime，完成
2026-07-14 09:25:33 - ERROR - utils.multi_thread_parser - multi_thread_parser.py:133 - 解析线程数据，规则：E0001，线程：2，日期：20260515，模式：memory，完成
2026-07-14 09:25:33 - ERROR - utils.multi_thread_parser - multi_thread_parser.py:133 - 解析线程数据，规则：E0001，线程：4，日期：20260515，模式：memory，完成
2026-07-14 09:25:33 - ERROR - utils.multi_thread_parser - multi_thread_parser.py:133 - 解析线程数据，规则：E0002，线程：2，日期：20260515，模式：runtime，完成
2026-07-14 09:25:33 - ERROR - utils.multi_thread_parser - multi_thread_parser.py:133 - 解析线程数据，规则：E0002，线程：4，日期：20260515，模式：runtime，完成
2026-07-14 09:25:33 - ERROR - utils.multi_thread_parser - multi_thread_parser.py:133 - 解析线程数据，规则：E0002，线程：2，日期：20260515，模式：memory，完成
2026-07-14 09:25:33 - ERROR - utils.multi_thread_parser - multi_thread_parser.py:133 - 解析线程数据，规则：E0002，线程：4，日期：20260515，模式：memory，完成
2026-07-14 09:25:33 - ERROR - utils.multi_thread_parser - multi_thread_parser.py:133 - 解析线程数据，规则：E0003，线程：2，日期：20260515，模式：runtime，完成
2026-07-14 09:25:33 - ERROR - utils.multi_thread_parser - multi_thread_parser.py:133 - 解析线程数据，规则：E0003，线程：4，日期：20260515，模式：runtime，完成
2026-07-14 09:25:33 - ERROR - utils.multi_thread_parser - multi_thread_parser.py:133 - 解析线程数据，规则：E0003，线程：2，日期：20260515，模式：memory，完成
2026-07-14 09:25:33 - ERROR - utils.multi_thread_parser - multi_thread_parser.py:133 - 解析线程数据，规则：E0003，线程：4，日期：20260515，模式：memory，完成
2026-07-14 09:25:33 - ERROR - utils.multi_thread_parser - multi_thread_parser.py:133 - 解析线程数据，规则：E0004，线程：2，日期：20260515，模式：runtime，完成
2026-07-14 09:25:33 - ERROR - utils.multi_thread_parser - multi_thread_parser.py:133 - 解析线程数据，规则：E0004，线程：4，日期：20260515，模式：runtime，完成
2026-07-14 09:25:33 - ERROR - utils.multi_thread_parser - multi_thread_parser.py:133 - 解析线程数据，规则：E0004，线程：2，日期：20260515，模式：memory，完成
2026-07-14 09:25:33 - ERROR - utils.multi_thread_parser - multi_thread_parser.py:133 - 解析线程数据，规则：E0004，线程：4，日期：20260515，模式：memory，完成
2026-07-14 09:25:33 - ERROR - utils.multi_thread_parser - multi_thread_parser.py:133 - 解析线程数据，规则：check_lint，线程：4，日期：20260515，模式：runtime，完成
2026-07-14 09:25:33 - ERROR - utils.multi_thread_parser - multi_thread_parser.py:133 - 解析线程数据，规则：check_lint，线程：4，日期：20260515，模式：memory，完成
2026-07-14 09:25:33 - ERROR - utils.multi_thread_parser - multi_thread_parser.py:133 - 解析线程数据，规则：Overall，线程：4，日期：20260515，模式：runtime，完成
2026-07-14 09:25:33 - ERROR - utils.multi_thread_parser - multi_thread_parser.py:133 - 解析线程数据，规则：Overall，线程：4，日期：20260515，模式：memory，完成
2026-07-14 09:25:33 - ERROR - utils.multi_thread_parser - multi_thread_parser.py:133 - 解析线程数据，规则：read_design，线程：4，日期：20260515，模式：runtime，完成
2026-07-14 09:25:33 - ERROR - utils.multi_thread_parser - multi_thread_parser.py:133 - 解析线程数据，规则：read_design，线程：4，日期：20260515，模式：memory，完成
2026-07-14 09:25:33 - ERROR - utils.multi_thread_parser - multi_thread_parser.py:133 - 解析线程数据，规则：E0001，线程：2，日期：20260516，模式：runtime，完成
2026-07-14 09:25:33 - ERROR - utils.multi_thread_parser - multi_thread_parser.py:133 - 解析线程数据，规则：E0001，线程：4，日期：20260516，模式：runtime，完成
2026-07-14 09:25:33 - ERROR - utils.multi_thread_parser - multi_thread_parser.py:133 - 解析线程数据，规则：E0001，线程：2，日期：20260516，模式：memory，完成
2026-07-14 09:25:33 - ERROR - utils.multi_thread_parser - multi_thread_parser.py:133 - 解析线程数据，规则：E0001，线程：4，日期：20260516，模式：memory，完成
2026-07-14 09:25:33 - ERROR - utils.multi_thread_parser - multi_thread_parser.py:133 - 解析线程数据，规则：E0002，线程：2，日期：20260516，模式：runtime，完成
2026-07-14 09:25:33 - ERROR - utils.multi_thread_parser - multi_thread_parser.py:133 - 解析线程数据，规则：E0002，线程：4，日期：20260516，模式：runtime，完成
2026-07-14 09:25:33 - ERROR - utils.multi_thread_parser - multi_thread_parser.py:133 - 解析线程数据，规则：E0002，线程：2，日期：20260516，模式：memory，完成
2026-07-14 09:25:33 - ERROR - utils.multi_thread_parser - multi_thread_parser.py:133 - 解析线程数据，规则：E0002，线程：4，日期：20260516，模式：memory，完成
2026-07-14 09:25:33 - ERROR - utils.multi_thread_parser - multi_thread_parser.py:133 - 解析线程数据，规则：E0003，线程：2，日期：20260516，模式：runtime，完成
2026-07-14 09:25:33 - ERROR - utils.multi_thread_parser - multi_thread_parser.py:133 - 解析线程数据，规则：E0003，线程：4，日期：20260516，模式：runtime，完成
2026-07-14 09:25:33 - ERROR - utils.multi_thread_parser - multi_thread_parser.py:133 - 解析线程数据，规则：E0003，线程：2，日期：20260516，模式：memory，完成
2026-07-14 09:25:33 - ERROR - utils.multi_thread_parser - multi_thread_parser.py:133 - 解析线程数据，规则：E0003，线程：4，日期：20260516，模式：memory，完成
2026-07-14 09:25:33 - ERROR - utils.multi_thread_parser - multi_thread_parser.py:133 - 解析线程数据，规则：E0004，线程：2，日期：20260516，模式：runtime，完成
2026-07-14 09:25:33 - ERROR - utils.multi_thread_parser - multi_thread_parser.py:133 - 解析线程数据，规则：E0004，线程：4，日期：20260516，模式：runtime，完成
2026-07-14 09:25:33 - ERROR - utils.multi_thread_parser - multi_thread_parser.py:133 - 解析线程数据，规则：E0004，线程：2，日期：20260516，模式：memory，完成
2026-07-14 09:25:33 - ERROR - utils.multi_thread_parser - multi_thread_parser.py:133 - 解析线程数据，规则：E0004，线程：4，日期：20260516，模式：memory，完成
2026-07-14 09:25:33 - ERROR - utils.multi_thread_parser - multi_thread_parser.py:133 - 解析线程数据，规则：check_lint，线程：4，日期：20260516，模式：runtime，完成
2026-07-14 09:25:33 - ERROR - utils.multi_thread_parser - multi_thread_parser.py:133 - 解析线程数据，规则：check_lint，线程：4，日期：20260516，模式：memory，完成
2026-07-14 09:25:33 - ERROR - utils.multi_thread_parser - multi_thread_parser.py:133 - 解析线程数据，规则：Overall，线程：4，日期：20260516，模式：runtime，完成
2026-07-14 09:25:33 - ERROR - utils.multi_thread_parser - multi_thread_parser.py:133 - 解析线程数据，规则：Overall，线程：4，日期：20260516，模式：memory，完成
2026-07-14 09:25:33 - ERROR - utils.multi_thread_parser - multi_thread_parser.py:133 - 解析线程数据，规则：read_design，线程：4，日期：20260516，模式：runtime，完成
2026-07-14 09:25:33 - ERROR - utils.multi_thread_parser - multi_thread_parser.py:133 - 解析线程数据，规则：read_design，线程：4，日期：20260516，模式：memory，完成
2026-07-14 09:25:33 - ERROR - utils.multi_thread_parser - multi_thread_parser.py:133 - 解析线程数据，规则：E0001，线程：2，日期：20260517，模式：runtime，完成
2026-07-14 09:25:33 - ERROR - utils.multi_thread_parser - multi_thread_parser.py:133 - 解析线程数据，规则：E0001，线程：4，日期：20260517，模式：runtime，完成
2026-07-14 09:25:33 - ERROR - utils.multi_thread_parser - multi_thread_parser.py:133 - 解析线程数据，规则：E0001，线程：2，日期：20260517，模式：memory，完成
2026-07-14 09:25:33 - ERROR - utils.multi_thread_parser - multi_thread_parser.py:133 - 解析线程数据，规则：E0001，线程：4，日期：20260517，模式：memory，完成
2026-07-14 09:25:33 - ERROR - utils.multi_thread_parser - multi_thread_parser.py:133 - 解析线程数据，规则：E0002，线程：2，日期：20260517，模式：runtime，完成
2026-07-14 09:25:33 - ERROR - utils.multi_thread_parser - multi_thread_parser.py:133 - 解析线程数据，规则：E0002，线程：4，日期：20260517，模式：runtime，完成
2026-07-14 09:25:33 - ERROR - utils.multi_thread_parser - multi_thread_parser.py:133 - 解析线程数据，规则：E0002，线程：2，日期：20260517，模式：memory，完成
2026-07-14 09:25:33 - ERROR - utils.multi_thread_parser - multi_thread_parser.py:133 - 解析线程数据，规则：E0002，线程：4，日期：20260517，模式：memory，完成
2026-07-14 09:25:33 - ERROR - utils.multi_thread_parser - multi_thread_parser.py:133 - 解析线程数据，规则：E0003，线程：2，日期：20260517，模式：runtime，完成
2026-07-14 09:25:33 - ERROR - utils.multi_thread_parser - multi_thread_parser.py:133 - 解析线程数据，规则：E0003，线程：4，日期：20260517，模式：runtime，完成
2026-07-14 09:25:33 - ERROR - utils.multi_thread_parser - multi_thread_parser.py:133 - 解析线程数据，规则：E0003，线程：2，日期：20260517，模式：memory，完成
2026-07-14 09:25:33 - ERROR - utils.multi_thread_parser - multi_thread_parser.py:133 - 解析线程数据，规则：E0003，线程：4，日期：20260517，模式：memory，完成
2026-07-14 09:25:33 - ERROR - utils.multi_thread_parser - multi_thread_parser.py:133 - 解析线程数据，规则：E0004，线程：2，日期：20260517，模式：runtime，完成
2026-07-14 09:25:33 - ERROR - utils.multi_thread_parser - multi_thread_parser.py:133 - 解析线程数据，规则：E0004，线程：4，日期：20260517，模式：runtime，完成
2026-07-14 09:25:33 - ERROR - utils.multi_thread_parser - multi_thread_parser.py:133 - 解析线程数据，规则：E0004，线程：2，日期：20260517，模式：memory，完成
2026-07-14 09:25:33 - ERROR - utils.multi_thread_parser - multi_thread_parser.py:133 - 解析线程数据，规则：E0004，线程：4，日期：20260517，模式：memory，完成
2026-07-14 09:25:33 - ERROR - utils.multi_thread_parser - multi_thread_parser.py:133 - 解析线程数据，规则：check_lint，线程：4，日期：20260517，模式：runtime，完成
2026-07-14 09:25:33 - ERROR - utils.multi_thread_parser - multi_thread_parser.py:133 - 解析线程数据，规则：check_lint，线程：4，日期：20260517，模式：memory，完成
2026-07-14 09:25:33 - ERROR - utils.multi_thread_parser - multi_thread_parser.py:133 - 解析线程数据，规则：Overall，线程：4，日期：20260517，模式：runtime，完成
2026-07-14 09:25:33 - ERROR - utils.multi_thread_parser - multi_thread_parser.py:133 - 解析线程数据，规则：Overall，线程：4，日期：20260517，模式：memory，完成
2026-07-14 09:25:33 - ERROR - utils.multi_thread_parser - multi_thread_parser.py:133 - 解析线程数据，规则：read_design，线程：4，日期：20260517，模式：runtime，完成
2026-07-14 09:25:33 - ERROR - utils.multi_thread_parser - multi_thread_parser.py:133 - 解析线程数据，规则：read_design，线程：4，日期：20260517，模式：memory，完成
2026-07-14 09:25:33 - ERROR - utils.multi_thread_parser - multi_thread_parser.py:60 - 解析多线程数据，模式：multi，工具ID：elint，casename：aes，完成
2026-07-14 09:27:00 - ERROR - utils.multi_thread_parser - multi_thread_parser.py:134 - 解析线程数据，规则：E0001，线程：2，日期：20260511，模式：runtime，完成
2026-07-14 09:27:00 - ERROR - utils.multi_thread_parser - multi_thread_parser.py:134 - 解析线程数据，规则：E0001，线程：4，日期：20260511，模式：runtime，完成
2026-07-14 09:27:00 - ERROR - utils.multi_thread_parser - multi_thread_parser.py:134 - 解析线程数据，规则：E0001，线程：2，日期：20260511，模式：memory，完成
2026-07-14 09:27:00 - ERROR - utils.multi_thread_parser - multi_thread_parser.py:134 - 解析线程数据，规则：E0001，线程：4，日期：20260511，模式：memory，完成
2026-07-14 09:27:00 - ERROR - utils.multi_thread_parser - multi_thread_parser.py:134 - 解析线程数据，规则：E0002，线程：2，日期：20260511，模式：runtime，完成
2026-07-14 09:27:00 - ERROR - utils.multi_thread_parser - multi_thread_parser.py:134 - 解析线程数据，规则：E0002，线程：4，日期：20260511，模式：runtime，完成
2026-07-14 09:27:00 - ERROR - utils.multi_thread_parser - multi_thread_parser.py:134 - 解析线程数据，规则：E0002，线程：2，日期：20260511，模式：memory，完成
2026-07-14 09:27:00 - ERROR - utils.multi_thread_parser - multi_thread_parser.py:134 - 解析线程数据，规则：E0002，线程：4，日期：20260511，模式：memory，完成
2026-07-14 09:27:00 - ERROR - utils.multi_thread_parser - multi_thread_parser.py:134 - 解析线程数据，规则：E0003，线程：2，日期：20260511，模式：runtime，完成
2026-07-14 09:27:00 - ERROR - utils.multi_thread_parser - multi_thread_parser.py:134 - 解析线程数据，规则：E0003，线程：4，日期：20260511，模式：runtime，完成
2026-07-14 09:27:00 - ERROR - utils.multi_thread_parser - multi_thread_parser.py:134 - 解析线程数据，规则：E0003，线程：2，日期：20260511，模式：memory，完成
2026-07-14 09:27:00 - ERROR - utils.multi_thread_parser - multi_thread_parser.py:134 - 解析线程数据，规则：E0003，线程：4，日期：20260511，模式：memory，完成
2026-07-14 09:27:00 - ERROR - utils.multi_thread_parser - multi_thread_parser.py:134 - 解析线程数据，规则：E0004，线程：2，日期：20260511，模式：runtime，完成
2026-07-14 09:27:00 - ERROR - utils.multi_thread_parser - multi_thread_parser.py:134 - 解析线程数据，规则：E0004，线程：4，日期：20260511，模式：runtime，完成
2026-07-14 09:27:00 - ERROR - utils.multi_thread_parser - multi_thread_parser.py:134 - 解析线程数据，规则：E0004，线程：2，日期：20260511，模式：memory，完成
2026-07-14 09:27:00 - ERROR - utils.multi_thread_parser - multi_thread_parser.py:134 - 解析线程数据，规则：E0004，线程：4，日期：20260511，模式：memory，完成
2026-07-14 09:27:00 - ERROR - utils.multi_thread_parser - multi_thread_parser.py:134 - 解析线程数据，规则：check_lint，线程：2，日期：20260511，模式：runtime，完成
2026-07-14 09:27:00 - ERROR - utils.multi_thread_parser - multi_thread_parser.py:134 - 解析线程数据，规则：check_lint，线程：4，日期：20260511，模式：runtime，完成
2026-07-14 09:27:00 - ERROR - utils.multi_thread_parser - multi_thread_parser.py:134 - 解析线程数据，规则：check_lint，线程：2，日期：20260511，模式：memory，完成
2026-07-14 09:27:00 - ERROR - utils.multi_thread_parser - multi_thread_parser.py:134 - 解析线程数据，规则：check_lint，线程：4，日期：20260511，模式：memory，完成
2026-07-14 09:27:00 - ERROR - utils.multi_thread_parser - multi_thread_parser.py:134 - 解析线程数据，规则：Overall，线程：2，日期：20260511，模式：runtime，完成
2026-07-14 09:27:00 - ERROR - utils.multi_thread_parser - multi_thread_parser.py:134 - 解析线程数据，规则：Overall，线程：4，日期：20260511，模式：runtime，完成
2026-07-14 09:27:00 - ERROR - utils.multi_thread_parser - multi_thread_parser.py:134 - 解析线程数据，规则：Overall，线程：2，日期：20260511，模式：memory，完成
2026-07-14 09:27:00 - ERROR - utils.multi_thread_parser - multi_thread_parser.py:134 - 解析线程数据，规则：Overall，线程：4，日期：20260511，模式：memory，完成
2026-07-14 09:27:00 - ERROR - utils.multi_thread_parser - multi_thread_parser.py:134 - 解析线程数据，规则：read_design，线程：2，日期：20260511，模式：runtime，完成
2026-07-14 09:27:00 - ERROR - utils.multi_thread_parser - multi_thread_parser.py:134 - 解析线程数据，规则：read_design，线程：4，日期：20260511，模式：runtime，完成
2026-07-14 09:27:00 - ERROR - utils.multi_thread_parser - multi_thread_parser.py:134 - 解析线程数据，规则：read_design，线程：2，日期：20260511，模式：memory，完成
2026-07-14 09:27:00 - ERROR - utils.multi_thread_parser - multi_thread_parser.py:134 - 解析线程数据，规则：read_design，线程：4，日期：20260511，模式：memory，完成
2026-07-14 09:27:00 - ERROR - utils.multi_thread_parser - multi_thread_parser.py:134 - 解析线程数据，规则：save_session，线程：2，日期：20260511，模式：runtime，完成
2026-07-14 09:27:00 - ERROR - utils.multi_thread_parser - multi_thread_parser.py:134 - 解析线程数据，规则：save_session，线程：2，日期：20260511，模式：memory，完成
2026-07-14 09:27:00 - ERROR - utils.multi_thread_parser - multi_thread_parser.py:134 - 解析线程数据，规则：E0001，线程：2，日期：20260513，模式：runtime，完成
2026-07-14 09:27:00 - ERROR - utils.multi_thread_parser - multi_thread_parser.py:134 - 解析线程数据，规则：E0001，线程：4，日期：20260513，模式：runtime，完成
2026-07-14 09:27:00 - ERROR - utils.multi_thread_parser - multi_thread_parser.py:134 - 解析线程数据，规则：E0001，线程：2，日期：20260513，模式：memory，完成
2026-07-14 09:27:00 - ERROR - utils.multi_thread_parser - multi_thread_parser.py:134 - 解析线程数据，规则：E0001，线程：4，日期：20260513，模式：memory，完成
2026-07-14 09:27:00 - ERROR - utils.multi_thread_parser - multi_thread_parser.py:134 - 解析线程数据，规则：E0002，线程：2，日期：20260513，模式：runtime，完成
2026-07-14 09:27:00 - ERROR - utils.multi_thread_parser - multi_thread_parser.py:134 - 解析线程数据，规则：E0002，线程：4，日期：20260513，模式：runtime，完成
2026-07-14 09:27:00 - ERROR - utils.multi_thread_parser - multi_thread_parser.py:134 - 解析线程数据，规则：E0002，线程：2，日期：20260513，模式：memory，完成
2026-07-14 09:27:00 - ERROR - utils.multi_thread_parser - multi_thread_parser.py:134 - 解析线程数据，规则：E0002，线程：4，日期：20260513，模式：memory，完成
2026-07-14 09:27:00 - ERROR - utils.multi_thread_parser - multi_thread_parser.py:134 - 解析线程数据，规则：E0003，线程：2，日期：20260513，模式：runtime，完成
2026-07-14 09:27:00 - ERROR - utils.multi_thread_parser - multi_thread_parser.py:134 - 解析线程数据，规则：E0003，线程：4，日期：20260513，模式：runtime，完成
2026-07-14 09:27:00 - ERROR - utils.multi_thread_parser - multi_thread_parser.py:134 - 解析线程数据，规则：E0003，线程：2，日期：20260513，模式：memory，完成
2026-07-14 09:27:00 - ERROR - utils.multi_thread_parser - multi_thread_parser.py:134 - 解析线程数据，规则：E0003，线程：4，日期：20260513，模式：memory，完成
2026-07-14 09:27:00 - ERROR - utils.multi_thread_parser - multi_thread_parser.py:134 - 解析线程数据，规则：E0004，线程：2，日期：20260513，模式：runtime，完成
2026-07-14 09:27:00 - ERROR - utils.multi_thread_parser - multi_thread_parser.py:134 - 解析线程数据，规则：E0004，线程：4，日期：20260513，模式：runtime，完成
2026-07-14 09:27:00 - ERROR - utils.multi_thread_parser - multi_thread_parser.py:134 - 解析线程数据，规则：E0004，线程：2，日期：20260513，模式：memory，完成
2026-07-14 09:27:00 - ERROR - utils.multi_thread_parser - multi_thread_parser.py:134 - 解析线程数据，规则：E0004，线程：4，日期：20260513，模式：memory，完成
2026-07-14 09:27:00 - ERROR - utils.multi_thread_parser - multi_thread_parser.py:134 - 解析线程数据，规则：check_lint，线程：2，日期：20260513，模式：runtime，完成
2026-07-14 09:27:00 - ERROR - utils.multi_thread_parser - multi_thread_parser.py:134 - 解析线程数据，规则：check_lint，线程：4，日期：20260513，模式：runtime，完成
2026-07-14 09:27:00 - ERROR - utils.multi_thread_parser - multi_thread_parser.py:134 - 解析线程数据，规则：check_lint，线程：2，日期：20260513，模式：memory，完成
2026-07-14 09:27:00 - ERROR - utils.multi_thread_parser - multi_thread_parser.py:134 - 解析线程数据，规则：check_lint，线程：4，日期：20260513，模式：memory，完成
2026-07-14 09:27:00 - ERROR - utils.multi_thread_parser - multi_thread_parser.py:134 - 解析线程数据，规则：Overall，线程：2，日期：20260513，模式：runtime，完成
2026-07-14 09:27:00 - ERROR - utils.multi_thread_parser - multi_thread_parser.py:134 - 解析线程数据，规则：Overall，线程：4，日期：20260513，模式：runtime，完成
2026-07-14 09:27:00 - ERROR - utils.multi_thread_parser - multi_thread_parser.py:134 - 解析线程数据，规则：Overall，线程：2，日期：20260513，模式：memory，完成
2026-07-14 09:27:00 - ERROR - utils.multi_thread_parser - multi_thread_parser.py:134 - 解析线程数据，规则：Overall，线程：4，日期：20260513，模式：memory，完成
2026-07-14 09:27:00 - ERROR - utils.multi_thread_parser - multi_thread_parser.py:134 - 解析线程数据，规则：read_design，线程：2，日期：20260513，模式：runtime，完成
2026-07-14 09:27:00 - ERROR - utils.multi_thread_parser - multi_thread_parser.py:134 - 解析线程数据，规则：read_design，线程：4，日期：20260513，模式：runtime，完成
2026-07-14 09:27:00 - ERROR - utils.multi_thread_parser - multi_thread_parser.py:134 - 解析线程数据，规则：read_design，线程：2，日期：20260513，模式：memory，完成
2026-07-14 09:27:00 - ERROR - utils.multi_thread_parser - multi_thread_parser.py:134 - 解析线程数据，规则：read_design，线程：4，日期：20260513，模式：memory，完成
2026-07-14 09:27:00 - ERROR - utils.multi_thread_parser - multi_thread_parser.py:134 - 解析线程数据，规则：E0001，线程：2，日期：20260515，模式：runtime，完成
2026-07-14 09:27:00 - ERROR - utils.multi_thread_parser - multi_thread_parser.py:134 - 解析线程数据，规则：E0001，线程：4，日期：20260515，模式：runtime，完成
2026-07-14 09:27:00 - ERROR - utils.multi_thread_parser - multi_thread_parser.py:134 - 解析线程数据，规则：E0001，线程：2，日期：20260515，模式：memory，完成
2026-07-14 09:27:00 - ERROR - utils.multi_thread_parser - multi_thread_parser.py:134 - 解析线程数据，规则：E0001，线程：4，日期：20260515，模式：memory，完成
2026-07-14 09:27:00 - ERROR - utils.multi_thread_parser - multi_thread_parser.py:134 - 解析线程数据，规则：E0002，线程：2，日期：20260515，模式：runtime，完成
2026-07-14 09:27:00 - ERROR - utils.multi_thread_parser - multi_thread_parser.py:134 - 解析线程数据，规则：E0002，线程：4，日期：20260515，模式：runtime，完成
2026-07-14 09:27:00 - ERROR - utils.multi_thread_parser - multi_thread_parser.py:134 - 解析线程数据，规则：E0002，线程：2，日期：20260515，模式：memory，完成
2026-07-14 09:27:00 - ERROR - utils.multi_thread_parser - multi_thread_parser.py:134 - 解析线程数据，规则：E0002，线程：4，日期：20260515，模式：memory，完成
2026-07-14 09:27:00 - ERROR - utils.multi_thread_parser - multi_thread_parser.py:134 - 解析线程数据，规则：E0003，线程：2，日期：20260515，模式：runtime，完成
2026-07-14 09:27:00 - ERROR - utils.multi_thread_parser - multi_thread_parser.py:134 - 解析线程数据，规则：E0003，线程：4，日期：20260515，模式：runtime，完成
2026-07-14 09:27:00 - ERROR - utils.multi_thread_parser - multi_thread_parser.py:134 - 解析线程数据，规则：E0003，线程：2，日期：20260515，模式：memory，完成
2026-07-14 09:27:00 - ERROR - utils.multi_thread_parser - multi_thread_parser.py:134 - 解析线程数据，规则：E0003，线程：4，日期：20260515，模式：memory，完成
2026-07-14 09:27:00 - ERROR - utils.multi_thread_parser - multi_thread_parser.py:134 - 解析线程数据，规则：E0004，线程：2，日期：20260515，模式：runtime，完成
2026-07-14 09:27:00 - ERROR - utils.multi_thread_parser - multi_thread_parser.py:134 - 解析线程数据，规则：E0004，线程：4，日期：20260515，模式：runtime，完成
2026-07-14 09:27:00 - ERROR - utils.multi_thread_parser - multi_thread_parser.py:134 - 解析线程数据，规则：E0004，线程：2，日期：20260515，模式：memory，完成
2026-07-14 09:27:00 - ERROR - utils.multi_thread_parser - multi_thread_parser.py:134 - 解析线程数据，规则：E0004，线程：4，日期：20260515，模式：memory，完成
2026-07-14 09:27:00 - ERROR - utils.multi_thread_parser - multi_thread_parser.py:134 - 解析线程数据，规则：check_lint，线程：4，日期：20260515，模式：runtime，完成
2026-07-14 09:27:00 - ERROR - utils.multi_thread_parser - multi_thread_parser.py:134 - 解析线程数据，规则：check_lint，线程：4，日期：20260515，模式：memory，完成
2026-07-14 09:27:00 - ERROR - utils.multi_thread_parser - multi_thread_parser.py:134 - 解析线程数据，规则：Overall，线程：4，日期：20260515，模式：runtime，完成
2026-07-14 09:27:00 - ERROR - utils.multi_thread_parser - multi_thread_parser.py:134 - 解析线程数据，规则：Overall，线程：4，日期：20260515，模式：memory，完成
2026-07-14 09:27:00 - ERROR - utils.multi_thread_parser - multi_thread_parser.py:134 - 解析线程数据，规则：read_design，线程：4，日期：20260515，模式：runtime，完成
2026-07-14 09:27:00 - ERROR - utils.multi_thread_parser - multi_thread_parser.py:134 - 解析线程数据，规则：read_design，线程：4，日期：20260515，模式：memory，完成
2026-07-14 09:27:00 - ERROR - utils.multi_thread_parser - multi_thread_parser.py:134 - 解析线程数据，规则：E0001，线程：2，日期：20260516，模式：runtime，完成
2026-07-14 09:27:00 - ERROR - utils.multi_thread_parser - multi_thread_parser.py:134 - 解析线程数据，规则：E0001，线程：4，日期：20260516，模式：runtime，完成
2026-07-14 09:27:00 - ERROR - utils.multi_thread_parser - multi_thread_parser.py:134 - 解析线程数据，规则：E0001，线程：2，日期：20260516，模式：memory，完成
2026-07-14 09:27:00 - ERROR - utils.multi_thread_parser - multi_thread_parser.py:134 - 解析线程数据，规则：E0001，线程：4，日期：20260516，模式：memory，完成
2026-07-14 09:27:00 - ERROR - utils.multi_thread_parser - multi_thread_parser.py:134 - 解析线程数据，规则：E0002，线程：2，日期：20260516，模式：runtime，完成
2026-07-14 09:27:00 - ERROR - utils.multi_thread_parser - multi_thread_parser.py:134 - 解析线程数据，规则：E0002，线程：4，日期：20260516，模式：runtime，完成
2026-07-14 09:27:00 - ERROR - utils.multi_thread_parser - multi_thread_parser.py:134 - 解析线程数据，规则：E0002，线程：2，日期：20260516，模式：memory，完成
2026-07-14 09:27:00 - ERROR - utils.multi_thread_parser - multi_thread_parser.py:134 - 解析线程数据，规则：E0002，线程：4，日期：20260516，模式：memory，完成
2026-07-14 09:27:00 - ERROR - utils.multi_thread_parser - multi_thread_parser.py:134 - 解析线程数据，规则：E0003，线程：2，日期：20260516，模式：runtime，完成
2026-07-14 09:27:00 - ERROR - utils.multi_thread_parser - multi_thread_parser.py:134 - 解析线程数据，规则：E0003，线程：4，日期：20260516，模式：runtime，完成
2026-07-14 09:27:00 - ERROR - utils.multi_thread_parser - multi_thread_parser.py:134 - 解析线程数据，规则：E0003，线程：2，日期：20260516，模式：memory，完成
2026-07-14 09:27:00 - ERROR - utils.multi_thread_parser - multi_thread_parser.py:134 - 解析线程数据，规则：E0003，线程：4，日期：20260516，模式：memory，完成
2026-07-14 09:27:00 - ERROR - utils.multi_thread_parser - multi_thread_parser.py:134 - 解析线程数据，规则：E0004，线程：2，日期：20260516，模式：runtime，完成
2026-07-14 09:27:00 - ERROR - utils.multi_thread_parser - multi_thread_parser.py:134 - 解析线程数据，规则：E0004，线程：4，日期：20260516，模式：runtime，完成
2026-07-14 09:27:00 - ERROR - utils.multi_thread_parser - multi_thread_parser.py:134 - 解析线程数据，规则：E0004，线程：2，日期：20260516，模式：memory，完成
2026-07-14 09:27:00 - ERROR - utils.multi_thread_parser - multi_thread_parser.py:134 - 解析线程数据，规则：E0004，线程：4，日期：20260516，模式：memory，完成
2026-07-14 09:27:00 - ERROR - utils.multi_thread_parser - multi_thread_parser.py:134 - 解析线程数据，规则：check_lint，线程：4，日期：20260516，模式：runtime，完成
2026-07-14 09:27:00 - ERROR - utils.multi_thread_parser - multi_thread_parser.py:134 - 解析线程数据，规则：check_lint，线程：4，日期：20260516，模式：memory，完成
2026-07-14 09:27:00 - ERROR - utils.multi_thread_parser - multi_thread_parser.py:134 - 解析线程数据，规则：Overall，线程：4，日期：20260516，模式：runtime，完成
2026-07-14 09:27:00 - ERROR - utils.multi_thread_parser - multi_thread_parser.py:134 - 解析线程数据，规则：Overall，线程：4，日期：20260516，模式：memory，完成
2026-07-14 09:27:00 - ERROR - utils.multi_thread_parser - multi_thread_parser.py:134 - 解析线程数据，规则：read_design，线程：4，日期：20260516，模式：runtime，完成
2026-07-14 09:27:00 - ERROR - utils.multi_thread_parser - multi_thread_parser.py:134 - 解析线程数据，规则：read_design，线程：4，日期：20260516，模式：memory，完成
2026-07-14 09:27:00 - ERROR - utils.multi_thread_parser - multi_thread_parser.py:134 - 解析线程数据，规则：E0001，线程：2，日期：20260517，模式：runtime，完成
2026-07-14 09:27:00 - ERROR - utils.multi_thread_parser - multi_thread_parser.py:134 - 解析线程数据，规则：E0001，线程：4，日期：20260517，模式：runtime，完成
2026-07-14 09:27:00 - ERROR - utils.multi_thread_parser - multi_thread_parser.py:134 - 解析线程数据，规则：E0001，线程：2，日期：20260517，模式：memory，完成
2026-07-14 09:27:00 - ERROR - utils.multi_thread_parser - multi_thread_parser.py:134 - 解析线程数据，规则：E0001，线程：4，日期：20260517，模式：memory，完成
2026-07-14 09:27:00 - ERROR - utils.multi_thread_parser - multi_thread_parser.py:134 - 解析线程数据，规则：E0002，线程：2，日期：20260517，模式：runtime，完成
2026-07-14 09:27:00 - ERROR - utils.multi_thread_parser - multi_thread_parser.py:134 - 解析线程数据，规则：E0002，线程：4，日期：20260517，模式：runtime，完成
2026-07-14 09:27:00 - ERROR - utils.multi_thread_parser - multi_thread_parser.py:134 - 解析线程数据，规则：E0002，线程：2，日期：20260517，模式：memory，完成
2026-07-14 09:27:00 - ERROR - utils.multi_thread_parser - multi_thread_parser.py:134 - 解析线程数据，规则：E0002，线程：4，日期：20260517，模式：memory，完成
2026-07-14 09:27:00 - ERROR - utils.multi_thread_parser - multi_thread_parser.py:134 - 解析线程数据，规则：E0003，线程：2，日期：20260517，模式：runtime，完成
2026-07-14 09:27:00 - ERROR - utils.multi_thread_parser - multi_thread_parser.py:134 - 解析线程数据，规则：E0003，线程：4，日期：20260517，模式：runtime，完成
2026-07-14 09:27:00 - ERROR - utils.multi_thread_parser - multi_thread_parser.py:134 - 解析线程数据，规则：E0003，线程：2，日期：20260517，模式：memory，完成
2026-07-14 09:27:00 - ERROR - utils.multi_thread_parser - multi_thread_parser.py:134 - 解析线程数据，规则：E0003，线程：4，日期：20260517，模式：memory，完成
2026-07-14 09:27:00 - ERROR - utils.multi_thread_parser - multi_thread_parser.py:134 - 解析线程数据，规则：E0004，线程：2，日期：20260517，模式：runtime，完成
2026-07-14 09:27:00 - ERROR - utils.multi_thread_parser - multi_thread_parser.py:134 - 解析线程数据，规则：E0004，线程：4，日期：20260517，模式：runtime，完成
2026-07-14 09:27:00 - ERROR - utils.multi_thread_parser - multi_thread_parser.py:134 - 解析线程数据，规则：E0004，线程：2，日期：20260517，模式：memory，完成
2026-07-14 09:27:00 - ERROR - utils.multi_thread_parser - multi_thread_parser.py:134 - 解析线程数据，规则：E0004，线程：4，日期：20260517，模式：memory，完成
2026-07-14 09:27:00 - ERROR - utils.multi_thread_parser - multi_thread_parser.py:134 - 解析线程数据，规则：check_lint，线程：4，日期：20260517，模式：runtime，完成
2026-07-14 09:27:00 - ERROR - utils.multi_thread_parser - multi_thread_parser.py:134 - 解析线程数据，规则：check_lint，线程：4，日期：20260517，模式：memory，完成
2026-07-14 09:27:00 - ERROR - utils.multi_thread_parser - multi_thread_parser.py:134 - 解析线程数据，规则：Overall，线程：4，日期：20260517，模式：runtime，完成
2026-07-14 09:27:00 - ERROR - utils.multi_thread_parser - multi_thread_parser.py:134 - 解析线程数据，规则：Overall，线程：4，日期：20260517，模式：memory，完成
2026-07-14 09:27:00 - ERROR - utils.multi_thread_parser - multi_thread_parser.py:134 - 解析线程数据，规则：read_design，线程：4，日期：20260517，模式：runtime，完成
2026-07-14 09:27:00 - ERROR - utils.multi_thread_parser - multi_thread_parser.py:134 - 解析线程数据，规则：read_design，线程：4，日期：20260517，模式：memory，完成
2026-07-14 09:27:00 - ERROR - utils.multi_thread_parser - multi_thread_parser.py:60 - 解析多线程数据，模式：multi，工具ID：elint，casename：aes，完成
2026-07-14 09:27:00 - ERROR - utils.multi_thread_parser - multi_thread_parser.py:66 - 解析多线程数据，模式：multi，工具ID：elint，casename：aes，日期：20260511，规则：E0001，完成
2026-07-14 09:27:55 - ERROR - utils.multi_thread_parser - multi_thread_parser.py:134 - 解析线程数据，规则：E0001，线程：2，日期：20260511，模式：runtime，完成
2026-07-14 09:27:55 - ERROR - utils.multi_thread_parser - multi_thread_parser.py:134 - 解析线程数据，规则：E0001，线程：4，日期：20260511，模式：runtime，完成
2026-07-14 09:27:55 - ERROR - utils.multi_thread_parser - multi_thread_parser.py:134 - 解析线程数据，规则：E0001，线程：2，日期：20260511，模式：memory，完成
2026-07-14 09:27:55 - ERROR - utils.multi_thread_parser - multi_thread_parser.py:134 - 解析线程数据，规则：E0001，线程：4，日期：20260511，模式：memory，完成
2026-07-14 09:27:55 - ERROR - utils.multi_thread_parser - multi_thread_parser.py:134 - 解析线程数据，规则：E0002，线程：2，日期：20260511，模式：runtime，完成
2026-07-14 09:27:55 - ERROR - utils.multi_thread_parser - multi_thread_parser.py:134 - 解析线程数据，规则：E0002，线程：4，日期：20260511，模式：runtime，完成
2026-07-14 09:27:55 - ERROR - utils.multi_thread_parser - multi_thread_parser.py:134 - 解析线程数据，规则：E0002，线程：2，日期：20260511，模式：memory，完成
2026-07-14 09:27:55 - ERROR - utils.multi_thread_parser - multi_thread_parser.py:134 - 解析线程数据，规则：E0002，线程：4，日期：20260511，模式：memory，完成
2026-07-14 09:27:55 - ERROR - utils.multi_thread_parser - multi_thread_parser.py:134 - 解析线程数据，规则：E0003，线程：2，日期：20260511，模式：runtime，完成
2026-07-14 09:27:55 - ERROR - utils.multi_thread_parser - multi_thread_parser.py:134 - 解析线程数据，规则：E0003，线程：4，日期：20260511，模式：runtime，完成
2026-07-14 09:27:55 - ERROR - utils.multi_thread_parser - multi_thread_parser.py:134 - 解析线程数据，规则：E0003，线程：2，日期：20260511，模式：memory，完成
2026-07-14 09:27:55 - ERROR - utils.multi_thread_parser - multi_thread_parser.py:134 - 解析线程数据，规则：E0003，线程：4，日期：20260511，模式：memory，完成
2026-07-14 09:27:55 - ERROR - utils.multi_thread_parser - multi_thread_parser.py:134 - 解析线程数据，规则：E0004，线程：2，日期：20260511，模式：runtime，完成
2026-07-14 09:27:55 - ERROR - utils.multi_thread_parser - multi_thread_parser.py:134 - 解析线程数据，规则：E0004，线程：4，日期：20260511，模式：runtime，完成
2026-07-14 09:27:55 - ERROR - utils.multi_thread_parser - multi_thread_parser.py:134 - 解析线程数据，规则：E0004，线程：2，日期：20260511，模式：memory，完成
2026-07-14 09:27:55 - ERROR - utils.multi_thread_parser - multi_thread_parser.py:134 - 解析线程数据，规则：E0004，线程：4，日期：20260511，模式：memory，完成
2026-07-14 09:27:55 - ERROR - utils.multi_thread_parser - multi_thread_parser.py:134 - 解析线程数据，规则：check_lint，线程：2，日期：20260511，模式：runtime，完成
2026-07-14 09:27:55 - ERROR - utils.multi_thread_parser - multi_thread_parser.py:134 - 解析线程数据，规则：check_lint，线程：4，日期：20260511，模式：runtime，完成
2026-07-14 09:27:55 - ERROR - utils.multi_thread_parser - multi_thread_parser.py:134 - 解析线程数据，规则：check_lint，线程：2，日期：20260511，模式：memory，完成
2026-07-14 09:27:55 - ERROR - utils.multi_thread_parser - multi_thread_parser.py:134 - 解析线程数据，规则：check_lint，线程：4，日期：20260511，模式：memory，完成
2026-07-14 09:27:55 - ERROR - utils.multi_thread_parser - multi_thread_parser.py:134 - 解析线程数据，规则：Overall，线程：2，日期：20260511，模式：runtime，完成
2026-07-14 09:27:55 - ERROR - utils.multi_thread_parser - multi_thread_parser.py:134 - 解析线程数据，规则：Overall，线程：4，日期：20260511，模式：runtime，完成
2026-07-14 09:27:55 - ERROR - utils.multi_thread_parser - multi_thread_parser.py:134 - 解析线程数据，规则：Overall，线程：2，日期：20260511，模式：memory，完成
2026-07-14 09:27:55 - ERROR - utils.multi_thread_parser - multi_thread_parser.py:134 - 解析线程数据，规则：Overall，线程：4，日期：20260511，模式：memory，完成
2026-07-14 09:27:55 - ERROR - utils.multi_thread_parser - multi_thread_parser.py:134 - 解析线程数据，规则：read_design，线程：2，日期：20260511，模式：runtime，完成
2026-07-14 09:27:55 - ERROR - utils.multi_thread_parser - multi_thread_parser.py:134 - 解析线程数据，规则：read_design，线程：4，日期：20260511，模式：runtime，完成
2026-07-14 09:27:55 - ERROR - utils.multi_thread_parser - multi_thread_parser.py:134 - 解析线程数据，规则：read_design，线程：2，日期：20260511，模式：memory，完成
2026-07-14 09:27:55 - ERROR - utils.multi_thread_parser - multi_thread_parser.py:134 - 解析线程数据，规则：read_design，线程：4，日期：20260511，模式：memory，完成
2026-07-14 09:27:55 - ERROR - utils.multi_thread_parser - multi_thread_parser.py:134 - 解析线程数据，规则：save_session，线程：2，日期：20260511，模式：runtime，完成
2026-07-14 09:27:55 - ERROR - utils.multi_thread_parser - multi_thread_parser.py:134 - 解析线程数据，规则：save_session，线程：2，日期：20260511，模式：memory，完成
2026-07-14 09:27:55 - ERROR - utils.multi_thread_parser - multi_thread_parser.py:134 - 解析线程数据，规则：E0001，线程：2，日期：20260513，模式：runtime，完成
2026-07-14 09:27:55 - ERROR - utils.multi_thread_parser - multi_thread_parser.py:134 - 解析线程数据，规则：E0001，线程：4，日期：20260513，模式：runtime，完成
2026-07-14 09:27:55 - ERROR - utils.multi_thread_parser - multi_thread_parser.py:134 - 解析线程数据，规则：E0001，线程：2，日期：20260513，模式：memory，完成
2026-07-14 09:27:55 - ERROR - utils.multi_thread_parser - multi_thread_parser.py:134 - 解析线程数据，规则：E0001，线程：4，日期：20260513，模式：memory，完成
2026-07-14 09:27:55 - ERROR - utils.multi_thread_parser - multi_thread_parser.py:134 - 解析线程数据，规则：E0002，线程：2，日期：20260513，模式：runtime，完成
2026-07-14 09:27:55 - ERROR - utils.multi_thread_parser - multi_thread_parser.py:134 - 解析线程数据，规则：E0002，线程：4，日期：20260513，模式：runtime，完成
2026-07-14 09:27:55 - ERROR - utils.multi_thread_parser - multi_thread_parser.py:134 - 解析线程数据，规则：E0002，线程：2，日期：20260513，模式：memory，完成
2026-07-14 09:27:55 - ERROR - utils.multi_thread_parser - multi_thread_parser.py:134 - 解析线程数据，规则：E0002，线程：4，日期：20260513，模式：memory，完成
2026-07-14 09:27:55 - ERROR - utils.multi_thread_parser - multi_thread_parser.py:134 - 解析线程数据，规则：E0003，线程：2，日期：20260513，模式：runtime，完成
2026-07-14 09:27:55 - ERROR - utils.multi_thread_parser - multi_thread_parser.py:134 - 解析线程数据，规则：E0003，线程：4，日期：20260513，模式：runtime，完成
2026-07-14 09:27:55 - ERROR - utils.multi_thread_parser - multi_thread_parser.py:134 - 解析线程数据，规则：E0003，线程：2，日期：20260513，模式：memory，完成
2026-07-14 09:27:55 - ERROR - utils.multi_thread_parser - multi_thread_parser.py:134 - 解析线程数据，规则：E0003，线程：4，日期：20260513，模式：memory，完成
2026-07-14 09:27:55 - ERROR - utils.multi_thread_parser - multi_thread_parser.py:134 - 解析线程数据，规则：E0004，线程：2，日期：20260513，模式：runtime，完成
2026-07-14 09:27:55 - ERROR - utils.multi_thread_parser - multi_thread_parser.py:134 - 解析线程数据，规则：E0004，线程：4，日期：20260513，模式：runtime，完成
2026-07-14 09:27:55 - ERROR - utils.multi_thread_parser - multi_thread_parser.py:134 - 解析线程数据，规则：E0004，线程：2，日期：20260513，模式：memory，完成
2026-07-14 09:27:55 - ERROR - utils.multi_thread_parser - multi_thread_parser.py:134 - 解析线程数据，规则：E0004，线程：4，日期：20260513，模式：memory，完成
2026-07-14 09:27:55 - ERROR - utils.multi_thread_parser - multi_thread_parser.py:134 - 解析线程数据，规则：check_lint，线程：2，日期：20260513，模式：runtime，完成
2026-07-14 09:27:55 - ERROR - utils.multi_thread_parser - multi_thread_parser.py:134 - 解析线程数据，规则：check_lint，线程：4，日期：20260513，模式：runtime，完成
2026-07-14 09:27:55 - ERROR - utils.multi_thread_parser - multi_thread_parser.py:134 - 解析线程数据，规则：check_lint，线程：2，日期：20260513，模式：memory，完成
2026-07-14 09:27:55 - ERROR - utils.multi_thread_parser - multi_thread_parser.py:134 - 解析线程数据，规则：check_lint，线程：4，日期：20260513，模式：memory，完成
2026-07-14 09:27:55 - ERROR - utils.multi_thread_parser - multi_thread_parser.py:134 - 解析线程数据，规则：Overall，线程：2，日期：20260513，模式：runtime，完成
2026-07-14 09:27:55 - ERROR - utils.multi_thread_parser - multi_thread_parser.py:134 - 解析线程数据，规则：Overall，线程：4，日期：20260513，模式：runtime，完成
2026-07-14 09:27:55 - ERROR - utils.multi_thread_parser - multi_thread_parser.py:134 - 解析线程数据，规则：Overall，线程：2，日期：20260513，模式：memory，完成
2026-07-14 09:27:55 - ERROR - utils.multi_thread_parser - multi_thread_parser.py:134 - 解析线程数据，规则：Overall，线程：4，日期：20260513，模式：memory，完成
2026-07-14 09:27:55 - ERROR - utils.multi_thread_parser - multi_thread_parser.py:134 - 解析线程数据，规则：read_design，线程：2，日期：20260513，模式：runtime，完成
2026-07-14 09:27:55 - ERROR - utils.multi_thread_parser - multi_thread_parser.py:134 - 解析线程数据，规则：read_design，线程：4，日期：20260513，模式：runtime，完成
2026-07-14 09:27:55 - ERROR - utils.multi_thread_parser - multi_thread_parser.py:134 - 解析线程数据，规则：read_design，线程：2，日期：20260513，模式：memory，完成
2026-07-14 09:27:55 - ERROR - utils.multi_thread_parser - multi_thread_parser.py:134 - 解析线程数据，规则：read_design，线程：4，日期：20260513，模式：memory，完成
2026-07-14 09:27:55 - ERROR - utils.multi_thread_parser - multi_thread_parser.py:134 - 解析线程数据，规则：E0001，线程：2，日期：20260515，模式：runtime，完成
2026-07-14 09:27:55 - ERROR - utils.multi_thread_parser - multi_thread_parser.py:134 - 解析线程数据，规则：E0001，线程：4，日期：20260515，模式：runtime，完成
2026-07-14 09:27:55 - ERROR - utils.multi_thread_parser - multi_thread_parser.py:134 - 解析线程数据，规则：E0001，线程：2，日期：20260515，模式：memory，完成
2026-07-14 09:27:55 - ERROR - utils.multi_thread_parser - multi_thread_parser.py:134 - 解析线程数据，规则：E0001，线程：4，日期：20260515，模式：memory，完成
2026-07-14 09:27:55 - ERROR - utils.multi_thread_parser - multi_thread_parser.py:134 - 解析线程数据，规则：E0002，线程：2，日期：20260515，模式：runtime，完成
2026-07-14 09:27:55 - ERROR - utils.multi_thread_parser - multi_thread_parser.py:134 - 解析线程数据，规则：E0002，线程：4，日期：20260515，模式：runtime，完成
2026-07-14 09:27:55 - ERROR - utils.multi_thread_parser - multi_thread_parser.py:134 - 解析线程数据，规则：E0002，线程：2，日期：20260515，模式：memory，完成
2026-07-14 09:27:55 - ERROR - utils.multi_thread_parser - multi_thread_parser.py:134 - 解析线程数据，规则：E0002，线程：4，日期：20260515，模式：memory，完成
2026-07-14 09:27:55 - ERROR - utils.multi_thread_parser - multi_thread_parser.py:134 - 解析线程数据，规则：E0003，线程：2，日期：20260515，模式：runtime，完成
2026-07-14 09:27:55 - ERROR - utils.multi_thread_parser - multi_thread_parser.py:134 - 解析线程数据，规则：E0003，线程：4，日期：20260515，模式：runtime，完成
2026-07-14 09:27:55 - ERROR - utils.multi_thread_parser - multi_thread_parser.py:134 - 解析线程数据，规则：E0003，线程：2，日期：20260515，模式：memory，完成
2026-07-14 09:27:55 - ERROR - utils.multi_thread_parser - multi_thread_parser.py:134 - 解析线程数据，规则：E0003，线程：4，日期：20260515，模式：memory，完成
2026-07-14 09:27:55 - ERROR - utils.multi_thread_parser - multi_thread_parser.py:134 - 解析线程数据，规则：E0004，线程：2，日期：20260515，模式：runtime，完成
2026-07-14 09:27:55 - ERROR - utils.multi_thread_parser - multi_thread_parser.py:134 - 解析线程数据，规则：E0004，线程：4，日期：20260515，模式：runtime，完成
2026-07-14 09:27:55 - ERROR - utils.multi_thread_parser - multi_thread_parser.py:134 - 解析线程数据，规则：E0004，线程：2，日期：20260515，模式：memory，完成
2026-07-14 09:27:55 - ERROR - utils.multi_thread_parser - multi_thread_parser.py:134 - 解析线程数据，规则：E0004，线程：4，日期：20260515，模式：memory，完成
2026-07-14 09:27:55 - ERROR - utils.multi_thread_parser - multi_thread_parser.py:134 - 解析线程数据，规则：check_lint，线程：4，日期：20260515，模式：runtime，完成
2026-07-14 09:27:55 - ERROR - utils.multi_thread_parser - multi_thread_parser.py:134 - 解析线程数据，规则：check_lint，线程：4，日期：20260515，模式：memory，完成
2026-07-14 09:27:55 - ERROR - utils.multi_thread_parser - multi_thread_parser.py:134 - 解析线程数据，规则：Overall，线程：4，日期：20260515，模式：runtime，完成
2026-07-14 09:27:55 - ERROR - utils.multi_thread_parser - multi_thread_parser.py:134 - 解析线程数据，规则：Overall，线程：4，日期：20260515，模式：memory，完成
2026-07-14 09:27:55 - ERROR - utils.multi_thread_parser - multi_thread_parser.py:134 - 解析线程数据，规则：read_design，线程：4，日期：20260515，模式：runtime，完成
2026-07-14 09:27:55 - ERROR - utils.multi_thread_parser - multi_thread_parser.py:134 - 解析线程数据，规则：read_design，线程：4，日期：20260515，模式：memory，完成
2026-07-14 09:27:55 - ERROR - utils.multi_thread_parser - multi_thread_parser.py:134 - 解析线程数据，规则：E0001，线程：2，日期：20260516，模式：runtime，完成
2026-07-14 09:27:55 - ERROR - utils.multi_thread_parser - multi_thread_parser.py:134 - 解析线程数据，规则：E0001，线程：4，日期：20260516，模式：runtime，完成
2026-07-14 09:27:55 - ERROR - utils.multi_thread_parser - multi_thread_parser.py:134 - 解析线程数据，规则：E0001，线程：2，日期：20260516，模式：memory，完成
2026-07-14 09:27:55 - ERROR - utils.multi_thread_parser - multi_thread_parser.py:134 - 解析线程数据，规则：E0001，线程：4，日期：20260516，模式：memory，完成
2026-07-14 09:27:55 - ERROR - utils.multi_thread_parser - multi_thread_parser.py:134 - 解析线程数据，规则：E0002，线程：2，日期：20260516，模式：runtime，完成
2026-07-14 09:27:55 - ERROR - utils.multi_thread_parser - multi_thread_parser.py:134 - 解析线程数据，规则：E0002，线程：4，日期：20260516，模式：runtime，完成
2026-07-14 09:27:55 - ERROR - utils.multi_thread_parser - multi_thread_parser.py:134 - 解析线程数据，规则：E0002，线程：2，日期：20260516，模式：memory，完成
2026-07-14 09:27:55 - ERROR - utils.multi_thread_parser - multi_thread_parser.py:134 - 解析线程数据，规则：E0002，线程：4，日期：20260516，模式：memory，完成
2026-07-14 09:27:55 - ERROR - utils.multi_thread_parser - multi_thread_parser.py:134 - 解析线程数据，规则：E0003，线程：2，日期：20260516，模式：runtime，完成
2026-07-14 09:27:55 - ERROR - utils.multi_thread_parser - multi_thread_parser.py:134 - 解析线程数据，规则：E0003，线程：4，日期：20260516，模式：runtime，完成
2026-07-14 09:27:55 - ERROR - utils.multi_thread_parser - multi_thread_parser.py:134 - 解析线程数据，规则：E0003，线程：2，日期：20260516，模式：memory，完成
2026-07-14 09:27:55 - ERROR - utils.multi_thread_parser - multi_thread_parser.py:134 - 解析线程数据，规则：E0003，线程：4，日期：20260516，模式：memory，完成
2026-07-14 09:27:55 - ERROR - utils.multi_thread_parser - multi_thread_parser.py:134 - 解析线程数据，规则：E0004，线程：2，日期：20260516，模式：runtime，完成
2026-07-14 09:27:55 - ERROR - utils.multi_thread_parser - multi_thread_parser.py:134 - 解析线程数据，规则：E0004，线程：4，日期：20260516，模式：runtime，完成
2026-07-14 09:27:55 - ERROR - utils.multi_thread_parser - multi_thread_parser.py:134 - 解析线程数据，规则：E0004，线程：2，日期：20260516，模式：memory，完成
2026-07-14 09:27:55 - ERROR - utils.multi_thread_parser - multi_thread_parser.py:134 - 解析线程数据，规则：E0004，线程：4，日期：20260516，模式：memory，完成
2026-07-14 09:27:55 - ERROR - utils.multi_thread_parser - multi_thread_parser.py:134 - 解析线程数据，规则：check_lint，线程：4，日期：20260516，模式：runtime，完成
2026-07-14 09:27:55 - ERROR - utils.multi_thread_parser - multi_thread_parser.py:134 - 解析线程数据，规则：check_lint，线程：4，日期：20260516，模式：memory，完成
2026-07-14 09:27:55 - ERROR - utils.multi_thread_parser - multi_thread_parser.py:134 - 解析线程数据，规则：Overall，线程：4，日期：20260516，模式：runtime，完成
2026-07-14 09:27:55 - ERROR - utils.multi_thread_parser - multi_thread_parser.py:134 - 解析线程数据，规则：Overall，线程：4，日期：20260516，模式：memory，完成
2026-07-14 09:27:55 - ERROR - utils.multi_thread_parser - multi_thread_parser.py:134 - 解析线程数据，规则：read_design，线程：4，日期：20260516，模式：runtime，完成
2026-07-14 09:27:55 - ERROR - utils.multi_thread_parser - multi_thread_parser.py:134 - 解析线程数据，规则：read_design，线程：4，日期：20260516，模式：memory，完成
2026-07-14 09:27:55 - ERROR - utils.multi_thread_parser - multi_thread_parser.py:134 - 解析线程数据，规则：E0001，线程：2，日期：20260517，模式：runtime，完成
2026-07-14 09:27:55 - ERROR - utils.multi_thread_parser - multi_thread_parser.py:134 - 解析线程数据，规则：E0001，线程：4，日期：20260517，模式：runtime，完成
2026-07-14 09:27:55 - ERROR - utils.multi_thread_parser - multi_thread_parser.py:134 - 解析线程数据，规则：E0001，线程：2，日期：20260517，模式：memory，完成
2026-07-14 09:27:55 - ERROR - utils.multi_thread_parser - multi_thread_parser.py:134 - 解析线程数据，规则：E0001，线程：4，日期：20260517，模式：memory，完成
2026-07-14 09:27:55 - ERROR - utils.multi_thread_parser - multi_thread_parser.py:134 - 解析线程数据，规则：E0002，线程：2，日期：20260517，模式：runtime，完成
2026-07-14 09:27:55 - ERROR - utils.multi_thread_parser - multi_thread_parser.py:134 - 解析线程数据，规则：E0002，线程：4，日期：20260517，模式：runtime，完成
2026-07-14 09:27:55 - ERROR - utils.multi_thread_parser - multi_thread_parser.py:134 - 解析线程数据，规则：E0002，线程：2，日期：20260517，模式：memory，完成
2026-07-14 09:27:55 - ERROR - utils.multi_thread_parser - multi_thread_parser.py:134 - 解析线程数据，规则：E0002，线程：4，日期：20260517，模式：memory，完成
2026-07-14 09:27:55 - ERROR - utils.multi_thread_parser - multi_thread_parser.py:134 - 解析线程数据，规则：E0003，线程：2，日期：20260517，模式：runtime，完成
2026-07-14 09:27:55 - ERROR - utils.multi_thread_parser - multi_thread_parser.py:134 - 解析线程数据，规则：E0003，线程：4，日期：20260517，模式：runtime，完成
2026-07-14 09:27:55 - ERROR - utils.multi_thread_parser - multi_thread_parser.py:134 - 解析线程数据，规则：E0003，线程：2，日期：20260517，模式：memory，完成
2026-07-14 09:27:55 - ERROR - utils.multi_thread_parser - multi_thread_parser.py:134 - 解析线程数据，规则：E0003，线程：4，日期：20260517，模式：memory，完成
2026-07-14 09:27:55 - ERROR - utils.multi_thread_parser - multi_thread_parser.py:134 - 解析线程数据，规则：E0004，线程：2，日期：20260517，模式：runtime，完成
2026-07-14 09:27:55 - ERROR - utils.multi_thread_parser - multi_thread_parser.py:134 - 解析线程数据，规则：E0004，线程：4，日期：20260517，模式：runtime，完成
2026-07-14 09:27:55 - ERROR - utils.multi_thread_parser - multi_thread_parser.py:134 - 解析线程数据，规则：E0004，线程：2，日期：20260517，模式：memory，完成
2026-07-14 09:27:55 - ERROR - utils.multi_thread_parser - multi_thread_parser.py:134 - 解析线程数据，规则：E0004，线程：4，日期：20260517，模式：memory，完成
2026-07-14 09:27:55 - ERROR - utils.multi_thread_parser - multi_thread_parser.py:134 - 解析线程数据，规则：check_lint，线程：4，日期：20260517，模式：runtime，完成
2026-07-14 09:27:55 - ERROR - utils.multi_thread_parser - multi_thread_parser.py:134 - 解析线程数据，规则：check_lint，线程：4，日期：20260517，模式：memory，完成
2026-07-14 09:27:55 - ERROR - utils.multi_thread_parser - multi_thread_parser.py:134 - 解析线程数据，规则：Overall，线程：4，日期：20260517，模式：runtime，完成
2026-07-14 09:27:55 - ERROR - utils.multi_thread_parser - multi_thread_parser.py:134 - 解析线程数据，规则：Overall，线程：4，日期：20260517，模式：memory，完成
2026-07-14 09:27:55 - ERROR - utils.multi_thread_parser - multi_thread_parser.py:134 - 解析线程数据，规则：read_design，线程：4，日期：20260517，模式：runtime，完成
2026-07-14 09:27:55 - ERROR - utils.multi_thread_parser - multi_thread_parser.py:134 - 解析线程数据，规则：read_design，线程：4，日期：20260517，模式：memory，完成
2026-07-14 09:27:55 - ERROR - utils.multi_thread_parser - multi_thread_parser.py:60 - 解析多线程数据，模式：multi，工具ID：elint，casename：aes，完成
2026-07-14 09:27:55 - ERROR - utils.multi_thread_parser - multi_thread_parser.py:66 - 解析多线程数据，模式：multi，工具ID：elint，casename：aes，日期：20260511，规则：E0001，完成
2026-07-14 09:27:55 - ERROR - utils.multi_thread_parser - multi_thread_parser.py:66 - 解析多线程数据，模式：multi，工具ID：elint，casename：aes，日期：20260511，规则：E0002，完成
2026-07-14 09:27:55 - ERROR - utils.multi_thread_parser - multi_thread_parser.py:66 - 解析多线程数据，模式：multi，工具ID：elint，casename：aes，日期：20260511，规则：E0003，完成
2026-07-14 09:27:55 - ERROR - utils.multi_thread_parser - multi_thread_parser.py:66 - 解析多线程数据，模式：multi，工具ID：elint，casename：aes，日期：20260511，规则：E0004，完成
2026-07-14 09:27:55 - ERROR - utils.multi_thread_parser - multi_thread_parser.py:66 - 解析多线程数据，模式：multi，工具ID：elint，casename：aes，日期：20260511，规则：check_lint，完成
2026-07-14 09:27:55 - ERROR - utils.multi_thread_parser - multi_thread_parser.py:66 - 解析多线程数据，模式：multi，工具ID：elint，casename：aes，日期：20260511，规则：Overall，完成
2026-07-14 09:27:55 - ERROR - utils.multi_thread_parser - multi_thread_parser.py:66 - 解析多线程数据，模式：multi，工具ID：elint，casename：aes，日期：20260511，规则：read_design，完成
2026-07-14 09:27:55 - ERROR - utils.multi_thread_parser - multi_thread_parser.py:66 - 解析多线程数据，模式：multi，工具ID：elint，casename：aes，日期：20260511，规则：save_session，完成
2026-07-14 09:27:55 - ERROR - utils.multi_thread_parser - multi_thread_parser.py:66 - 解析多线程数据，模式：multi，工具ID：elint，casename：aes，日期：20260513，规则：E0001，完成
2026-07-14 09:27:55 - ERROR - utils.multi_thread_parser - multi_thread_parser.py:66 - 解析多线程数据，模式：multi，工具ID：elint，casename：aes，日期：20260513，规则：E0002，完成
2026-07-14 09:27:55 - ERROR - utils.multi_thread_parser - multi_thread_parser.py:66 - 解析多线程数据，模式：multi，工具ID：elint，casename：aes，日期：20260513，规则：E0003，完成
2026-07-14 09:27:55 - ERROR - utils.multi_thread_parser - multi_thread_parser.py:66 - 解析多线程数据，模式：multi，工具ID：elint，casename：aes，日期：20260513，规则：E0004，完成
2026-07-14 09:27:55 - ERROR - utils.multi_thread_parser - multi_thread_parser.py:66 - 解析多线程数据，模式：multi，工具ID：elint，casename：aes，日期：20260513，规则：check_lint，完成
2026-07-14 09:27:55 - ERROR - utils.multi_thread_parser - multi_thread_parser.py:66 - 解析多线程数据，模式：multi，工具ID：elint，casename：aes，日期：20260513，规则：Overall，完成
2026-07-14 09:27:55 - ERROR - utils.multi_thread_parser - multi_thread_parser.py:66 - 解析多线程数据，模式：multi，工具ID：elint，casename：aes，日期：20260513，规则：read_design，完成
2026-07-14 09:27:55 - ERROR - utils.multi_thread_parser - multi_thread_parser.py:66 - 解析多线程数据，模式：multi，工具ID：elint，casename：aes，日期：20260515，规则：E0001，完成
2026-07-14 09:27:55 - ERROR - utils.multi_thread_parser - multi_thread_parser.py:66 - 解析多线程数据，模式：multi，工具ID：elint，casename：aes，日期：20260515，规则：E0002，完成
2026-07-14 09:27:55 - ERROR - utils.multi_thread_parser - multi_thread_parser.py:66 - 解析多线程数据，模式：multi，工具ID：elint，casename：aes，日期：20260515，规则：E0003，完成
2026-07-14 09:27:55 - ERROR - utils.multi_thread_parser - multi_thread_parser.py:66 - 解析多线程数据，模式：multi，工具ID：elint，casename：aes，日期：20260515，规则：E0004，完成
2026-07-14 09:27:55 - ERROR - utils.multi_thread_parser - multi_thread_parser.py:66 - 解析多线程数据，模式：multi，工具ID：elint，casename：aes，日期：20260515，规则：check_lint，完成
2026-07-14 09:27:55 - ERROR - utils.multi_thread_parser - multi_thread_parser.py:66 - 解析多线程数据，模式：multi，工具ID：elint，casename：aes，日期：20260515，规则：Overall，完成
2026-07-14 09:27:55 - ERROR - utils.multi_thread_parser - multi_thread_parser.py:66 - 解析多线程数据，模式：multi，工具ID：elint，casename：aes，日期：20260515，规则：read_design，完成
2026-07-14 09:27:55 - ERROR - utils.multi_thread_parser - multi_thread_parser.py:66 - 解析多线程数据，模式：multi，工具ID：elint，casename：aes，日期：20260516，规则：E0001，完成
2026-07-14 09:27:55 - ERROR - utils.multi_thread_parser - multi_thread_parser.py:66 - 解析多线程数据，模式：multi，工具ID：elint，casename：aes，日期：20260516，规则：E0002，完成
2026-07-14 09:27:55 - ERROR - utils.multi_thread_parser - multi_thread_parser.py:66 - 解析多线程数据，模式：multi，工具ID：elint，casename：aes，日期：20260516，规则：E0003，完成
2026-07-14 09:27:55 - ERROR - utils.multi_thread_parser - multi_thread_parser.py:66 - 解析多线程数据，模式：multi，工具ID：elint，casename：aes，日期：20260516，规则：E0004，完成
2026-07-14 09:27:55 - ERROR - utils.multi_thread_parser - multi_thread_parser.py:66 - 解析多线程数据，模式：multi，工具ID：elint，casename：aes，日期：20260516，规则：check_lint，完成
2026-07-14 09:27:55 - ERROR - utils.multi_thread_parser - multi_thread_parser.py:66 - 解析多线程数据，模式：multi，工具ID：elint，casename：aes，日期：20260516，规则：Overall，完成
2026-07-14 09:27:55 - ERROR - utils.multi_thread_parser - multi_thread_parser.py:66 - 解析多线程数据，模式：multi，工具ID：elint，casename：aes，日期：20260516，规则：read_design，完成
2026-07-14 09:27:55 - ERROR - utils.multi_thread_parser - multi_thread_parser.py:66 - 解析多线程数据，模式：multi，工具ID：elint，casename：aes，日期：20260517，规则：E0001，完成
2026-07-14 09:27:55 - ERROR - utils.multi_thread_parser - multi_thread_parser.py:66 - 解析多线程数据，模式：multi，工具ID：elint，casename：aes，日期：20260517，规则：E0002，完成
2026-07-14 09:27:55 - ERROR - utils.multi_thread_parser - multi_thread_parser.py:66 - 解析多线程数据，模式：multi，工具ID：elint，casename：aes，日期：20260517，规则：E0003，完成
2026-07-14 09:27:55 - ERROR - utils.multi_thread_parser - multi_thread_parser.py:66 - 解析多线程数据，模式：multi，工具ID：elint，casename：aes，日期：20260517，规则：E0004，完成
2026-07-14 09:27:55 - ERROR - utils.multi_thread_parser - multi_thread_parser.py:66 - 解析多线程数据，模式：multi，工具ID：elint，casename：aes，日期：20260517，规则：check_lint，完成
2026-07-14 09:27:55 - ERROR - utils.multi_thread_parser - multi_thread_parser.py:66 - 解析多线程数据，模式：multi，工具ID：elint，casename：aes，日期：20260517，规则：Overall，完成
2026-07-14 09:27:55 - ERROR - utils.multi_thread_parser - multi_thread_parser.py:66 - 解析多线程数据，模式：multi，工具ID：elint，casename：aes，日期：20260517，规则：read_design，完成
2026-07-14 09:27:55 - ERROR - utils.multi_thread_parser - multi_thread_parser.py:134 - 解析线程数据，规则：E0001，线程：2，日期：20260511，模式：runtime，完成
2026-07-14 09:27:55 - ERROR - utils.multi_thread_parser - multi_thread_parser.py:134 - 解析线程数据，规则：E0001，线程：4，日期：20260511，模式：runtime，完成
2026-07-14 09:27:55 - ERROR - utils.multi_thread_parser - multi_thread_parser.py:134 - 解析线程数据，规则：E0001，线程：2，日期：20260511，模式：memory，完成
2026-07-14 09:27:55 - ERROR - utils.multi_thread_parser - multi_thread_parser.py:134 - 解析线程数据，规则：E0001，线程：4，日期：20260511，模式：memory，完成
2026-07-14 09:27:55 - ERROR - utils.multi_thread_parser - multi_thread_parser.py:134 - 解析线程数据，规则：E0002，线程：2，日期：20260511，模式：runtime，完成
2026-07-14 09:27:55 - ERROR - utils.multi_thread_parser - multi_thread_parser.py:134 - 解析线程数据，规则：E0002，线程：4，日期：20260511，模式：runtime，完成
2026-07-14 09:27:55 - ERROR - utils.multi_thread_parser - multi_thread_parser.py:134 - 解析线程数据，规则：E0002，线程：2，日期：20260511，模式：memory，完成
2026-07-14 09:27:55 - ERROR - utils.multi_thread_parser - multi_thread_parser.py:134 - 解析线程数据，规则：E0002，线程：4，日期：20260511，模式：memory，完成
2026-07-14 09:27:55 - ERROR - utils.multi_thread_parser - multi_thread_parser.py:134 - 解析线程数据，规则：E0003，线程：2，日期：20260511，模式：runtime，完成
2026-07-14 09:27:55 - ERROR - utils.multi_thread_parser - multi_thread_parser.py:134 - 解析线程数据，规则：E0003，线程：4，日期：20260511，模式：runtime，完成
2026-07-14 09:27:55 - ERROR - utils.multi_thread_parser - multi_thread_parser.py:134 - 解析线程数据，规则：E0003，线程：2，日期：20260511，模式：memory，完成
2026-07-14 09:27:55 - ERROR - utils.multi_thread_parser - multi_thread_parser.py:134 - 解析线程数据，规则：E0003，线程：4，日期：20260511，模式：memory，完成
2026-07-14 09:27:55 - ERROR - utils.multi_thread_parser - multi_thread_parser.py:134 - 解析线程数据，规则：E0004，线程：2，日期：20260511，模式：runtime，完成
2026-07-14 09:27:55 - ERROR - utils.multi_thread_parser - multi_thread_parser.py:134 - 解析线程数据，规则：E0004，线程：4，日期：20260511，模式：runtime，完成
2026-07-14 09:27:55 - ERROR - utils.multi_thread_parser - multi_thread_parser.py:134 - 解析线程数据，规则：E0004，线程：2，日期：20260511，模式：memory，完成
2026-07-14 09:27:55 - ERROR - utils.multi_thread_parser - multi_thread_parser.py:134 - 解析线程数据，规则：E0004，线程：4，日期：20260511，模式：memory，完成
2026-07-14 09:27:55 - ERROR - utils.multi_thread_parser - multi_thread_parser.py:134 - 解析线程数据，规则：check_lint，线程：2，日期：20260511，模式：runtime，完成
2026-07-14 09:27:55 - ERROR - utils.multi_thread_parser - multi_thread_parser.py:134 - 解析线程数据，规则：check_lint，线程：4，日期：20260511，模式：runtime，完成
2026-07-14 09:27:55 - ERROR - utils.multi_thread_parser - multi_thread_parser.py:134 - 解析线程数据，规则：check_lint，线程：2，日期：20260511，模式：memory，完成
2026-07-14 09:27:55 - ERROR - utils.multi_thread_parser - multi_thread_parser.py:134 - 解析线程数据，规则：check_lint，线程：4，日期：20260511，模式：memory，完成
2026-07-14 09:27:55 - ERROR - utils.multi_thread_parser - multi_thread_parser.py:134 - 解析线程数据，规则：Overall，线程：2，日期：20260511，模式：runtime，完成
2026-07-14 09:27:55 - ERROR - utils.multi_thread_parser - multi_thread_parser.py:134 - 解析线程数据，规则：Overall，线程：4，日期：20260511，模式：runtime，完成
2026-07-14 09:27:55 - ERROR - utils.multi_thread_parser - multi_thread_parser.py:134 - 解析线程数据，规则：Overall，线程：2，日期：20260511，模式：memory，完成
2026-07-14 09:27:55 - ERROR - utils.multi_thread_parser - multi_thread_parser.py:134 - 解析线程数据，规则：Overall，线程：4，日期：20260511，模式：memory，完成
2026-07-14 09:27:55 - ERROR - utils.multi_thread_parser - multi_thread_parser.py:134 - 解析线程数据，规则：read_design，线程：2，日期：20260511，模式：runtime，完成
2026-07-14 09:27:55 - ERROR - utils.multi_thread_parser - multi_thread_parser.py:134 - 解析线程数据，规则：read_design，线程：4，日期：20260511，模式：runtime，完成
2026-07-14 09:27:55 - ERROR - utils.multi_thread_parser - multi_thread_parser.py:134 - 解析线程数据，规则：read_design，线程：2，日期：20260511，模式：memory，完成
2026-07-14 09:27:55 - ERROR - utils.multi_thread_parser - multi_thread_parser.py:134 - 解析线程数据，规则：read_design，线程：4，日期：20260511，模式：memory，完成
2026-07-14 09:27:55 - ERROR - utils.multi_thread_parser - multi_thread_parser.py:134 - 解析线程数据，规则：E0001，线程：2，日期：20260513，模式：runtime，完成
2026-07-14 09:27:55 - ERROR - utils.multi_thread_parser - multi_thread_parser.py:134 - 解析线程数据，规则：E0001，线程：4，日期：20260513，模式：runtime，完成
2026-07-14 09:27:55 - ERROR - utils.multi_thread_parser - multi_thread_parser.py:134 - 解析线程数据，规则：E0001，线程：2，日期：20260513，模式：memory，完成
2026-07-14 09:27:55 - ERROR - utils.multi_thread_parser - multi_thread_parser.py:134 - 解析线程数据，规则：E0001，线程：4，日期：20260513，模式：memory，完成
2026-07-14 09:27:55 - ERROR - utils.multi_thread_parser - multi_thread_parser.py:134 - 解析线程数据，规则：E0002，线程：2，日期：20260513，模式：runtime，完成
2026-07-14 09:27:55 - ERROR - utils.multi_thread_parser - multi_thread_parser.py:134 - 解析线程数据，规则：E0002，线程：4，日期：20260513，模式：runtime，完成
2026-07-14 09:27:55 - ERROR - utils.multi_thread_parser - multi_thread_parser.py:134 - 解析线程数据，规则：E0002，线程：2，日期：20260513，模式：memory，完成
2026-07-14 09:27:55 - ERROR - utils.multi_thread_parser - multi_thread_parser.py:134 - 解析线程数据，规则：E0002，线程：4，日期：20260513，模式：memory，完成
2026-07-14 09:27:55 - ERROR - utils.multi_thread_parser - multi_thread_parser.py:134 - 解析线程数据，规则：E0003，线程：2，日期：20260513，模式：runtime，完成
2026-07-14 09:27:55 - ERROR - utils.multi_thread_parser - multi_thread_parser.py:134 - 解析线程数据，规则：E0003，线程：4，日期：20260513，模式：runtime，完成
2026-07-14 09:27:55 - ERROR - utils.multi_thread_parser - multi_thread_parser.py:134 - 解析线程数据，规则：E0003，线程：2，日期：20260513，模式：memory，完成
2026-07-14 09:27:55 - ERROR - utils.multi_thread_parser - multi_thread_parser.py:134 - 解析线程数据，规则：E0003，线程：4，日期：20260513，模式：memory，完成
2026-07-14 09:27:55 - ERROR - utils.multi_thread_parser - multi_thread_parser.py:134 - 解析线程数据，规则：E0004，线程：2，日期：20260513，模式：runtime，完成
2026-07-14 09:27:55 - ERROR - utils.multi_thread_parser - multi_thread_parser.py:134 - 解析线程数据，规则：E0004，线程：4，日期：20260513，模式：runtime，完成
2026-07-14 09:27:55 - ERROR - utils.multi_thread_parser - multi_thread_parser.py:134 - 解析线程数据，规则：E0004，线程：2，日期：20260513，模式：memory，完成
2026-07-14 09:27:55 - ERROR - utils.multi_thread_parser - multi_thread_parser.py:134 - 解析线程数据，规则：E0004，线程：4，日期：20260513，模式：memory，完成
2026-07-14 09:27:55 - ERROR - utils.multi_thread_parser - multi_thread_parser.py:134 - 解析线程数据，规则：check_lint，线程：2，日期：20260513，模式：runtime，完成
2026-07-14 09:27:55 - ERROR - utils.multi_thread_parser - multi_thread_parser.py:134 - 解析线程数据，规则：check_lint，线程：4，日期：20260513，模式：runtime，完成
2026-07-14 09:27:55 - ERROR - utils.multi_thread_parser - multi_thread_parser.py:134 - 解析线程数据，规则：check_lint，线程：2，日期：20260513，模式：memory，完成
2026-07-14 09:27:55 - ERROR - utils.multi_thread_parser - multi_thread_parser.py:134 - 解析线程数据，规则：check_lint，线程：4，日期：20260513，模式：memory，完成
2026-07-14 09:27:55 - ERROR - utils.multi_thread_parser - multi_thread_parser.py:134 - 解析线程数据，规则：Overall，线程：2，日期：20260513，模式：runtime，完成
2026-07-14 09:27:55 - ERROR - utils.multi_thread_parser - multi_thread_parser.py:134 - 解析线程数据，规则：Overall，线程：4，日期：20260513，模式：runtime，完成
2026-07-14 09:27:55 - ERROR - utils.multi_thread_parser - multi_thread_parser.py:134 - 解析线程数据，规则：Overall，线程：2，日期：20260513，模式：memory，完成
2026-07-14 09:27:55 - ERROR - utils.multi_thread_parser - multi_thread_parser.py:134 - 解析线程数据，规则：Overall，线程：4，日期：20260513，模式：memory，完成
2026-07-14 09:27:55 - ERROR - utils.multi_thread_parser - multi_thread_parser.py:134 - 解析线程数据，规则：read_design，线程：2，日期：20260513，模式：runtime，完成
2026-07-14 09:27:55 - ERROR - utils.multi_thread_parser - multi_thread_parser.py:134 - 解析线程数据，规则：read_design，线程：4，日期：20260513，模式：runtime，完成
2026-07-14 09:27:55 - ERROR - utils.multi_thread_parser - multi_thread_parser.py:134 - 解析线程数据，规则：read_design，线程：2，日期：20260513，模式：memory，完成
2026-07-14 09:27:55 - ERROR - utils.multi_thread_parser - multi_thread_parser.py:134 - 解析线程数据，规则：read_design，线程：4，日期：20260513，模式：memory，完成
2026-07-14 09:27:55 - ERROR - utils.multi_thread_parser - multi_thread_parser.py:134 - 解析线程数据，规则：E0001，线程：2，日期：20260515，模式：runtime，完成
2026-07-14 09:27:55 - ERROR - utils.multi_thread_parser - multi_thread_parser.py:134 - 解析线程数据，规则：E0001，线程：4，日期：20260515，模式：runtime，完成
2026-07-14 09:27:55 - ERROR - utils.multi_thread_parser - multi_thread_parser.py:134 - 解析线程数据，规则：E0001，线程：2，日期：20260515，模式：memory，完成
2026-07-14 09:27:55 - ERROR - utils.multi_thread_parser - multi_thread_parser.py:134 - 解析线程数据，规则：E0001，线程：4，日期：20260515，模式：memory，完成
2026-07-14 09:27:55 - ERROR - utils.multi_thread_parser - multi_thread_parser.py:134 - 解析线程数据，规则：E0002，线程：2，日期：20260515，模式：runtime，完成
2026-07-14 09:27:55 - ERROR - utils.multi_thread_parser - multi_thread_parser.py:134 - 解析线程数据，规则：E0002，线程：4，日期：20260515，模式：runtime，完成
2026-07-14 09:27:55 - ERROR - utils.multi_thread_parser - multi_thread_parser.py:134 - 解析线程数据，规则：E0002，线程：2，日期：20260515，模式：memory，完成
2026-07-14 09:27:55 - ERROR - utils.multi_thread_parser - multi_thread_parser.py:134 - 解析线程数据，规则：E0002，线程：4，日期：20260515，模式：memory，完成
2026-07-14 09:27:55 - ERROR - utils.multi_thread_parser - multi_thread_parser.py:134 - 解析线程数据，规则：E0003，线程：2，日期：20260515，模式：runtime，完成
2026-07-14 09:27:55 - ERROR - utils.multi_thread_parser - multi_thread_parser.py:134 - 解析线程数据，规则：E0003，线程：4，日期：20260515，模式：runtime，完成
2026-07-14 09:27:55 - ERROR - utils.multi_thread_parser - multi_thread_parser.py:134 - 解析线程数据，规则：E0003，线程：2，日期：20260515，模式：memory，完成
2026-07-14 09:27:55 - ERROR - utils.multi_thread_parser - multi_thread_parser.py:134 - 解析线程数据，规则：E0003，线程：4，日期：20260515，模式：memory，完成
2026-07-14 09:27:55 - ERROR - utils.multi_thread_parser - multi_thread_parser.py:134 - 解析线程数据，规则：E0004，线程：2，日期：20260515，模式：runtime，完成
2026-07-14 09:27:55 - ERROR - utils.multi_thread_parser - multi_thread_parser.py:134 - 解析线程数据，规则：E0004，线程：4，日期：20260515，模式：runtime，完成
2026-07-14 09:27:55 - ERROR - utils.multi_thread_parser - multi_thread_parser.py:134 - 解析线程数据，规则：E0004，线程：2，日期：20260515，模式：memory，完成
2026-07-14 09:27:55 - ERROR - utils.multi_thread_parser - multi_thread_parser.py:134 - 解析线程数据，规则：E0004，线程：4，日期：20260515，模式：memory，完成
2026-07-14 09:27:55 - ERROR - utils.multi_thread_parser - multi_thread_parser.py:134 - 解析线程数据，规则：check_lint，线程：2，日期：20260515，模式：runtime，完成
2026-07-14 09:27:55 - ERROR - utils.multi_thread_parser - multi_thread_parser.py:134 - 解析线程数据，规则：check_lint，线程：4，日期：20260515，模式：runtime，完成
2026-07-14 09:27:55 - ERROR - utils.multi_thread_parser - multi_thread_parser.py:134 - 解析线程数据，规则：check_lint，线程：2，日期：20260515，模式：memory，完成
2026-07-14 09:27:55 - ERROR - utils.multi_thread_parser - multi_thread_parser.py:134 - 解析线程数据，规则：check_lint，线程：4，日期：20260515，模式：memory，完成
2026-07-14 09:27:55 - ERROR - utils.multi_thread_parser - multi_thread_parser.py:134 - 解析线程数据，规则：Overall，线程：2，日期：20260515，模式：runtime，完成
2026-07-14 09:27:55 - ERROR - utils.multi_thread_parser - multi_thread_parser.py:134 - 解析线程数据，规则：Overall，线程：4，日期：20260515，模式：runtime，完成
2026-07-14 09:27:55 - ERROR - utils.multi_thread_parser - multi_thread_parser.py:134 - 解析线程数据，规则：Overall，线程：2，日期：20260515，模式：memory，完成
2026-07-14 09:27:55 - ERROR - utils.multi_thread_parser - multi_thread_parser.py:134 - 解析线程数据，规则：Overall，线程：4，日期：20260515，模式：memory，完成
2026-07-14 09:27:55 - ERROR - utils.multi_thread_parser - multi_thread_parser.py:134 - 解析线程数据，规则：read_design，线程：2，日期：20260515，模式：runtime，完成
2026-07-14 09:27:55 - ERROR - utils.multi_thread_parser - multi_thread_parser.py:134 - 解析线程数据，规则：read_design，线程：4，日期：20260515，模式：runtime，完成
2026-07-14 09:27:55 - ERROR - utils.multi_thread_parser - multi_thread_parser.py:134 - 解析线程数据，规则：read_design，线程：2，日期：20260515，模式：memory，完成
2026-07-14 09:27:55 - ERROR - utils.multi_thread_parser - multi_thread_parser.py:134 - 解析线程数据，规则：read_design，线程：4，日期：20260515，模式：memory，完成
2026-07-14 09:27:55 - ERROR - utils.multi_thread_parser - multi_thread_parser.py:134 - 解析线程数据，规则：E0001，线程：2，日期：20260516，模式：runtime，完成
2026-07-14 09:27:55 - ERROR - utils.multi_thread_parser - multi_thread_parser.py:134 - 解析线程数据，规则：E0001，线程：4，日期：20260516，模式：runtime，完成
2026-07-14 09:27:55 - ERROR - utils.multi_thread_parser - multi_thread_parser.py:134 - 解析线程数据，规则：E0001，线程：2，日期：20260516，模式：memory，完成
2026-07-14 09:27:55 - ERROR - utils.multi_thread_parser - multi_thread_parser.py:134 - 解析线程数据，规则：E0001，线程：4，日期：20260516，模式：memory，完成
2026-07-14 09:27:55 - ERROR - utils.multi_thread_parser - multi_thread_parser.py:134 - 解析线程数据，规则：E0002，线程：2，日期：20260516，模式：runtime，完成
2026-07-14 09:27:55 - ERROR - utils.multi_thread_parser - multi_thread_parser.py:134 - 解析线程数据，规则：E0002，线程：4，日期：20260516，模式：runtime，完成
2026-07-14 09:27:55 - ERROR - utils.multi_thread_parser - multi_thread_parser.py:134 - 解析线程数据，规则：E0002，线程：2，日期：20260516，模式：memory，完成
2026-07-14 09:27:55 - ERROR - utils.multi_thread_parser - multi_thread_parser.py:134 - 解析线程数据，规则：E0002，线程：4，日期：20260516，模式：memory，完成
2026-07-14 09:27:55 - ERROR - utils.multi_thread_parser - multi_thread_parser.py:134 - 解析线程数据，规则：E0003，线程：2，日期：20260516，模式：runtime，完成
2026-07-14 09:27:55 - ERROR - utils.multi_thread_parser - multi_thread_parser.py:134 - 解析线程数据，规则：E0003，线程：4，日期：20260516，模式：runtime，完成
2026-07-14 09:27:55 - ERROR - utils.multi_thread_parser - multi_thread_parser.py:134 - 解析线程数据，规则：E0003，线程：2，日期：20260516，模式：memory，完成
2026-07-14 09:27:55 - ERROR - utils.multi_thread_parser - multi_thread_parser.py:134 - 解析线程数据，规则：E0003，线程：4，日期：20260516，模式：memory，完成
2026-07-14 09:27:55 - ERROR - utils.multi_thread_parser - multi_thread_parser.py:134 - 解析线程数据，规则：E0004，线程：2，日期：20260516，模式：runtime，完成
2026-07-14 09:27:55 - ERROR - utils.multi_thread_parser - multi_thread_parser.py:134 - 解析线程数据，规则：E0004，线程：4，日期：20260516，模式：runtime，完成
2026-07-14 09:27:55 - ERROR - utils.multi_thread_parser - multi_thread_parser.py:134 - 解析线程数据，规则：E0004，线程：2，日期：20260516，模式：memory，完成
2026-07-14 09:27:55 - ERROR - utils.multi_thread_parser - multi_thread_parser.py:134 - 解析线程数据，规则：E0004，线程：4，日期：20260516，模式：memory，完成
2026-07-14 09:27:55 - ERROR - utils.multi_thread_parser - multi_thread_parser.py:134 - 解析线程数据，规则：check_lint，线程：2，日期：20260516，模式：runtime，完成
2026-07-14 09:27:55 - ERROR - utils.multi_thread_parser - multi_thread_parser.py:134 - 解析线程数据，规则：check_lint，线程：4，日期：20260516，模式：runtime，完成
2026-07-14 09:27:55 - ERROR - utils.multi_thread_parser - multi_thread_parser.py:134 - 解析线程数据，规则：check_lint，线程：2，日期：20260516，模式：memory，完成
2026-07-14 09:27:55 - ERROR - utils.multi_thread_parser - multi_thread_parser.py:134 - 解析线程数据，规则：check_lint，线程：4，日期：20260516，模式：memory，完成
2026-07-14 09:27:55 - ERROR - utils.multi_thread_parser - multi_thread_parser.py:134 - 解析线程数据，规则：Overall，线程：2，日期：20260516，模式：runtime，完成
2026-07-14 09:27:55 - ERROR - utils.multi_thread_parser - multi_thread_parser.py:134 - 解析线程数据，规则：Overall，线程：4，日期：20260516，模式：runtime，完成
2026-07-14 09:27:55 - ERROR - utils.multi_thread_parser - multi_thread_parser.py:134 - 解析线程数据，规则：Overall，线程：2，日期：20260516，模式：memory，完成
2026-07-14 09:27:55 - ERROR - utils.multi_thread_parser - multi_thread_parser.py:134 - 解析线程数据，规则：Overall，线程：4，日期：20260516，模式：memory，完成
2026-07-14 09:27:55 - ERROR - utils.multi_thread_parser - multi_thread_parser.py:134 - 解析线程数据，规则：read_design，线程：2，日期：20260516，模式：runtime，完成
2026-07-14 09:27:55 - ERROR - utils.multi_thread_parser - multi_thread_parser.py:134 - 解析线程数据，规则：read_design，线程：4，日期：20260516，模式：runtime，完成
2026-07-14 09:27:55 - ERROR - utils.multi_thread_parser - multi_thread_parser.py:134 - 解析线程数据，规则：read_design，线程：2，日期：20260516，模式：memory，完成
2026-07-14 09:27:55 - ERROR - utils.multi_thread_parser - multi_thread_parser.py:134 - 解析线程数据，规则：read_design，线程：4，日期：20260516，模式：memory，完成
2026-07-14 09:27:55 - ERROR - utils.multi_thread_parser - multi_thread_parser.py:134 - 解析线程数据，规则：E0001，线程：2，日期：20260517，模式：runtime，完成
2026-07-14 09:27:55 - ERROR - utils.multi_thread_parser - multi_thread_parser.py:134 - 解析线程数据，规则：E0001，线程：4，日期：20260517，模式：runtime，完成
2026-07-14 09:27:55 - ERROR - utils.multi_thread_parser - multi_thread_parser.py:134 - 解析线程数据，规则：E0001，线程：2，日期：20260517，模式：memory，完成
2026-07-14 09:27:55 - ERROR - utils.multi_thread_parser - multi_thread_parser.py:134 - 解析线程数据，规则：E0001，线程：4，日期：20260517，模式：memory，完成
2026-07-14 09:27:55 - ERROR - utils.multi_thread_parser - multi_thread_parser.py:134 - 解析线程数据，规则：E0002，线程：2，日期：20260517，模式：runtime，完成
2026-07-14 09:27:55 - ERROR - utils.multi_thread_parser - multi_thread_parser.py:134 - 解析线程数据，规则：E0002，线程：4，日期：20260517，模式：runtime，完成
2026-07-14 09:27:55 - ERROR - utils.multi_thread_parser - multi_thread_parser.py:134 - 解析线程数据，规则：E0002，线程：2，日期：20260517，模式：memory，完成
2026-07-14 09:27:55 - ERROR - utils.multi_thread_parser - multi_thread_parser.py:134 - 解析线程数据，规则：E0002，线程：4，日期：20260517，模式：memory，完成
2026-07-14 09:27:55 - ERROR - utils.multi_thread_parser - multi_thread_parser.py:134 - 解析线程数据，规则：E0003，线程：2，日期：20260517，模式：runtime，完成
2026-07-14 09:27:55 - ERROR - utils.multi_thread_parser - multi_thread_parser.py:134 - 解析线程数据，规则：E0003，线程：4，日期：20260517，模式：runtime，完成
2026-07-14 09:27:55 - ERROR - utils.multi_thread_parser - multi_thread_parser.py:134 - 解析线程数据，规则：E0003，线程：2，日期：20260517，模式：memory，完成
2026-07-14 09:27:55 - ERROR - utils.multi_thread_parser - multi_thread_parser.py:134 - 解析线程数据，规则：E0003，线程：4，日期：20260517，模式：memory，完成
2026-07-14 09:27:55 - ERROR - utils.multi_thread_parser - multi_thread_parser.py:134 - 解析线程数据，规则：E0004，线程：2，日期：20260517，模式：runtime，完成
2026-07-14 09:27:55 - ERROR - utils.multi_thread_parser - multi_thread_parser.py:134 - 解析线程数据，规则：E0004，线程：4，日期：20260517，模式：runtime，完成
2026-07-14 09:27:55 - ERROR - utils.multi_thread_parser - multi_thread_parser.py:134 - 解析线程数据，规则：E0004，线程：2，日期：20260517，模式：memory，完成
2026-07-14 09:27:55 - ERROR - utils.multi_thread_parser - multi_thread_parser.py:134 - 解析线程数据，规则：E0004，线程：4，日期：20260517，模式：memory，完成
2026-07-14 09:27:55 - ERROR - utils.multi_thread_parser - multi_thread_parser.py:134 - 解析线程数据，规则：check_lint，线程：2，日期：20260517，模式：runtime，完成
2026-07-14 09:27:55 - ERROR - utils.multi_thread_parser - multi_thread_parser.py:134 - 解析线程数据，规则：check_lint，线程：4，日期：20260517，模式：runtime，完成
2026-07-14 09:27:55 - ERROR - utils.multi_thread_parser - multi_thread_parser.py:134 - 解析线程数据，规则：check_lint，线程：2，日期：20260517，模式：memory，完成
2026-07-14 09:27:55 - ERROR - utils.multi_thread_parser - multi_thread_parser.py:134 - 解析线程数据，规则：check_lint，线程：4，日期：20260517，模式：memory，完成
2026-07-14 09:27:55 - ERROR - utils.multi_thread_parser - multi_thread_parser.py:134 - 解析线程数据，规则：Overall，线程：2，日期：20260517，模式：runtime，完成
2026-07-14 09:27:55 - ERROR - utils.multi_thread_parser - multi_thread_parser.py:134 - 解析线程数据，规则：Overall，线程：4，日期：20260517，模式：runtime，完成
2026-07-14 09:27:55 - ERROR - utils.multi_thread_parser - multi_thread_parser.py:134 - 解析线程数据，规则：Overall，线程：2，日期：20260517，模式：memory，完成
2026-07-14 09:27:55 - ERROR - utils.multi_thread_parser - multi_thread_parser.py:134 - 解析线程数据，规则：Overall，线程：4，日期：20260517，模式：memory，完成
2026-07-14 09:27:55 - ERROR - utils.multi_thread_parser - multi_thread_parser.py:134 - 解析线程数据，规则：read_design，线程：2，日期：20260517，模式：runtime，完成
2026-07-14 09:27:55 - ERROR - utils.multi_thread_parser - multi_thread_parser.py:134 - 解析线程数据，规则：read_design，线程：4，日期：20260517，模式：runtime，完成
2026-07-14 09:27:55 - ERROR - utils.multi_thread_parser - multi_thread_parser.py:134 - 解析线程数据，规则：read_design，线程：2，日期：20260517，模式：memory，完成
2026-07-14 09:27:55 - ERROR - utils.multi_thread_parser - multi_thread_parser.py:134 - 解析线程数据，规则：read_design，线程：4，日期：20260517，模式：memory，完成
2026-07-14 09:27:55 - ERROR - utils.multi_thread_parser - multi_thread_parser.py:60 - 解析多线程数据，模式：multi，工具ID：elint，casename：pcie，完成
2026-07-14 09:27:55 - ERROR - utils.multi_thread_parser - multi_thread_parser.py:66 - 解析多线程数据，模式：multi，工具ID：elint，casename：pcie，日期：20260511，规则：E0001，完成
2026-07-14 09:27:55 - ERROR - utils.multi_thread_parser - multi_thread_parser.py:66 - 解析多线程数据，模式：multi，工具ID：elint，casename：pcie，日期：20260511，规则：E0002，完成
2026-07-14 09:27:55 - ERROR - utils.multi_thread_parser - multi_thread_parser.py:66 - 解析多线程数据，模式：multi，工具ID：elint，casename：pcie，日期：20260511，规则：E0003，完成
2026-07-14 09:27:55 - ERROR - utils.multi_thread_parser - multi_thread_parser.py:66 - 解析多线程数据，模式：multi，工具ID：elint，casename：pcie，日期：20260511，规则：E0004，完成
2026-07-14 09:27:55 - ERROR - utils.multi_thread_parser - multi_thread_parser.py:66 - 解析多线程数据，模式：multi，工具ID：elint，casename：pcie，日期：20260511，规则：check_lint，完成
2026-07-14 09:27:55 - ERROR - utils.multi_thread_parser - multi_thread_parser.py:66 - 解析多线程数据，模式：multi，工具ID：elint，casename：pcie，日期：20260511，规则：Overall，完成
2026-07-14 09:27:55 - ERROR - utils.multi_thread_parser - multi_thread_parser.py:66 - 解析多线程数据，模式：multi，工具ID：elint，casename：pcie，日期：20260511，规则：read_design，完成
2026-07-14 09:27:55 - ERROR - utils.multi_thread_parser - multi_thread_parser.py:66 - 解析多线程数据，模式：multi，工具ID：elint，casename：pcie，日期：20260513，规则：E0001，完成
2026-07-14 09:27:55 - ERROR - utils.multi_thread_parser - multi_thread_parser.py:66 - 解析多线程数据，模式：multi，工具ID：elint，casename：pcie，日期：20260513，规则：E0002，完成
2026-07-14 09:27:55 - ERROR - utils.multi_thread_parser - multi_thread_parser.py:66 - 解析多线程数据，模式：multi，工具ID：elint，casename：pcie，日期：20260513，规则：E0003，完成
2026-07-14 09:27:55 - ERROR - utils.multi_thread_parser - multi_thread_parser.py:66 - 解析多线程数据，模式：multi，工具ID：elint，casename：pcie，日期：20260513，规则：E0004，完成
2026-07-14 09:27:55 - ERROR - utils.multi_thread_parser - multi_thread_parser.py:66 - 解析多线程数据，模式：multi，工具ID：elint，casename：pcie，日期：20260513，规则：check_lint，完成
2026-07-14 09:27:55 - ERROR - utils.multi_thread_parser - multi_thread_parser.py:66 - 解析多线程数据，模式：multi，工具ID：elint，casename：pcie，日期：20260513，规则：Overall，完成
2026-07-14 09:27:55 - ERROR - utils.multi_thread_parser - multi_thread_parser.py:66 - 解析多线程数据，模式：multi，工具ID：elint，casename：pcie，日期：20260513，规则：read_design，完成
2026-07-14 09:27:55 - ERROR - utils.multi_thread_parser - multi_thread_parser.py:66 - 解析多线程数据，模式：multi，工具ID：elint，casename：pcie，日期：20260515，规则：E0001，完成
2026-07-14 09:27:55 - ERROR - utils.multi_thread_parser - multi_thread_parser.py:66 - 解析多线程数据，模式：multi，工具ID：elint，casename：pcie，日期：20260515，规则：E0002，完成
2026-07-14 09:27:55 - ERROR - utils.multi_thread_parser - multi_thread_parser.py:66 - 解析多线程数据，模式：multi，工具ID：elint，casename：pcie，日期：20260515，规则：E0003，完成
2026-07-14 09:27:55 - ERROR - utils.multi_thread_parser - multi_thread_parser.py:66 - 解析多线程数据，模式：multi，工具ID：elint，casename：pcie，日期：20260515，规则：E0004，完成
2026-07-14 09:27:55 - ERROR - utils.multi_thread_parser - multi_thread_parser.py:66 - 解析多线程数据，模式：multi，工具ID：elint，casename：pcie，日期：20260515，规则：check_lint，完成
2026-07-14 09:27:55 - ERROR - utils.multi_thread_parser - multi_thread_parser.py:66 - 解析多线程数据，模式：multi，工具ID：elint，casename：pcie，日期：20260515，规则：Overall，完成
2026-07-14 09:27:55 - ERROR - utils.multi_thread_parser - multi_thread_parser.py:66 - 解析多线程数据，模式：multi，工具ID：elint，casename：pcie，日期：20260515，规则：read_design，完成
2026-07-14 09:27:55 - ERROR - utils.multi_thread_parser - multi_thread_parser.py:66 - 解析多线程数据，模式：multi，工具ID：elint，casename：pcie，日期：20260516，规则：E0001，完成
2026-07-14 09:27:55 - ERROR - utils.multi_thread_parser - multi_thread_parser.py:66 - 解析多线程数据，模式：multi，工具ID：elint，casename：pcie，日期：20260516，规则：E0002，完成
2026-07-14 09:27:55 - ERROR - utils.multi_thread_parser - multi_thread_parser.py:66 - 解析多线程数据，模式：multi，工具ID：elint，casename：pcie，日期：20260516，规则：E0003，完成
2026-07-14 09:27:55 - ERROR - utils.multi_thread_parser - multi_thread_parser.py:66 - 解析多线程数据，模式：multi，工具ID：elint，casename：pcie，日期：20260516，规则：E0004，完成
2026-07-14 09:27:55 - ERROR - utils.multi_thread_parser - multi_thread_parser.py:66 - 解析多线程数据，模式：multi，工具ID：elint，casename：pcie，日期：20260516，规则：check_lint，完成
2026-07-14 09:27:55 - ERROR - utils.multi_thread_parser - multi_thread_parser.py:66 - 解析多线程数据，模式：multi，工具ID：elint，casename：pcie，日期：20260516，规则：Overall，完成
2026-07-14 09:27:55 - ERROR - utils.multi_thread_parser - multi_thread_parser.py:66 - 解析多线程数据，模式：multi，工具ID：elint，casename：pcie，日期：20260516，规则：read_design，完成
2026-07-14 09:27:55 - ERROR - utils.multi_thread_parser - multi_thread_parser.py:66 - 解析多线程数据，模式：multi，工具ID：elint，casename：pcie，日期：20260517，规则：E0001，完成
2026-07-14 09:27:55 - ERROR - utils.multi_thread_parser - multi_thread_parser.py:66 - 解析多线程数据，模式：multi，工具ID：elint，casename：pcie，日期：20260517，规则：E0002，完成
2026-07-14 09:27:55 - ERROR - utils.multi_thread_parser - multi_thread_parser.py:66 - 解析多线程数据，模式：multi，工具ID：elint，casename：pcie，日期：20260517，规则：E0003，完成
2026-07-14 09:27:55 - ERROR - utils.multi_thread_parser - multi_thread_parser.py:66 - 解析多线程数据，模式：multi，工具ID：elint，casename：pcie，日期：20260517，规则：E0004，完成
2026-07-14 09:27:55 - ERROR - utils.multi_thread_parser - multi_thread_parser.py:66 - 解析多线程数据，模式：multi，工具ID：elint，casename：pcie，日期：20260517，规则：check_lint，完成
2026-07-14 09:27:55 - ERROR - utils.multi_thread_parser - multi_thread_parser.py:66 - 解析多线程数据，模式：multi，工具ID：elint，casename：pcie，日期：20260517，规则：Overall，完成
2026-07-14 09:27:55 - ERROR - utils.multi_thread_parser - multi_thread_parser.py:66 - 解析多线程数据，模式：multi，工具ID：elint，casename：pcie，日期：20260517，规则：read_design，完成
2026-07-14 09:35:58 - ERROR - utils.multi_thread_parser - multi_thread_parser.py:134 - 解析线程数据，规则：E0001，线程：2，日期：20260511，模式：runtime，完成
2026-07-14 09:35:58 - ERROR - utils.multi_thread_parser - multi_thread_parser.py:134 - 解析线程数据，规则：E0001，线程：4，日期：20260511，模式：runtime，完成
2026-07-14 09:35:58 - ERROR - utils.multi_thread_parser - multi_thread_parser.py:134 - 解析线程数据，规则：E0001，线程：2，日期：20260511，模式：memory，完成
2026-07-14 09:35:58 - ERROR - utils.multi_thread_parser - multi_thread_parser.py:134 - 解析线程数据，规则：E0001，线程：4，日期：20260511，模式：memory，完成
2026-07-14 09:35:58 - ERROR - utils.multi_thread_parser - multi_thread_parser.py:134 - 解析线程数据，规则：E0002，线程：2，日期：20260511，模式：runtime，完成
2026-07-14 09:35:58 - ERROR - utils.multi_thread_parser - multi_thread_parser.py:134 - 解析线程数据，规则：E0002，线程：4，日期：20260511，模式：runtime，完成
2026-07-14 09:35:58 - ERROR - utils.multi_thread_parser - multi_thread_parser.py:134 - 解析线程数据，规则：E0002，线程：2，日期：20260511，模式：memory，完成
2026-07-14 09:35:58 - ERROR - utils.multi_thread_parser - multi_thread_parser.py:134 - 解析线程数据，规则：E0002，线程：4，日期：20260511，模式：memory，完成
2026-07-14 09:35:58 - ERROR - utils.multi_thread_parser - multi_thread_parser.py:134 - 解析线程数据，规则：E0003，线程：2，日期：20260511，模式：runtime，完成
2026-07-14 09:35:58 - ERROR - utils.multi_thread_parser - multi_thread_parser.py:134 - 解析线程数据，规则：E0003，线程：4，日期：20260511，模式：runtime，完成
2026-07-14 09:35:58 - ERROR - utils.multi_thread_parser - multi_thread_parser.py:134 - 解析线程数据，规则：E0003，线程：2，日期：20260511，模式：memory，完成
2026-07-14 09:35:58 - ERROR - utils.multi_thread_parser - multi_thread_parser.py:134 - 解析线程数据，规则：E0003，线程：4，日期：20260511，模式：memory，完成
2026-07-14 09:35:58 - ERROR - utils.multi_thread_parser - multi_thread_parser.py:134 - 解析线程数据，规则：E0004，线程：2，日期：20260511，模式：runtime，完成
2026-07-14 09:35:58 - ERROR - utils.multi_thread_parser - multi_thread_parser.py:134 - 解析线程数据，规则：E0004，线程：4，日期：20260511，模式：runtime，完成
2026-07-14 09:35:58 - ERROR - utils.multi_thread_parser - multi_thread_parser.py:134 - 解析线程数据，规则：E0004，线程：2，日期：20260511，模式：memory，完成
2026-07-14 09:35:58 - ERROR - utils.multi_thread_parser - multi_thread_parser.py:134 - 解析线程数据，规则：E0004，线程：4，日期：20260511，模式：memory，完成
2026-07-14 09:35:58 - ERROR - utils.multi_thread_parser - multi_thread_parser.py:134 - 解析线程数据，规则：check_lint，线程：2，日期：20260511，模式：runtime，完成
2026-07-14 09:35:58 - ERROR - utils.multi_thread_parser - multi_thread_parser.py:134 - 解析线程数据，规则：check_lint，线程：4，日期：20260511，模式：runtime，完成
2026-07-14 09:35:58 - ERROR - utils.multi_thread_parser - multi_thread_parser.py:134 - 解析线程数据，规则：check_lint，线程：2，日期：20260511，模式：memory，完成
2026-07-14 09:35:58 - ERROR - utils.multi_thread_parser - multi_thread_parser.py:134 - 解析线程数据，规则：check_lint，线程：4，日期：20260511，模式：memory，完成
2026-07-14 09:35:58 - ERROR - utils.multi_thread_parser - multi_thread_parser.py:134 - 解析线程数据，规则：Overall，线程：2，日期：20260511，模式：runtime，完成
2026-07-14 09:35:58 - ERROR - utils.multi_thread_parser - multi_thread_parser.py:134 - 解析线程数据，规则：Overall，线程：4，日期：20260511，模式：runtime，完成
2026-07-14 09:35:58 - ERROR - utils.multi_thread_parser - multi_thread_parser.py:134 - 解析线程数据，规则：Overall，线程：2，日期：20260511，模式：memory，完成
2026-07-14 09:35:58 - ERROR - utils.multi_thread_parser - multi_thread_parser.py:134 - 解析线程数据，规则：Overall，线程：4，日期：20260511，模式：memory，完成
2026-07-14 09:35:58 - ERROR - utils.multi_thread_parser - multi_thread_parser.py:134 - 解析线程数据，规则：read_design，线程：2，日期：20260511，模式：runtime，完成
2026-07-14 09:35:58 - ERROR - utils.multi_thread_parser - multi_thread_parser.py:134 - 解析线程数据，规则：read_design，线程：4，日期：20260511，模式：runtime，完成
2026-07-14 09:35:58 - ERROR - utils.multi_thread_parser - multi_thread_parser.py:134 - 解析线程数据，规则：read_design，线程：2，日期：20260511，模式：memory，完成
2026-07-14 09:35:58 - ERROR - utils.multi_thread_parser - multi_thread_parser.py:134 - 解析线程数据，规则：read_design，线程：4，日期：20260511，模式：memory，完成
2026-07-14 09:35:58 - ERROR - utils.multi_thread_parser - multi_thread_parser.py:134 - 解析线程数据，规则：save_session，线程：2，日期：20260511，模式：runtime，完成
2026-07-14 09:35:58 - ERROR - utils.multi_thread_parser - multi_thread_parser.py:134 - 解析线程数据，规则：save_session，线程：2，日期：20260511，模式：memory，完成
2026-07-14 09:35:58 - ERROR - utils.multi_thread_parser - multi_thread_parser.py:134 - 解析线程数据，规则：E0001，线程：2，日期：20260513，模式：runtime，完成
2026-07-14 09:35:58 - ERROR - utils.multi_thread_parser - multi_thread_parser.py:134 - 解析线程数据，规则：E0001，线程：4，日期：20260513，模式：runtime，完成
2026-07-14 09:35:58 - ERROR - utils.multi_thread_parser - multi_thread_parser.py:134 - 解析线程数据，规则：E0001，线程：2，日期：20260513，模式：memory，完成
2026-07-14 09:35:58 - ERROR - utils.multi_thread_parser - multi_thread_parser.py:134 - 解析线程数据，规则：E0001，线程：4，日期：20260513，模式：memory，完成
2026-07-14 09:35:58 - ERROR - utils.multi_thread_parser - multi_thread_parser.py:134 - 解析线程数据，规则：E0002，线程：2，日期：20260513，模式：runtime，完成
2026-07-14 09:35:58 - ERROR - utils.multi_thread_parser - multi_thread_parser.py:134 - 解析线程数据，规则：E0002，线程：4，日期：20260513，模式：runtime，完成
2026-07-14 09:35:58 - ERROR - utils.multi_thread_parser - multi_thread_parser.py:134 - 解析线程数据，规则：E0002，线程：2，日期：20260513，模式：memory，完成
2026-07-14 09:35:58 - ERROR - utils.multi_thread_parser - multi_thread_parser.py:134 - 解析线程数据，规则：E0002，线程：4，日期：20260513，模式：memory，完成
2026-07-14 09:35:58 - ERROR - utils.multi_thread_parser - multi_thread_parser.py:134 - 解析线程数据，规则：E0003，线程：2，日期：20260513，模式：runtime，完成
2026-07-14 09:35:58 - ERROR - utils.multi_thread_parser - multi_thread_parser.py:134 - 解析线程数据，规则：E0003，线程：4，日期：20260513，模式：runtime，完成
2026-07-14 09:35:58 - ERROR - utils.multi_thread_parser - multi_thread_parser.py:134 - 解析线程数据，规则：E0003，线程：2，日期：20260513，模式：memory，完成
2026-07-14 09:35:58 - ERROR - utils.multi_thread_parser - multi_thread_parser.py:134 - 解析线程数据，规则：E0003，线程：4，日期：20260513，模式：memory，完成
2026-07-14 09:35:58 - ERROR - utils.multi_thread_parser - multi_thread_parser.py:134 - 解析线程数据，规则：E0004，线程：2，日期：20260513，模式：runtime，完成
2026-07-14 09:35:58 - ERROR - utils.multi_thread_parser - multi_thread_parser.py:134 - 解析线程数据，规则：E0004，线程：4，日期：20260513，模式：runtime，完成
2026-07-14 09:35:58 - ERROR - utils.multi_thread_parser - multi_thread_parser.py:134 - 解析线程数据，规则：E0004，线程：2，日期：20260513，模式：memory，完成
2026-07-14 09:35:58 - ERROR - utils.multi_thread_parser - multi_thread_parser.py:134 - 解析线程数据，规则：E0004，线程：4，日期：20260513，模式：memory，完成
2026-07-14 09:35:58 - ERROR - utils.multi_thread_parser - multi_thread_parser.py:134 - 解析线程数据，规则：check_lint，线程：2，日期：20260513，模式：runtime，完成
2026-07-14 09:35:58 - ERROR - utils.multi_thread_parser - multi_thread_parser.py:134 - 解析线程数据，规则：check_lint，线程：4，日期：20260513，模式：runtime，完成
2026-07-14 09:35:58 - ERROR - utils.multi_thread_parser - multi_thread_parser.py:134 - 解析线程数据，规则：check_lint，线程：2，日期：20260513，模式：memory，完成
2026-07-14 09:35:58 - ERROR - utils.multi_thread_parser - multi_thread_parser.py:134 - 解析线程数据，规则：check_lint，线程：4，日期：20260513，模式：memory，完成
2026-07-14 09:35:58 - ERROR - utils.multi_thread_parser - multi_thread_parser.py:134 - 解析线程数据，规则：Overall，线程：2，日期：20260513，模式：runtime，完成
2026-07-14 09:35:58 - ERROR - utils.multi_thread_parser - multi_thread_parser.py:134 - 解析线程数据，规则：Overall，线程：4，日期：20260513，模式：runtime，完成
2026-07-14 09:35:58 - ERROR - utils.multi_thread_parser - multi_thread_parser.py:134 - 解析线程数据，规则：Overall，线程：2，日期：20260513，模式：memory，完成
2026-07-14 09:35:58 - ERROR - utils.multi_thread_parser - multi_thread_parser.py:134 - 解析线程数据，规则：Overall，线程：4，日期：20260513，模式：memory，完成
2026-07-14 09:35:58 - ERROR - utils.multi_thread_parser - multi_thread_parser.py:134 - 解析线程数据，规则：read_design，线程：2，日期：20260513，模式：runtime，完成
2026-07-14 09:35:58 - ERROR - utils.multi_thread_parser - multi_thread_parser.py:134 - 解析线程数据，规则：read_design，线程：4，日期：20260513，模式：runtime，完成
2026-07-14 09:35:58 - ERROR - utils.multi_thread_parser - multi_thread_parser.py:134 - 解析线程数据，规则：read_design，线程：2，日期：20260513，模式：memory，完成
2026-07-14 09:35:58 - ERROR - utils.multi_thread_parser - multi_thread_parser.py:134 - 解析线程数据，规则：read_design，线程：4，日期：20260513，模式：memory，完成
2026-07-14 09:35:58 - ERROR - utils.multi_thread_parser - multi_thread_parser.py:134 - 解析线程数据，规则：E0001，线程：2，日期：20260515，模式：runtime，完成
2026-07-14 09:35:58 - ERROR - utils.multi_thread_parser - multi_thread_parser.py:134 - 解析线程数据，规则：E0001，线程：4，日期：20260515，模式：runtime，完成
2026-07-14 09:35:58 - ERROR - utils.multi_thread_parser - multi_thread_parser.py:134 - 解析线程数据，规则：E0001，线程：2，日期：20260515，模式：memory，完成
2026-07-14 09:35:58 - ERROR - utils.multi_thread_parser - multi_thread_parser.py:134 - 解析线程数据，规则：E0001，线程：4，日期：20260515，模式：memory，完成
2026-07-14 09:35:58 - ERROR - utils.multi_thread_parser - multi_thread_parser.py:134 - 解析线程数据，规则：E0002，线程：2，日期：20260515，模式：runtime，完成
2026-07-14 09:35:58 - ERROR - utils.multi_thread_parser - multi_thread_parser.py:134 - 解析线程数据，规则：E0002，线程：4，日期：20260515，模式：runtime，完成
2026-07-14 09:35:58 - ERROR - utils.multi_thread_parser - multi_thread_parser.py:134 - 解析线程数据，规则：E0002，线程：2，日期：20260515，模式：memory，完成
2026-07-14 09:35:58 - ERROR - utils.multi_thread_parser - multi_thread_parser.py:134 - 解析线程数据，规则：E0002，线程：4，日期：20260515，模式：memory，完成
2026-07-14 09:35:58 - ERROR - utils.multi_thread_parser - multi_thread_parser.py:134 - 解析线程数据，规则：E0003，线程：2，日期：20260515，模式：runtime，完成
2026-07-14 09:35:58 - ERROR - utils.multi_thread_parser - multi_thread_parser.py:134 - 解析线程数据，规则：E0003，线程：4，日期：20260515，模式：runtime，完成
2026-07-14 09:35:58 - ERROR - utils.multi_thread_parser - multi_thread_parser.py:134 - 解析线程数据，规则：E0003，线程：2，日期：20260515，模式：memory，完成
2026-07-14 09:35:58 - ERROR - utils.multi_thread_parser - multi_thread_parser.py:134 - 解析线程数据，规则：E0003，线程：4，日期：20260515，模式：memory，完成
2026-07-14 09:35:58 - ERROR - utils.multi_thread_parser - multi_thread_parser.py:134 - 解析线程数据，规则：E0004，线程：2，日期：20260515，模式：runtime，完成
2026-07-14 09:35:58 - ERROR - utils.multi_thread_parser - multi_thread_parser.py:134 - 解析线程数据，规则：E0004，线程：4，日期：20260515，模式：runtime，完成
2026-07-14 09:35:58 - ERROR - utils.multi_thread_parser - multi_thread_parser.py:134 - 解析线程数据，规则：E0004，线程：2，日期：20260515，模式：memory，完成
2026-07-14 09:35:58 - ERROR - utils.multi_thread_parser - multi_thread_parser.py:134 - 解析线程数据，规则：E0004，线程：4，日期：20260515，模式：memory，完成
2026-07-14 09:35:58 - ERROR - utils.multi_thread_parser - multi_thread_parser.py:134 - 解析线程数据，规则：check_lint，线程：4，日期：20260515，模式：runtime，完成
2026-07-14 09:35:58 - ERROR - utils.multi_thread_parser - multi_thread_parser.py:134 - 解析线程数据，规则：check_lint，线程：4，日期：20260515，模式：memory，完成
2026-07-14 09:35:58 - ERROR - utils.multi_thread_parser - multi_thread_parser.py:134 - 解析线程数据，规则：Overall，线程：4，日期：20260515，模式：runtime，完成
2026-07-14 09:35:58 - ERROR - utils.multi_thread_parser - multi_thread_parser.py:134 - 解析线程数据，规则：Overall，线程：4，日期：20260515，模式：memory，完成
2026-07-14 09:35:58 - ERROR - utils.multi_thread_parser - multi_thread_parser.py:134 - 解析线程数据，规则：read_design，线程：4，日期：20260515，模式：runtime，完成
2026-07-14 09:35:58 - ERROR - utils.multi_thread_parser - multi_thread_parser.py:134 - 解析线程数据，规则：read_design，线程：4，日期：20260515，模式：memory，完成
2026-07-14 09:35:58 - ERROR - utils.multi_thread_parser - multi_thread_parser.py:134 - 解析线程数据，规则：E0001，线程：2，日期：20260516，模式：runtime，完成
2026-07-14 09:35:58 - ERROR - utils.multi_thread_parser - multi_thread_parser.py:134 - 解析线程数据，规则：E0001，线程：4，日期：20260516，模式：runtime，完成
2026-07-14 09:35:58 - ERROR - utils.multi_thread_parser - multi_thread_parser.py:134 - 解析线程数据，规则：E0001，线程：2，日期：20260516，模式：memory，完成
2026-07-14 09:35:58 - ERROR - utils.multi_thread_parser - multi_thread_parser.py:134 - 解析线程数据，规则：E0001，线程：4，日期：20260516，模式：memory，完成
2026-07-14 09:35:58 - ERROR - utils.multi_thread_parser - multi_thread_parser.py:134 - 解析线程数据，规则：E0002，线程：2，日期：20260516，模式：runtime，完成
2026-07-14 09:35:58 - ERROR - utils.multi_thread_parser - multi_thread_parser.py:134 - 解析线程数据，规则：E0002，线程：4，日期：20260516，模式：runtime，完成
2026-07-14 09:35:58 - ERROR - utils.multi_thread_parser - multi_thread_parser.py:134 - 解析线程数据，规则：E0002，线程：2，日期：20260516，模式：memory，完成
2026-07-14 09:35:58 - ERROR - utils.multi_thread_parser - multi_thread_parser.py:134 - 解析线程数据，规则：E0002，线程：4，日期：20260516，模式：memory，完成
2026-07-14 09:35:58 - ERROR - utils.multi_thread_parser - multi_thread_parser.py:134 - 解析线程数据，规则：E0003，线程：2，日期：20260516，模式：runtime，完成
2026-07-14 09:35:58 - ERROR - utils.multi_thread_parser - multi_thread_parser.py:134 - 解析线程数据，规则：E0003，线程：4，日期：20260516，模式：runtime，完成
2026-07-14 09:35:58 - ERROR - utils.multi_thread_parser - multi_thread_parser.py:134 - 解析线程数据，规则：E0003，线程：2，日期：20260516，模式：memory，完成
2026-07-14 09:35:58 - ERROR - utils.multi_thread_parser - multi_thread_parser.py:134 - 解析线程数据，规则：E0003，线程：4，日期：20260516，模式：memory，完成
2026-07-14 09:35:58 - ERROR - utils.multi_thread_parser - multi_thread_parser.py:134 - 解析线程数据，规则：E0004，线程：2，日期：20260516，模式：runtime，完成
2026-07-14 09:35:58 - ERROR - utils.multi_thread_parser - multi_thread_parser.py:134 - 解析线程数据，规则：E0004，线程：4，日期：20260516，模式：runtime，完成
2026-07-14 09:35:58 - ERROR - utils.multi_thread_parser - multi_thread_parser.py:134 - 解析线程数据，规则：E0004，线程：2，日期：20260516，模式：memory，完成
2026-07-14 09:35:58 - ERROR - utils.multi_thread_parser - multi_thread_parser.py:134 - 解析线程数据，规则：E0004，线程：4，日期：20260516，模式：memory，完成
2026-07-14 09:35:58 - ERROR - utils.multi_thread_parser - multi_thread_parser.py:134 - 解析线程数据，规则：check_lint，线程：4，日期：20260516，模式：runtime，完成
2026-07-14 09:35:58 - ERROR - utils.multi_thread_parser - multi_thread_parser.py:134 - 解析线程数据，规则：check_lint，线程：4，日期：20260516，模式：memory，完成
2026-07-14 09:35:58 - ERROR - utils.multi_thread_parser - multi_thread_parser.py:134 - 解析线程数据，规则：Overall，线程：4，日期：20260516，模式：runtime，完成
2026-07-14 09:35:58 - ERROR - utils.multi_thread_parser - multi_thread_parser.py:134 - 解析线程数据，规则：Overall，线程：4，日期：20260516，模式：memory，完成
2026-07-14 09:35:58 - ERROR - utils.multi_thread_parser - multi_thread_parser.py:134 - 解析线程数据，规则：read_design，线程：4，日期：20260516，模式：runtime，完成
2026-07-14 09:35:58 - ERROR - utils.multi_thread_parser - multi_thread_parser.py:134 - 解析线程数据，规则：read_design，线程：4，日期：20260516，模式：memory，完成
2026-07-14 09:35:58 - ERROR - utils.multi_thread_parser - multi_thread_parser.py:134 - 解析线程数据，规则：E0001，线程：2，日期：20260517，模式：runtime，完成
2026-07-14 09:35:58 - ERROR - utils.multi_thread_parser - multi_thread_parser.py:134 - 解析线程数据，规则：E0001，线程：4，日期：20260517，模式：runtime，完成
2026-07-14 09:35:58 - ERROR - utils.multi_thread_parser - multi_thread_parser.py:134 - 解析线程数据，规则：E0001，线程：2，日期：20260517，模式：memory，完成
2026-07-14 09:35:58 - ERROR - utils.multi_thread_parser - multi_thread_parser.py:134 - 解析线程数据，规则：E0001，线程：4，日期：20260517，模式：memory，完成
2026-07-14 09:35:58 - ERROR - utils.multi_thread_parser - multi_thread_parser.py:134 - 解析线程数据，规则：E0002，线程：2，日期：20260517，模式：runtime，完成
2026-07-14 09:35:58 - ERROR - utils.multi_thread_parser - multi_thread_parser.py:134 - 解析线程数据，规则：E0002，线程：4，日期：20260517，模式：runtime，完成
2026-07-14 09:35:58 - ERROR - utils.multi_thread_parser - multi_thread_parser.py:134 - 解析线程数据，规则：E0002，线程：2，日期：20260517，模式：memory，完成
2026-07-14 09:35:58 - ERROR - utils.multi_thread_parser - multi_thread_parser.py:134 - 解析线程数据，规则：E0002，线程：4，日期：20260517，模式：memory，完成
2026-07-14 09:35:58 - ERROR - utils.multi_thread_parser - multi_thread_parser.py:134 - 解析线程数据，规则：E0003，线程：2，日期：20260517，模式：runtime，完成
2026-07-14 09:35:58 - ERROR - utils.multi_thread_parser - multi_thread_parser.py:134 - 解析线程数据，规则：E0003，线程：4，日期：20260517，模式：runtime，完成
2026-07-14 09:35:58 - ERROR - utils.multi_thread_parser - multi_thread_parser.py:134 - 解析线程数据，规则：E0003，线程：2，日期：20260517，模式：memory，完成
2026-07-14 09:35:58 - ERROR - utils.multi_thread_parser - multi_thread_parser.py:134 - 解析线程数据，规则：E0003，线程：4，日期：20260517，模式：memory，完成
2026-07-14 09:35:58 - ERROR - utils.multi_thread_parser - multi_thread_parser.py:134 - 解析线程数据，规则：E0004，线程：2，日期：20260517，模式：runtime，完成
2026-07-14 09:35:58 - ERROR - utils.multi_thread_parser - multi_thread_parser.py:134 - 解析线程数据，规则：E0004，线程：4，日期：20260517，模式：runtime，完成
2026-07-14 09:35:58 - ERROR - utils.multi_thread_parser - multi_thread_parser.py:134 - 解析线程数据，规则：E0004，线程：2，日期：20260517，模式：memory，完成
2026-07-14 09:35:58 - ERROR - utils.multi_thread_parser - multi_thread_parser.py:134 - 解析线程数据，规则：E0004，线程：4，日期：20260517，模式：memory，完成
2026-07-14 09:35:58 - ERROR - utils.multi_thread_parser - multi_thread_parser.py:134 - 解析线程数据，规则：check_lint，线程：4，日期：20260517，模式：runtime，完成
2026-07-14 09:35:58 - ERROR - utils.multi_thread_parser - multi_thread_parser.py:134 - 解析线程数据，规则：check_lint，线程：4，日期：20260517，模式：memory，完成
2026-07-14 09:35:58 - ERROR - utils.multi_thread_parser - multi_thread_parser.py:134 - 解析线程数据，规则：Overall，线程：4，日期：20260517，模式：runtime，完成
2026-07-14 09:35:58 - ERROR - utils.multi_thread_parser - multi_thread_parser.py:134 - 解析线程数据，规则：Overall，线程：4，日期：20260517，模式：memory，完成
2026-07-14 09:35:58 - ERROR - utils.multi_thread_parser - multi_thread_parser.py:134 - 解析线程数据，规则：read_design，线程：4，日期：20260517，模式：runtime，完成
2026-07-14 09:35:58 - ERROR - utils.multi_thread_parser - multi_thread_parser.py:134 - 解析线程数据，规则：read_design，线程：4，日期：20260517，模式：memory，完成
2026-07-14 09:35:58 - ERROR - utils.multi_thread_parser - multi_thread_parser.py:60 - 解析多线程数据，模式：multi，工具ID：elint，casename：aes，完成
2026-07-14 09:35:58 - ERROR - utils.multi_thread_parser - multi_thread_parser.py:66 - 解析多线程数据，模式：multi，工具ID：elint，casename：aes，日期：20260511，规则：E0001，完成
2026-07-14 09:35:58 - ERROR - utils.multi_thread_parser - multi_thread_parser.py:66 - 解析多线程数据，模式：multi，工具ID：elint，casename：aes，日期：20260511，规则：E0002，完成
2026-07-14 09:35:58 - ERROR - utils.multi_thread_parser - multi_thread_parser.py:66 - 解析多线程数据，模式：multi，工具ID：elint，casename：aes，日期：20260511，规则：E0003，完成
2026-07-14 09:35:58 - ERROR - utils.multi_thread_parser - multi_thread_parser.py:66 - 解析多线程数据，模式：multi，工具ID：elint，casename：aes，日期：20260511，规则：E0004，完成
2026-07-14 09:35:58 - ERROR - utils.multi_thread_parser - multi_thread_parser.py:66 - 解析多线程数据，模式：multi，工具ID：elint，casename：aes，日期：20260511，规则：check_lint，完成
2026-07-14 09:35:58 - ERROR - utils.multi_thread_parser - multi_thread_parser.py:66 - 解析多线程数据，模式：multi，工具ID：elint，casename：aes，日期：20260511，规则：Overall，完成
2026-07-14 09:35:58 - ERROR - utils.multi_thread_parser - multi_thread_parser.py:66 - 解析多线程数据，模式：multi，工具ID：elint，casename：aes，日期：20260511，规则：read_design，完成
2026-07-14 09:35:58 - ERROR - utils.multi_thread_parser - multi_thread_parser.py:66 - 解析多线程数据，模式：multi，工具ID：elint，casename：aes，日期：20260511，规则：save_session，完成
2026-07-14 09:35:58 - ERROR - utils.multi_thread_parser - multi_thread_parser.py:66 - 解析多线程数据，模式：multi，工具ID：elint，casename：aes，日期：20260513，规则：E0001，完成
2026-07-14 09:35:58 - ERROR - utils.multi_thread_parser - multi_thread_parser.py:66 - 解析多线程数据，模式：multi，工具ID：elint，casename：aes，日期：20260513，规则：E0002，完成
2026-07-14 09:35:58 - ERROR - utils.multi_thread_parser - multi_thread_parser.py:66 - 解析多线程数据，模式：multi，工具ID：elint，casename：aes，日期：20260513，规则：E0003，完成
2026-07-14 09:35:58 - ERROR - utils.multi_thread_parser - multi_thread_parser.py:66 - 解析多线程数据，模式：multi，工具ID：elint，casename：aes，日期：20260513，规则：E0004，完成
2026-07-14 09:35:58 - ERROR - utils.multi_thread_parser - multi_thread_parser.py:66 - 解析多线程数据，模式：multi，工具ID：elint，casename：aes，日期：20260513，规则：check_lint，完成
2026-07-14 09:35:58 - ERROR - utils.multi_thread_parser - multi_thread_parser.py:66 - 解析多线程数据，模式：multi，工具ID：elint，casename：aes，日期：20260513，规则：Overall，完成
2026-07-14 09:35:58 - ERROR - utils.multi_thread_parser - multi_thread_parser.py:66 - 解析多线程数据，模式：multi，工具ID：elint，casename：aes，日期：20260513，规则：read_design，完成
2026-07-14 09:35:58 - ERROR - utils.multi_thread_parser - multi_thread_parser.py:66 - 解析多线程数据，模式：multi，工具ID：elint，casename：aes，日期：20260515，规则：E0001，完成
2026-07-14 09:35:58 - ERROR - utils.multi_thread_parser - multi_thread_parser.py:66 - 解析多线程数据，模式：multi，工具ID：elint，casename：aes，日期：20260515，规则：E0002，完成
2026-07-14 09:35:58 - ERROR - utils.multi_thread_parser - multi_thread_parser.py:66 - 解析多线程数据，模式：multi，工具ID：elint，casename：aes，日期：20260515，规则：E0003，完成
2026-07-14 09:35:58 - ERROR - utils.multi_thread_parser - multi_thread_parser.py:66 - 解析多线程数据，模式：multi，工具ID：elint，casename：aes，日期：20260515，规则：E0004，完成
2026-07-14 09:35:58 - ERROR - utils.multi_thread_parser - multi_thread_parser.py:66 - 解析多线程数据，模式：multi，工具ID：elint，casename：aes，日期：20260515，规则：check_lint，完成
2026-07-14 09:35:58 - ERROR - utils.multi_thread_parser - multi_thread_parser.py:66 - 解析多线程数据，模式：multi，工具ID：elint，casename：aes，日期：20260515，规则：Overall，完成
2026-07-14 09:35:58 - ERROR - utils.multi_thread_parser - multi_thread_parser.py:66 - 解析多线程数据，模式：multi，工具ID：elint，casename：aes，日期：20260515，规则：read_design，完成
2026-07-14 09:35:58 - ERROR - utils.multi_thread_parser - multi_thread_parser.py:66 - 解析多线程数据，模式：multi，工具ID：elint，casename：aes，日期：20260516，规则：E0001，完成
2026-07-14 09:35:58 - ERROR - utils.multi_thread_parser - multi_thread_parser.py:66 - 解析多线程数据，模式：multi，工具ID：elint，casename：aes，日期：20260516，规则：E0002，完成
2026-07-14 09:35:58 - ERROR - utils.multi_thread_parser - multi_thread_parser.py:66 - 解析多线程数据，模式：multi，工具ID：elint，casename：aes，日期：20260516，规则：E0003，完成
2026-07-14 09:35:58 - ERROR - utils.multi_thread_parser - multi_thread_parser.py:66 - 解析多线程数据，模式：multi，工具ID：elint，casename：aes，日期：20260516，规则：E0004，完成
2026-07-14 09:35:58 - ERROR - utils.multi_thread_parser - multi_thread_parser.py:66 - 解析多线程数据，模式：multi，工具ID：elint，casename：aes，日期：20260516，规则：check_lint，完成
2026-07-14 09:35:58 - ERROR - utils.multi_thread_parser - multi_thread_parser.py:66 - 解析多线程数据，模式：multi，工具ID：elint，casename：aes，日期：20260516，规则：Overall，完成
2026-07-14 09:35:58 - ERROR - utils.multi_thread_parser - multi_thread_parser.py:66 - 解析多线程数据，模式：multi，工具ID：elint，casename：aes，日期：20260516，规则：read_design，完成
2026-07-14 09:35:58 - ERROR - utils.multi_thread_parser - multi_thread_parser.py:66 - 解析多线程数据，模式：multi，工具ID：elint，casename：aes，日期：20260517，规则：E0001，完成
2026-07-14 09:35:58 - ERROR - utils.multi_thread_parser - multi_thread_parser.py:66 - 解析多线程数据，模式：multi，工具ID：elint，casename：aes，日期：20260517，规则：E0002，完成
2026-07-14 09:35:58 - ERROR - utils.multi_thread_parser - multi_thread_parser.py:66 - 解析多线程数据，模式：multi，工具ID：elint，casename：aes，日期：20260517，规则：E0003，完成
2026-07-14 09:35:58 - ERROR - utils.multi_thread_parser - multi_thread_parser.py:66 - 解析多线程数据，模式：multi，工具ID：elint，casename：aes，日期：20260517，规则：E0004，完成
2026-07-14 09:35:58 - ERROR - utils.multi_thread_parser - multi_thread_parser.py:66 - 解析多线程数据，模式：multi，工具ID：elint，casename：aes，日期：20260517，规则：check_lint，完成
2026-07-14 09:35:58 - ERROR - utils.multi_thread_parser - multi_thread_parser.py:66 - 解析多线程数据，模式：multi，工具ID：elint，casename：aes，日期：20260517，规则：Overall，完成
2026-07-14 09:35:58 - ERROR - utils.multi_thread_parser - multi_thread_parser.py:66 - 解析多线程数据，模式：multi，工具ID：elint，casename：aes，日期：20260517，规则：read_design，完成
2026-07-14 09:35:58 - ERROR - utils.multi_thread_parser - multi_thread_parser.py:134 - 解析线程数据，规则：E0001，线程：2，日期：20260511，模式：runtime，完成
2026-07-14 09:35:58 - ERROR - utils.multi_thread_parser - multi_thread_parser.py:134 - 解析线程数据，规则：E0001，线程：4，日期：20260511，模式：runtime，完成
2026-07-14 09:35:58 - ERROR - utils.multi_thread_parser - multi_thread_parser.py:134 - 解析线程数据，规则：E0001，线程：2，日期：20260511，模式：memory，完成
2026-07-14 09:35:58 - ERROR - utils.multi_thread_parser - multi_thread_parser.py:134 - 解析线程数据，规则：E0001，线程：4，日期：20260511，模式：memory，完成
2026-07-14 09:35:58 - ERROR - utils.multi_thread_parser - multi_thread_parser.py:134 - 解析线程数据，规则：E0002，线程：2，日期：20260511，模式：runtime，完成
2026-07-14 09:35:58 - ERROR - utils.multi_thread_parser - multi_thread_parser.py:134 - 解析线程数据，规则：E0002，线程：4，日期：20260511，模式：runtime，完成
2026-07-14 09:35:58 - ERROR - utils.multi_thread_parser - multi_thread_parser.py:134 - 解析线程数据，规则：E0002，线程：2，日期：20260511，模式：memory，完成
2026-07-14 09:35:58 - ERROR - utils.multi_thread_parser - multi_thread_parser.py:134 - 解析线程数据，规则：E0002，线程：4，日期：20260511，模式：memory，完成
2026-07-14 09:35:58 - ERROR - utils.multi_thread_parser - multi_thread_parser.py:134 - 解析线程数据，规则：E0003，线程：2，日期：20260511，模式：runtime，完成
2026-07-14 09:35:58 - ERROR - utils.multi_thread_parser - multi_thread_parser.py:134 - 解析线程数据，规则：E0003，线程：4，日期：20260511，模式：runtime，完成
2026-07-14 09:35:58 - ERROR - utils.multi_thread_parser - multi_thread_parser.py:134 - 解析线程数据，规则：E0003，线程：2，日期：20260511，模式：memory，完成
2026-07-14 09:35:58 - ERROR - utils.multi_thread_parser - multi_thread_parser.py:134 - 解析线程数据，规则：E0003，线程：4，日期：20260511，模式：memory，完成
2026-07-14 09:35:58 - ERROR - utils.multi_thread_parser - multi_thread_parser.py:134 - 解析线程数据，规则：E0004，线程：2，日期：20260511，模式：runtime，完成
2026-07-14 09:35:58 - ERROR - utils.multi_thread_parser - multi_thread_parser.py:134 - 解析线程数据，规则：E0004，线程：4，日期：20260511，模式：runtime，完成
2026-07-14 09:35:58 - ERROR - utils.multi_thread_parser - multi_thread_parser.py:134 - 解析线程数据，规则：E0004，线程：2，日期：20260511，模式：memory，完成
2026-07-14 09:35:58 - ERROR - utils.multi_thread_parser - multi_thread_parser.py:134 - 解析线程数据，规则：E0004，线程：4，日期：20260511，模式：memory，完成
2026-07-14 09:35:58 - ERROR - utils.multi_thread_parser - multi_thread_parser.py:134 - 解析线程数据，规则：check_lint，线程：2，日期：20260511，模式：runtime，完成
2026-07-14 09:35:58 - ERROR - utils.multi_thread_parser - multi_thread_parser.py:134 - 解析线程数据，规则：check_lint，线程：4，日期：20260511，模式：runtime，完成
2026-07-14 09:35:58 - ERROR - utils.multi_thread_parser - multi_thread_parser.py:134 - 解析线程数据，规则：check_lint，线程：2，日期：20260511，模式：memory，完成
2026-07-14 09:35:58 - ERROR - utils.multi_thread_parser - multi_thread_parser.py:134 - 解析线程数据，规则：check_lint，线程：4，日期：20260511，模式：memory，完成
2026-07-14 09:35:58 - ERROR - utils.multi_thread_parser - multi_thread_parser.py:134 - 解析线程数据，规则：Overall，线程：2，日期：20260511，模式：runtime，完成
2026-07-14 09:35:58 - ERROR - utils.multi_thread_parser - multi_thread_parser.py:134 - 解析线程数据，规则：Overall，线程：4，日期：20260511，模式：runtime，完成
2026-07-14 09:35:58 - ERROR - utils.multi_thread_parser - multi_thread_parser.py:134 - 解析线程数据，规则：Overall，线程：2，日期：20260511，模式：memory，完成
2026-07-14 09:35:58 - ERROR - utils.multi_thread_parser - multi_thread_parser.py:134 - 解析线程数据，规则：Overall，线程：4，日期：20260511，模式：memory，完成
2026-07-14 09:35:58 - ERROR - utils.multi_thread_parser - multi_thread_parser.py:134 - 解析线程数据，规则：read_design，线程：2，日期：20260511，模式：runtime，完成
2026-07-14 09:35:58 - ERROR - utils.multi_thread_parser - multi_thread_parser.py:134 - 解析线程数据，规则：read_design，线程：4，日期：20260511，模式：runtime，完成
2026-07-14 09:35:58 - ERROR - utils.multi_thread_parser - multi_thread_parser.py:134 - 解析线程数据，规则：read_design，线程：2，日期：20260511，模式：memory，完成
2026-07-14 09:35:58 - ERROR - utils.multi_thread_parser - multi_thread_parser.py:134 - 解析线程数据，规则：read_design，线程：4，日期：20260511，模式：memory，完成
2026-07-14 09:35:58 - ERROR - utils.multi_thread_parser - multi_thread_parser.py:134 - 解析线程数据，规则：E0001，线程：2，日期：20260513，模式：runtime，完成
2026-07-14 09:35:58 - ERROR - utils.multi_thread_parser - multi_thread_parser.py:134 - 解析线程数据，规则：E0001，线程：4，日期：20260513，模式：runtime，完成
2026-07-14 09:35:58 - ERROR - utils.multi_thread_parser - multi_thread_parser.py:134 - 解析线程数据，规则：E0001，线程：2，日期：20260513，模式：memory，完成
2026-07-14 09:35:58 - ERROR - utils.multi_thread_parser - multi_thread_parser.py:134 - 解析线程数据，规则：E0001，线程：4，日期：20260513，模式：memory，完成
2026-07-14 09:35:58 - ERROR - utils.multi_thread_parser - multi_thread_parser.py:134 - 解析线程数据，规则：E0002，线程：2，日期：20260513，模式：runtime，完成
2026-07-14 09:35:58 - ERROR - utils.multi_thread_parser - multi_thread_parser.py:134 - 解析线程数据，规则：E0002，线程：4，日期：20260513，模式：runtime，完成
2026-07-14 09:35:58 - ERROR - utils.multi_thread_parser - multi_thread_parser.py:134 - 解析线程数据，规则：E0002，线程：2，日期：20260513，模式：memory，完成
2026-07-14 09:35:58 - ERROR - utils.multi_thread_parser - multi_thread_parser.py:134 - 解析线程数据，规则：E0002，线程：4，日期：20260513，模式：memory，完成
2026-07-14 09:35:58 - ERROR - utils.multi_thread_parser - multi_thread_parser.py:134 - 解析线程数据，规则：E0003，线程：2，日期：20260513，模式：runtime，完成
2026-07-14 09:35:58 - ERROR - utils.multi_thread_parser - multi_thread_parser.py:134 - 解析线程数据，规则：E0003，线程：4，日期：20260513，模式：runtime，完成
2026-07-14 09:35:58 - ERROR - utils.multi_thread_parser - multi_thread_parser.py:134 - 解析线程数据，规则：E0003，线程：2，日期：20260513，模式：memory，完成
2026-07-14 09:35:58 - ERROR - utils.multi_thread_parser - multi_thread_parser.py:134 - 解析线程数据，规则：E0003，线程：4，日期：20260513，模式：memory，完成
2026-07-14 09:35:58 - ERROR - utils.multi_thread_parser - multi_thread_parser.py:134 - 解析线程数据，规则：E0004，线程：2，日期：20260513，模式：runtime，完成
2026-07-14 09:35:58 - ERROR - utils.multi_thread_parser - multi_thread_parser.py:134 - 解析线程数据，规则：E0004，线程：4，日期：20260513，模式：runtime，完成
2026-07-14 09:35:58 - ERROR - utils.multi_thread_parser - multi_thread_parser.py:134 - 解析线程数据，规则：E0004，线程：2，日期：20260513，模式：memory，完成
2026-07-14 09:35:58 - ERROR - utils.multi_thread_parser - multi_thread_parser.py:134 - 解析线程数据，规则：E0004，线程：4，日期：20260513，模式：memory，完成
2026-07-14 09:35:58 - ERROR - utils.multi_thread_parser - multi_thread_parser.py:134 - 解析线程数据，规则：check_lint，线程：2，日期：20260513，模式：runtime，完成
2026-07-14 09:35:58 - ERROR - utils.multi_thread_parser - multi_thread_parser.py:134 - 解析线程数据，规则：check_lint，线程：4，日期：20260513，模式：runtime，完成
2026-07-14 09:35:58 - ERROR - utils.multi_thread_parser - multi_thread_parser.py:134 - 解析线程数据，规则：check_lint，线程：2，日期：20260513，模式：memory，完成
2026-07-14 09:35:58 - ERROR - utils.multi_thread_parser - multi_thread_parser.py:134 - 解析线程数据，规则：check_lint，线程：4，日期：20260513，模式：memory，完成
2026-07-14 09:35:58 - ERROR - utils.multi_thread_parser - multi_thread_parser.py:134 - 解析线程数据，规则：Overall，线程：2，日期：20260513，模式：runtime，完成
2026-07-14 09:35:58 - ERROR - utils.multi_thread_parser - multi_thread_parser.py:134 - 解析线程数据，规则：Overall，线程：4，日期：20260513，模式：runtime，完成
2026-07-14 09:35:58 - ERROR - utils.multi_thread_parser - multi_thread_parser.py:134 - 解析线程数据，规则：Overall，线程：2，日期：20260513，模式：memory，完成
2026-07-14 09:35:58 - ERROR - utils.multi_thread_parser - multi_thread_parser.py:134 - 解析线程数据，规则：Overall，线程：4，日期：20260513，模式：memory，完成
2026-07-14 09:35:58 - ERROR - utils.multi_thread_parser - multi_thread_parser.py:134 - 解析线程数据，规则：read_design，线程：2，日期：20260513，模式：runtime，完成
2026-07-14 09:35:58 - ERROR - utils.multi_thread_parser - multi_thread_parser.py:134 - 解析线程数据，规则：read_design，线程：4，日期：20260513，模式：runtime，完成
2026-07-14 09:35:58 - ERROR - utils.multi_thread_parser - multi_thread_parser.py:134 - 解析线程数据，规则：read_design，线程：2，日期：20260513，模式：memory，完成
2026-07-14 09:35:58 - ERROR - utils.multi_thread_parser - multi_thread_parser.py:134 - 解析线程数据，规则：read_design，线程：4，日期：20260513，模式：memory，完成
2026-07-14 09:35:58 - ERROR - utils.multi_thread_parser - multi_thread_parser.py:134 - 解析线程数据，规则：E0001，线程：2，日期：20260515，模式：runtime，完成
2026-07-14 09:35:58 - ERROR - utils.multi_thread_parser - multi_thread_parser.py:134 - 解析线程数据，规则：E0001，线程：4，日期：20260515，模式：runtime，完成
2026-07-14 09:35:58 - ERROR - utils.multi_thread_parser - multi_thread_parser.py:134 - 解析线程数据，规则：E0001，线程：2，日期：20260515，模式：memory，完成
2026-07-14 09:35:58 - ERROR - utils.multi_thread_parser - multi_thread_parser.py:134 - 解析线程数据，规则：E0001，线程：4，日期：20260515，模式：memory，完成
2026-07-14 09:35:58 - ERROR - utils.multi_thread_parser - multi_thread_parser.py:134 - 解析线程数据，规则：E0002，线程：2，日期：20260515，模式：runtime，完成
2026-07-14 09:35:58 - ERROR - utils.multi_thread_parser - multi_thread_parser.py:134 - 解析线程数据，规则：E0002，线程：4，日期：20260515，模式：runtime，完成
2026-07-14 09:35:58 - ERROR - utils.multi_thread_parser - multi_thread_parser.py:134 - 解析线程数据，规则：E0002，线程：2，日期：20260515，模式：memory，完成
2026-07-14 09:35:58 - ERROR - utils.multi_thread_parser - multi_thread_parser.py:134 - 解析线程数据，规则：E0002，线程：4，日期：20260515，模式：memory，完成
2026-07-14 09:35:58 - ERROR - utils.multi_thread_parser - multi_thread_parser.py:134 - 解析线程数据，规则：E0003，线程：2，日期：20260515，模式：runtime，完成
2026-07-14 09:35:58 - ERROR - utils.multi_thread_parser - multi_thread_parser.py:134 - 解析线程数据，规则：E0003，线程：4，日期：20260515，模式：runtime，完成
2026-07-14 09:35:58 - ERROR - utils.multi_thread_parser - multi_thread_parser.py:134 - 解析线程数据，规则：E0003，线程：2，日期：20260515，模式：memory，完成
2026-07-14 09:35:58 - ERROR - utils.multi_thread_parser - multi_thread_parser.py:134 - 解析线程数据，规则：E0003，线程：4，日期：20260515，模式：memory，完成
2026-07-14 09:35:58 - ERROR - utils.multi_thread_parser - multi_thread_parser.py:134 - 解析线程数据，规则：E0004，线程：2，日期：20260515，模式：runtime，完成
2026-07-14 09:35:58 - ERROR - utils.multi_thread_parser - multi_thread_parser.py:134 - 解析线程数据，规则：E0004，线程：4，日期：20260515，模式：runtime，完成
2026-07-14 09:35:58 - ERROR - utils.multi_thread_parser - multi_thread_parser.py:134 - 解析线程数据，规则：E0004，线程：2，日期：20260515，模式：memory，完成
2026-07-14 09:35:58 - ERROR - utils.multi_thread_parser - multi_thread_parser.py:134 - 解析线程数据，规则：E0004，线程：4，日期：20260515，模式：memory，完成
2026-07-14 09:35:58 - ERROR - utils.multi_thread_parser - multi_thread_parser.py:134 - 解析线程数据，规则：check_lint，线程：2，日期：20260515，模式：runtime，完成
2026-07-14 09:35:58 - ERROR - utils.multi_thread_parser - multi_thread_parser.py:134 - 解析线程数据，规则：check_lint，线程：4，日期：20260515，模式：runtime，完成
2026-07-14 09:35:58 - ERROR - utils.multi_thread_parser - multi_thread_parser.py:134 - 解析线程数据，规则：check_lint，线程：2，日期：20260515，模式：memory，完成
2026-07-14 09:35:58 - ERROR - utils.multi_thread_parser - multi_thread_parser.py:134 - 解析线程数据，规则：check_lint，线程：4，日期：20260515，模式：memory，完成
2026-07-14 09:35:58 - ERROR - utils.multi_thread_parser - multi_thread_parser.py:134 - 解析线程数据，规则：Overall，线程：2，日期：20260515，模式：runtime，完成
2026-07-14 09:35:58 - ERROR - utils.multi_thread_parser - multi_thread_parser.py:134 - 解析线程数据，规则：Overall，线程：4，日期：20260515，模式：runtime，完成
2026-07-14 09:35:58 - ERROR - utils.multi_thread_parser - multi_thread_parser.py:134 - 解析线程数据，规则：Overall，线程：2，日期：20260515，模式：memory，完成
2026-07-14 09:35:58 - ERROR - utils.multi_thread_parser - multi_thread_parser.py:134 - 解析线程数据，规则：Overall，线程：4，日期：20260515，模式：memory，完成
2026-07-14 09:35:58 - ERROR - utils.multi_thread_parser - multi_thread_parser.py:134 - 解析线程数据，规则：read_design，线程：2，日期：20260515，模式：runtime，完成
2026-07-14 09:35:58 - ERROR - utils.multi_thread_parser - multi_thread_parser.py:134 - 解析线程数据，规则：read_design，线程：4，日期：20260515，模式：runtime，完成
2026-07-14 09:35:58 - ERROR - utils.multi_thread_parser - multi_thread_parser.py:134 - 解析线程数据，规则：read_design，线程：2，日期：20260515，模式：memory，完成
2026-07-14 09:35:58 - ERROR - utils.multi_thread_parser - multi_thread_parser.py:134 - 解析线程数据，规则：read_design，线程：4，日期：20260515，模式：memory，完成
2026-07-14 09:35:58 - ERROR - utils.multi_thread_parser - multi_thread_parser.py:134 - 解析线程数据，规则：E0001，线程：2，日期：20260516，模式：runtime，完成
2026-07-14 09:35:58 - ERROR - utils.multi_thread_parser - multi_thread_parser.py:134 - 解析线程数据，规则：E0001，线程：4，日期：20260516，模式：runtime，完成
2026-07-14 09:35:58 - ERROR - utils.multi_thread_parser - multi_thread_parser.py:134 - 解析线程数据，规则：E0001，线程：2，日期：20260516，模式：memory，完成
2026-07-14 09:35:58 - ERROR - utils.multi_thread_parser - multi_thread_parser.py:134 - 解析线程数据，规则：E0001，线程：4，日期：20260516，模式：memory，完成
2026-07-14 09:35:58 - ERROR - utils.multi_thread_parser - multi_thread_parser.py:134 - 解析线程数据，规则：E0002，线程：2，日期：20260516，模式：runtime，完成
2026-07-14 09:35:58 - ERROR - utils.multi_thread_parser - multi_thread_parser.py:134 - 解析线程数据，规则：E0002，线程：4，日期：20260516，模式：runtime，完成
2026-07-14 09:35:58 - ERROR - utils.multi_thread_parser - multi_thread_parser.py:134 - 解析线程数据，规则：E0002，线程：2，日期：20260516，模式：memory，完成
2026-07-14 09:35:58 - ERROR - utils.multi_thread_parser - multi_thread_parser.py:134 - 解析线程数据，规则：E0002，线程：4，日期：20260516，模式：memory，完成
2026-07-14 09:35:58 - ERROR - utils.multi_thread_parser - multi_thread_parser.py:134 - 解析线程数据，规则：E0003，线程：2，日期：20260516，模式：runtime，完成
2026-07-14 09:35:58 - ERROR - utils.multi_thread_parser - multi_thread_parser.py:134 - 解析线程数据，规则：E0003，线程：4，日期：20260516，模式：runtime，完成
2026-07-14 09:35:58 - ERROR - utils.multi_thread_parser - multi_thread_parser.py:134 - 解析线程数据，规则：E0003，线程：2，日期：20260516，模式：memory，完成
2026-07-14 09:35:58 - ERROR - utils.multi_thread_parser - multi_thread_parser.py:134 - 解析线程数据，规则：E0003，线程：4，日期：20260516，模式：memory，完成
2026-07-14 09:35:58 - ERROR - utils.multi_thread_parser - multi_thread_parser.py:134 - 解析线程数据，规则：E0004，线程：2，日期：20260516，模式：runtime，完成
2026-07-14 09:35:58 - ERROR - utils.multi_thread_parser - multi_thread_parser.py:134 - 解析线程数据，规则：E0004，线程：4，日期：20260516，模式：runtime，完成
2026-07-14 09:35:58 - ERROR - utils.multi_thread_parser - multi_thread_parser.py:134 - 解析线程数据，规则：E0004，线程：2，日期：20260516，模式：memory，完成
2026-07-14 09:35:58 - ERROR - utils.multi_thread_parser - multi_thread_parser.py:134 - 解析线程数据，规则：E0004，线程：4，日期：20260516，模式：memory，完成
2026-07-14 09:35:58 - ERROR - utils.multi_thread_parser - multi_thread_parser.py:134 - 解析线程数据，规则：check_lint，线程：2，日期：20260516，模式：runtime，完成
2026-07-14 09:35:58 - ERROR - utils.multi_thread_parser - multi_thread_parser.py:134 - 解析线程数据，规则：check_lint，线程：4，日期：20260516，模式：runtime，完成
2026-07-14 09:35:58 - ERROR - utils.multi_thread_parser - multi_thread_parser.py:134 - 解析线程数据，规则：check_lint，线程：2，日期：20260516，模式：memory，完成
2026-07-14 09:35:58 - ERROR - utils.multi_thread_parser - multi_thread_parser.py:134 - 解析线程数据，规则：check_lint，线程：4，日期：20260516，模式：memory，完成
2026-07-14 09:35:58 - ERROR - utils.multi_thread_parser - multi_thread_parser.py:134 - 解析线程数据，规则：Overall，线程：2，日期：20260516，模式：runtime，完成
2026-07-14 09:35:58 - ERROR - utils.multi_thread_parser - multi_thread_parser.py:134 - 解析线程数据，规则：Overall，线程：4，日期：20260516，模式：runtime，完成
2026-07-14 09:35:58 - ERROR - utils.multi_thread_parser - multi_thread_parser.py:134 - 解析线程数据，规则：Overall，线程：2，日期：20260516，模式：memory，完成
2026-07-14 09:35:58 - ERROR - utils.multi_thread_parser - multi_thread_parser.py:134 - 解析线程数据，规则：Overall，线程：4，日期：20260516，模式：memory，完成
2026-07-14 09:35:58 - ERROR - utils.multi_thread_parser - multi_thread_parser.py:134 - 解析线程数据，规则：read_design，线程：2，日期：20260516，模式：runtime，完成
2026-07-14 09:35:58 - ERROR - utils.multi_thread_parser - multi_thread_parser.py:134 - 解析线程数据，规则：read_design，线程：4，日期：20260516，模式：runtime，完成
2026-07-14 09:35:58 - ERROR - utils.multi_thread_parser - multi_thread_parser.py:134 - 解析线程数据，规则：read_design，线程：2，日期：20260516，模式：memory，完成
2026-07-14 09:35:58 - ERROR - utils.multi_thread_parser - multi_thread_parser.py:134 - 解析线程数据，规则：read_design，线程：4，日期：20260516，模式：memory，完成
2026-07-14 09:35:58 - ERROR - utils.multi_thread_parser - multi_thread_parser.py:134 - 解析线程数据，规则：E0001，线程：2，日期：20260517，模式：runtime，完成
2026-07-14 09:35:58 - ERROR - utils.multi_thread_parser - multi_thread_parser.py:134 - 解析线程数据，规则：E0001，线程：4，日期：20260517，模式：runtime，完成
2026-07-14 09:35:58 - ERROR - utils.multi_thread_parser - multi_thread_parser.py:134 - 解析线程数据，规则：E0001，线程：2，日期：20260517，模式：memory，完成
2026-07-14 09:35:58 - ERROR - utils.multi_thread_parser - multi_thread_parser.py:134 - 解析线程数据，规则：E0001，线程：4，日期：20260517，模式：memory，完成
2026-07-14 09:35:58 - ERROR - utils.multi_thread_parser - multi_thread_parser.py:134 - 解析线程数据，规则：E0002，线程：2，日期：20260517，模式：runtime，完成
2026-07-14 09:35:58 - ERROR - utils.multi_thread_parser - multi_thread_parser.py:134 - 解析线程数据，规则：E0002，线程：4，日期：20260517，模式：runtime，完成
2026-07-14 09:35:58 - ERROR - utils.multi_thread_parser - multi_thread_parser.py:134 - 解析线程数据，规则：E0002，线程：2，日期：20260517，模式：memory，完成
2026-07-14 09:35:58 - ERROR - utils.multi_thread_parser - multi_thread_parser.py:134 - 解析线程数据，规则：E0002，线程：4，日期：20260517，模式：memory，完成
2026-07-14 09:35:58 - ERROR - utils.multi_thread_parser - multi_thread_parser.py:134 - 解析线程数据，规则：E0003，线程：2，日期：20260517，模式：runtime，完成
2026-07-14 09:35:58 - ERROR - utils.multi_thread_parser - multi_thread_parser.py:134 - 解析线程数据，规则：E0003，线程：4，日期：20260517，模式：runtime，完成
2026-07-14 09:35:58 - ERROR - utils.multi_thread_parser - multi_thread_parser.py:134 - 解析线程数据，规则：E0003，线程：2，日期：20260517，模式：memory，完成
2026-07-14 09:35:58 - ERROR - utils.multi_thread_parser - multi_thread_parser.py:134 - 解析线程数据，规则：E0003，线程：4，日期：20260517，模式：memory，完成
2026-07-14 09:35:58 - ERROR - utils.multi_thread_parser - multi_thread_parser.py:134 - 解析线程数据，规则：E0004，线程：2，日期：20260517，模式：runtime，完成
2026-07-14 09:35:58 - ERROR - utils.multi_thread_parser - multi_thread_parser.py:134 - 解析线程数据，规则：E0004，线程：4，日期：20260517，模式：runtime，完成
2026-07-14 09:35:58 - ERROR - utils.multi_thread_parser - multi_thread_parser.py:134 - 解析线程数据，规则：E0004，线程：2，日期：20260517，模式：memory，完成
2026-07-14 09:35:58 - ERROR - utils.multi_thread_parser - multi_thread_parser.py:134 - 解析线程数据，规则：E0004，线程：4，日期：20260517，模式：memory，完成
2026-07-14 09:35:58 - ERROR - utils.multi_thread_parser - multi_thread_parser.py:134 - 解析线程数据，规则：check_lint，线程：2，日期：20260517，模式：runtime，完成
2026-07-14 09:35:58 - ERROR - utils.multi_thread_parser - multi_thread_parser.py:134 - 解析线程数据，规则：check_lint，线程：4，日期：20260517，模式：runtime，完成
2026-07-14 09:35:58 - ERROR - utils.multi_thread_parser - multi_thread_parser.py:134 - 解析线程数据，规则：check_lint，线程：2，日期：20260517，模式：memory，完成
2026-07-14 09:35:58 - ERROR - utils.multi_thread_parser - multi_thread_parser.py:134 - 解析线程数据，规则：check_lint，线程：4，日期：20260517，模式：memory，完成
2026-07-14 09:35:58 - ERROR - utils.multi_thread_parser - multi_thread_parser.py:134 - 解析线程数据，规则：Overall，线程：2，日期：20260517，模式：runtime，完成
2026-07-14 09:35:58 - ERROR - utils.multi_thread_parser - multi_thread_parser.py:134 - 解析线程数据，规则：Overall，线程：4，日期：20260517，模式：runtime，完成
2026-07-14 09:35:58 - ERROR - utils.multi_thread_parser - multi_thread_parser.py:134 - 解析线程数据，规则：Overall，线程：2，日期：20260517，模式：memory，完成
2026-07-14 09:35:58 - ERROR - utils.multi_thread_parser - multi_thread_parser.py:134 - 解析线程数据，规则：Overall，线程：4，日期：20260517，模式：memory，完成
2026-07-14 09:35:58 - ERROR - utils.multi_thread_parser - multi_thread_parser.py:134 - 解析线程数据，规则：read_design，线程：2，日期：20260517，模式：runtime，完成
2026-07-14 09:35:58 - ERROR - utils.multi_thread_parser - multi_thread_parser.py:134 - 解析线程数据，规则：read_design，线程：4，日期：20260517，模式：runtime，完成
2026-07-14 09:35:58 - ERROR - utils.multi_thread_parser - multi_thread_parser.py:134 - 解析线程数据，规则：read_design，线程：2，日期：20260517，模式：memory，完成
2026-07-14 09:35:58 - ERROR - utils.multi_thread_parser - multi_thread_parser.py:134 - 解析线程数据，规则：read_design，线程：4，日期：20260517，模式：memory，完成
2026-07-14 09:35:58 - ERROR - utils.multi_thread_parser - multi_thread_parser.py:60 - 解析多线程数据，模式：multi，工具ID：elint，casename：pcie，完成
2026-07-14 09:35:58 - ERROR - utils.multi_thread_parser - multi_thread_parser.py:66 - 解析多线程数据，模式：multi，工具ID：elint，casename：pcie，日期：20260511，规则：E0001，完成
2026-07-14 09:35:58 - ERROR - utils.multi_thread_parser - multi_thread_parser.py:66 - 解析多线程数据，模式：multi，工具ID：elint，casename：pcie，日期：20260511，规则：E0002，完成
2026-07-14 09:35:58 - ERROR - utils.multi_thread_parser - multi_thread_parser.py:66 - 解析多线程数据，模式：multi，工具ID：elint，casename：pcie，日期：20260511，规则：E0003，完成
2026-07-14 09:35:58 - ERROR - utils.multi_thread_parser - multi_thread_parser.py:66 - 解析多线程数据，模式：multi，工具ID：elint，casename：pcie，日期：20260511，规则：E0004，完成
2026-07-14 09:35:58 - ERROR - utils.multi_thread_parser - multi_thread_parser.py:66 - 解析多线程数据，模式：multi，工具ID：elint，casename：pcie，日期：20260511，规则：check_lint，完成
2026-07-14 09:35:58 - ERROR - utils.multi_thread_parser - multi_thread_parser.py:66 - 解析多线程数据，模式：multi，工具ID：elint，casename：pcie，日期：20260511，规则：Overall，完成
2026-07-14 09:35:58 - ERROR - utils.multi_thread_parser - multi_thread_parser.py:66 - 解析多线程数据，模式：multi，工具ID：elint，casename：pcie，日期：20260511，规则：read_design，完成
2026-07-14 09:35:58 - ERROR - utils.multi_thread_parser - multi_thread_parser.py:66 - 解析多线程数据，模式：multi，工具ID：elint，casename：pcie，日期：20260513，规则：E0001，完成
2026-07-14 09:35:58 - ERROR - utils.multi_thread_parser - multi_thread_parser.py:66 - 解析多线程数据，模式：multi，工具ID：elint，casename：pcie，日期：20260513，规则：E0002，完成
2026-07-14 09:35:58 - ERROR - utils.multi_thread_parser - multi_thread_parser.py:66 - 解析多线程数据，模式：multi，工具ID：elint，casename：pcie，日期：20260513，规则：E0003，完成
2026-07-14 09:35:58 - ERROR - utils.multi_thread_parser - multi_thread_parser.py:66 - 解析多线程数据，模式：multi，工具ID：elint，casename：pcie，日期：20260513，规则：E0004，完成
2026-07-14 09:35:58 - ERROR - utils.multi_thread_parser - multi_thread_parser.py:66 - 解析多线程数据，模式：multi，工具ID：elint，casename：pcie，日期：20260513，规则：check_lint，完成
2026-07-14 09:35:58 - ERROR - utils.multi_thread_parser - multi_thread_parser.py:66 - 解析多线程数据，模式：multi，工具ID：elint，casename：pcie，日期：20260513，规则：Overall，完成
2026-07-14 09:35:58 - ERROR - utils.multi_thread_parser - multi_thread_parser.py:66 - 解析多线程数据，模式：multi，工具ID：elint，casename：pcie，日期：20260513，规则：read_design，完成
2026-07-14 09:35:58 - ERROR - utils.multi_thread_parser - multi_thread_parser.py:66 - 解析多线程数据，模式：multi，工具ID：elint，casename：pcie，日期：20260515，规则：E0001，完成
2026-07-14 09:35:58 - ERROR - utils.multi_thread_parser - multi_thread_parser.py:66 - 解析多线程数据，模式：multi，工具ID：elint，casename：pcie，日期：20260515，规则：E0002，完成
2026-07-14 09:35:58 - ERROR - utils.multi_thread_parser - multi_thread_parser.py:66 - 解析多线程数据，模式：multi，工具ID：elint，casename：pcie，日期：20260515，规则：E0003，完成
2026-07-14 09:35:58 - ERROR - utils.multi_thread_parser - multi_thread_parser.py:66 - 解析多线程数据，模式：multi，工具ID：elint，casename：pcie，日期：20260515，规则：E0004，完成
2026-07-14 09:35:58 - ERROR - utils.multi_thread_parser - multi_thread_parser.py:66 - 解析多线程数据，模式：multi，工具ID：elint，casename：pcie，日期：20260515，规则：check_lint，完成
2026-07-14 09:35:58 - ERROR - utils.multi_thread_parser - multi_thread_parser.py:66 - 解析多线程数据，模式：multi，工具ID：elint，casename：pcie，日期：20260515，规则：Overall，完成
2026-07-14 09:35:58 - ERROR - utils.multi_thread_parser - multi_thread_parser.py:66 - 解析多线程数据，模式：multi，工具ID：elint，casename：pcie，日期：20260515，规则：read_design，完成
2026-07-14 09:35:58 - ERROR - utils.multi_thread_parser - multi_thread_parser.py:66 - 解析多线程数据，模式：multi，工具ID：elint，casename：pcie，日期：20260516，规则：E0001，完成
2026-07-14 09:35:58 - ERROR - utils.multi_thread_parser - multi_thread_parser.py:66 - 解析多线程数据，模式：multi，工具ID：elint，casename：pcie，日期：20260516，规则：E0002，完成
2026-07-14 09:35:58 - ERROR - utils.multi_thread_parser - multi_thread_parser.py:66 - 解析多线程数据，模式：multi，工具ID：elint，casename：pcie，日期：20260516，规则：E0003，完成
2026-07-14 09:35:58 - ERROR - utils.multi_thread_parser - multi_thread_parser.py:66 - 解析多线程数据，模式：multi，工具ID：elint，casename：pcie，日期：20260516，规则：E0004，完成
2026-07-14 09:35:58 - ERROR - utils.multi_thread_parser - multi_thread_parser.py:66 - 解析多线程数据，模式：multi，工具ID：elint，casename：pcie，日期：20260516，规则：check_lint，完成
2026-07-14 09:35:58 - ERROR - utils.multi_thread_parser - multi_thread_parser.py:66 - 解析多线程数据，模式：multi，工具ID：elint，casename：pcie，日期：20260516，规则：Overall，完成
2026-07-14 09:35:58 - ERROR - utils.multi_thread_parser - multi_thread_parser.py:66 - 解析多线程数据，模式：multi，工具ID：elint，casename：pcie，日期：20260516，规则：read_design，完成
2026-07-14 09:35:58 - ERROR - utils.multi_thread_parser - multi_thread_parser.py:66 - 解析多线程数据，模式：multi，工具ID：elint，casename：pcie，日期：20260517，规则：E0001，完成
2026-07-14 09:35:58 - ERROR - utils.multi_thread_parser - multi_thread_parser.py:66 - 解析多线程数据，模式：multi，工具ID：elint，casename：pcie，日期：20260517，规则：E0002，完成
2026-07-14 09:35:58 - ERROR - utils.multi_thread_parser - multi_thread_parser.py:66 - 解析多线程数据，模式：multi，工具ID：elint，casename：pcie，日期：20260517，规则：E0003，完成
2026-07-14 09:35:58 - ERROR - utils.multi_thread_parser - multi_thread_parser.py:66 - 解析多线程数据，模式：multi，工具ID：elint，casename：pcie，日期：20260517，规则：E0004，完成
2026-07-14 09:35:58 - ERROR - utils.multi_thread_parser - multi_thread_parser.py:66 - 解析多线程数据，模式：multi，工具ID：elint，casename：pcie，日期：20260517，规则：check_lint，完成
2026-07-14 09:35:58 - ERROR - utils.multi_thread_parser - multi_thread_parser.py:66 - 解析多线程数据，模式：multi，工具ID：elint，casename：pcie，日期：20260517，规则：Overall，完成
2026-07-14 09:35:58 - ERROR - utils.multi_thread_parser - multi_thread_parser.py:66 - 解析多线程数据，模式：multi，工具ID：elint，casename：pcie，日期：20260517，规则：read_design，完成
2026-07-14 09:40:09 - ERROR - utils.multi_thread_parser - multi_thread_parser.py:134 - 解析线程数据，规则：E0001，线程：2，日期：20260511，模式：runtime，完成
2026-07-14 09:40:09 - ERROR - utils.multi_thread_parser - multi_thread_parser.py:134 - 解析线程数据，规则：E0001，线程：4，日期：20260511，模式：runtime，完成
2026-07-14 09:40:09 - ERROR - utils.multi_thread_parser - multi_thread_parser.py:134 - 解析线程数据，规则：E0001，线程：2，日期：20260511，模式：memory，完成
2026-07-14 09:40:09 - ERROR - utils.multi_thread_parser - multi_thread_parser.py:134 - 解析线程数据，规则：E0001，线程：4，日期：20260511，模式：memory，完成
2026-07-14 09:40:09 - ERROR - utils.multi_thread_parser - multi_thread_parser.py:134 - 解析线程数据，规则：E0002，线程：2，日期：20260511，模式：runtime，完成
2026-07-14 09:40:09 - ERROR - utils.multi_thread_parser - multi_thread_parser.py:134 - 解析线程数据，规则：E0002，线程：4，日期：20260511，模式：runtime，完成
2026-07-14 09:40:09 - ERROR - utils.multi_thread_parser - multi_thread_parser.py:134 - 解析线程数据，规则：E0002，线程：2，日期：20260511，模式：memory，完成
2026-07-14 09:40:09 - ERROR - utils.multi_thread_parser - multi_thread_parser.py:134 - 解析线程数据，规则：E0002，线程：4，日期：20260511，模式：memory，完成
2026-07-14 09:40:09 - ERROR - utils.multi_thread_parser - multi_thread_parser.py:134 - 解析线程数据，规则：E0003，线程：2，日期：20260511，模式：runtime，完成
2026-07-14 09:40:09 - ERROR - utils.multi_thread_parser - multi_thread_parser.py:134 - 解析线程数据，规则：E0003，线程：4，日期：20260511，模式：runtime，完成
2026-07-14 09:40:09 - ERROR - utils.multi_thread_parser - multi_thread_parser.py:134 - 解析线程数据，规则：E0003，线程：2，日期：20260511，模式：memory，完成
2026-07-14 09:40:09 - ERROR - utils.multi_thread_parser - multi_thread_parser.py:134 - 解析线程数据，规则：E0003，线程：4，日期：20260511，模式：memory，完成
2026-07-14 09:40:09 - ERROR - utils.multi_thread_parser - multi_thread_parser.py:134 - 解析线程数据，规则：E0004，线程：2，日期：20260511，模式：runtime，完成
2026-07-14 09:40:09 - ERROR - utils.multi_thread_parser - multi_thread_parser.py:134 - 解析线程数据，规则：E0004，线程：4，日期：20260511，模式：runtime，完成
2026-07-14 09:40:09 - ERROR - utils.multi_thread_parser - multi_thread_parser.py:134 - 解析线程数据，规则：E0004，线程：2，日期：20260511，模式：memory，完成
2026-07-14 09:40:09 - ERROR - utils.multi_thread_parser - multi_thread_parser.py:134 - 解析线程数据，规则：E0004，线程：4，日期：20260511，模式：memory，完成
2026-07-14 09:40:09 - ERROR - utils.multi_thread_parser - multi_thread_parser.py:134 - 解析线程数据，规则：check_lint，线程：2，日期：20260511，模式：runtime，完成
2026-07-14 09:40:09 - ERROR - utils.multi_thread_parser - multi_thread_parser.py:134 - 解析线程数据，规则：check_lint，线程：4，日期：20260511，模式：runtime，完成
2026-07-14 09:40:09 - ERROR - utils.multi_thread_parser - multi_thread_parser.py:134 - 解析线程数据，规则：check_lint，线程：2，日期：20260511，模式：memory，完成
2026-07-14 09:40:09 - ERROR - utils.multi_thread_parser - multi_thread_parser.py:134 - 解析线程数据，规则：check_lint，线程：4，日期：20260511，模式：memory，完成
2026-07-14 09:40:09 - ERROR - utils.multi_thread_parser - multi_thread_parser.py:134 - 解析线程数据，规则：Overall，线程：2，日期：20260511，模式：runtime，完成
2026-07-14 09:40:09 - ERROR - utils.multi_thread_parser - multi_thread_parser.py:134 - 解析线程数据，规则：Overall，线程：4，日期：20260511，模式：runtime，完成
2026-07-14 09:40:09 - ERROR - utils.multi_thread_parser - multi_thread_parser.py:134 - 解析线程数据，规则：Overall，线程：2，日期：20260511，模式：memory，完成
2026-07-14 09:40:09 - ERROR - utils.multi_thread_parser - multi_thread_parser.py:134 - 解析线程数据，规则：Overall，线程：4，日期：20260511，模式：memory，完成
2026-07-14 09:40:09 - ERROR - utils.multi_thread_parser - multi_thread_parser.py:134 - 解析线程数据，规则：read_design，线程：2，日期：20260511，模式：runtime，完成
2026-07-14 09:40:09 - ERROR - utils.multi_thread_parser - multi_thread_parser.py:134 - 解析线程数据，规则：read_design，线程：4，日期：20260511，模式：runtime，完成
2026-07-14 09:40:09 - ERROR - utils.multi_thread_parser - multi_thread_parser.py:134 - 解析线程数据，规则：read_design，线程：2，日期：20260511，模式：memory，完成
2026-07-14 09:40:09 - ERROR - utils.multi_thread_parser - multi_thread_parser.py:134 - 解析线程数据，规则：read_design，线程：4，日期：20260511，模式：memory，完成
2026-07-14 09:40:09 - ERROR - utils.multi_thread_parser - multi_thread_parser.py:134 - 解析线程数据，规则：save_session，线程：2，日期：20260511，模式：runtime，完成
2026-07-14 09:40:09 - ERROR - utils.multi_thread_parser - multi_thread_parser.py:134 - 解析线程数据，规则：save_session，线程：2，日期：20260511，模式：memory，完成
2026-07-14 09:40:09 - ERROR - utils.multi_thread_parser - multi_thread_parser.py:134 - 解析线程数据，规则：E0001，线程：2，日期：20260513，模式：runtime，完成
2026-07-14 09:40:09 - ERROR - utils.multi_thread_parser - multi_thread_parser.py:134 - 解析线程数据，规则：E0001，线程：4，日期：20260513，模式：runtime，完成
2026-07-14 09:40:09 - ERROR - utils.multi_thread_parser - multi_thread_parser.py:134 - 解析线程数据，规则：E0001，线程：2，日期：20260513，模式：memory，完成
2026-07-14 09:40:09 - ERROR - utils.multi_thread_parser - multi_thread_parser.py:134 - 解析线程数据，规则：E0001，线程：4，日期：20260513，模式：memory，完成
2026-07-14 09:40:09 - ERROR - utils.multi_thread_parser - multi_thread_parser.py:134 - 解析线程数据，规则：E0002，线程：2，日期：20260513，模式：runtime，完成
2026-07-14 09:40:09 - ERROR - utils.multi_thread_parser - multi_thread_parser.py:134 - 解析线程数据，规则：E0002，线程：4，日期：20260513，模式：runtime，完成
2026-07-14 09:40:09 - ERROR - utils.multi_thread_parser - multi_thread_parser.py:134 - 解析线程数据，规则：E0002，线程：2，日期：20260513，模式：memory，完成
2026-07-14 09:40:09 - ERROR - utils.multi_thread_parser - multi_thread_parser.py:134 - 解析线程数据，规则：E0002，线程：4，日期：20260513，模式：memory，完成
2026-07-14 09:40:09 - ERROR - utils.multi_thread_parser - multi_thread_parser.py:134 - 解析线程数据，规则：E0003，线程：2，日期：20260513，模式：runtime，完成
2026-07-14 09:40:09 - ERROR - utils.multi_thread_parser - multi_thread_parser.py:134 - 解析线程数据，规则：E0003，线程：4，日期：20260513，模式：runtime，完成
2026-07-14 09:40:09 - ERROR - utils.multi_thread_parser - multi_thread_parser.py:134 - 解析线程数据，规则：E0003，线程：2，日期：20260513，模式：memory，完成
2026-07-14 09:40:09 - ERROR - utils.multi_thread_parser - multi_thread_parser.py:134 - 解析线程数据，规则：E0003，线程：4，日期：20260513，模式：memory，完成
2026-07-14 09:40:09 - ERROR - utils.multi_thread_parser - multi_thread_parser.py:134 - 解析线程数据，规则：E0004，线程：2，日期：20260513，模式：runtime，完成
2026-07-14 09:40:09 - ERROR - utils.multi_thread_parser - multi_thread_parser.py:134 - 解析线程数据，规则：E0004，线程：4，日期：20260513，模式：runtime，完成
2026-07-14 09:40:09 - ERROR - utils.multi_thread_parser - multi_thread_parser.py:134 - 解析线程数据，规则：E0004，线程：2，日期：20260513，模式：memory，完成
2026-07-14 09:40:09 - ERROR - utils.multi_thread_parser - multi_thread_parser.py:134 - 解析线程数据，规则：E0004，线程：4，日期：20260513，模式：memory，完成
2026-07-14 09:40:09 - ERROR - utils.multi_thread_parser - multi_thread_parser.py:134 - 解析线程数据，规则：check_lint，线程：2，日期：20260513，模式：runtime，完成
2026-07-14 09:40:09 - ERROR - utils.multi_thread_parser - multi_thread_parser.py:134 - 解析线程数据，规则：check_lint，线程：4，日期：20260513，模式：runtime，完成
2026-07-14 09:40:09 - ERROR - utils.multi_thread_parser - multi_thread_parser.py:134 - 解析线程数据，规则：check_lint，线程：2，日期：20260513，模式：memory，完成
2026-07-14 09:40:09 - ERROR - utils.multi_thread_parser - multi_thread_parser.py:134 - 解析线程数据，规则：check_lint，线程：4，日期：20260513，模式：memory，完成
2026-07-14 09:40:09 - ERROR - utils.multi_thread_parser - multi_thread_parser.py:134 - 解析线程数据，规则：Overall，线程：2，日期：20260513，模式：runtime，完成
2026-07-14 09:40:09 - ERROR - utils.multi_thread_parser - multi_thread_parser.py:134 - 解析线程数据，规则：Overall，线程：4，日期：20260513，模式：runtime，完成
2026-07-14 09:40:09 - ERROR - utils.multi_thread_parser - multi_thread_parser.py:134 - 解析线程数据，规则：Overall，线程：2，日期：20260513，模式：memory，完成
2026-07-14 09:40:09 - ERROR - utils.multi_thread_parser - multi_thread_parser.py:134 - 解析线程数据，规则：Overall，线程：4，日期：20260513，模式：memory，完成
2026-07-14 09:40:09 - ERROR - utils.multi_thread_parser - multi_thread_parser.py:134 - 解析线程数据，规则：read_design，线程：2，日期：20260513，模式：runtime，完成
2026-07-14 09:40:09 - ERROR - utils.multi_thread_parser - multi_thread_parser.py:134 - 解析线程数据，规则：read_design，线程：4，日期：20260513，模式：runtime，完成
2026-07-14 09:40:09 - ERROR - utils.multi_thread_parser - multi_thread_parser.py:134 - 解析线程数据，规则：read_design，线程：2，日期：20260513，模式：memory，完成
2026-07-14 09:40:09 - ERROR - utils.multi_thread_parser - multi_thread_parser.py:134 - 解析线程数据，规则：read_design，线程：4，日期：20260513，模式：memory，完成
2026-07-14 09:40:09 - ERROR - utils.multi_thread_parser - multi_thread_parser.py:134 - 解析线程数据，规则：E0001，线程：2，日期：20260515，模式：runtime，完成
2026-07-14 09:40:09 - ERROR - utils.multi_thread_parser - multi_thread_parser.py:134 - 解析线程数据，规则：E0001，线程：4，日期：20260515，模式：runtime，完成
2026-07-14 09:40:09 - ERROR - utils.multi_thread_parser - multi_thread_parser.py:134 - 解析线程数据，规则：E0001，线程：2，日期：20260515，模式：memory，完成
2026-07-14 09:40:09 - ERROR - utils.multi_thread_parser - multi_thread_parser.py:134 - 解析线程数据，规则：E0001，线程：4，日期：20260515，模式：memory，完成
2026-07-14 09:40:09 - ERROR - utils.multi_thread_parser - multi_thread_parser.py:134 - 解析线程数据，规则：E0002，线程：2，日期：20260515，模式：runtime，完成
2026-07-14 09:40:09 - ERROR - utils.multi_thread_parser - multi_thread_parser.py:134 - 解析线程数据，规则：E0002，线程：4，日期：20260515，模式：runtime，完成
2026-07-14 09:40:09 - ERROR - utils.multi_thread_parser - multi_thread_parser.py:134 - 解析线程数据，规则：E0002，线程：2，日期：20260515，模式：memory，完成
2026-07-14 09:40:09 - ERROR - utils.multi_thread_parser - multi_thread_parser.py:134 - 解析线程数据，规则：E0002，线程：4，日期：20260515，模式：memory，完成
2026-07-14 09:40:09 - ERROR - utils.multi_thread_parser - multi_thread_parser.py:134 - 解析线程数据，规则：E0003，线程：2，日期：20260515，模式：runtime，完成
2026-07-14 09:40:09 - ERROR - utils.multi_thread_parser - multi_thread_parser.py:134 - 解析线程数据，规则：E0003，线程：4，日期：20260515，模式：runtime，完成
2026-07-14 09:40:09 - ERROR - utils.multi_thread_parser - multi_thread_parser.py:134 - 解析线程数据，规则：E0003，线程：2，日期：20260515，模式：memory，完成
2026-07-14 09:40:09 - ERROR - utils.multi_thread_parser - multi_thread_parser.py:134 - 解析线程数据，规则：E0003，线程：4，日期：20260515，模式：memory，完成
2026-07-14 09:40:09 - ERROR - utils.multi_thread_parser - multi_thread_parser.py:134 - 解析线程数据，规则：E0004，线程：2，日期：20260515，模式：runtime，完成
2026-07-14 09:40:09 - ERROR - utils.multi_thread_parser - multi_thread_parser.py:134 - 解析线程数据，规则：E0004，线程：4，日期：20260515，模式：runtime，完成
2026-07-14 09:40:09 - ERROR - utils.multi_thread_parser - multi_thread_parser.py:134 - 解析线程数据，规则：E0004，线程：2，日期：20260515，模式：memory，完成
2026-07-14 09:40:09 - ERROR - utils.multi_thread_parser - multi_thread_parser.py:134 - 解析线程数据，规则：E0004，线程：4，日期：20260515，模式：memory，完成
2026-07-14 09:40:09 - ERROR - utils.multi_thread_parser - multi_thread_parser.py:134 - 解析线程数据，规则：check_lint，线程：4，日期：20260515，模式：runtime，完成
2026-07-14 09:40:09 - ERROR - utils.multi_thread_parser - multi_thread_parser.py:134 - 解析线程数据，规则：check_lint，线程：4，日期：20260515，模式：memory，完成
2026-07-14 09:40:09 - ERROR - utils.multi_thread_parser - multi_thread_parser.py:134 - 解析线程数据，规则：Overall，线程：4，日期：20260515，模式：runtime，完成
2026-07-14 09:40:09 - ERROR - utils.multi_thread_parser - multi_thread_parser.py:134 - 解析线程数据，规则：Overall，线程：4，日期：20260515，模式：memory，完成
2026-07-14 09:40:09 - ERROR - utils.multi_thread_parser - multi_thread_parser.py:134 - 解析线程数据，规则：read_design，线程：4，日期：20260515，模式：runtime，完成
2026-07-14 09:40:09 - ERROR - utils.multi_thread_parser - multi_thread_parser.py:134 - 解析线程数据，规则：read_design，线程：4，日期：20260515，模式：memory，完成
2026-07-14 09:40:09 - ERROR - utils.multi_thread_parser - multi_thread_parser.py:134 - 解析线程数据，规则：E0001，线程：2，日期：20260516，模式：runtime，完成
2026-07-14 09:40:09 - ERROR - utils.multi_thread_parser - multi_thread_parser.py:134 - 解析线程数据，规则：E0001，线程：4，日期：20260516，模式：runtime，完成
2026-07-14 09:40:09 - ERROR - utils.multi_thread_parser - multi_thread_parser.py:134 - 解析线程数据，规则：E0001，线程：2，日期：20260516，模式：memory，完成
2026-07-14 09:40:09 - ERROR - utils.multi_thread_parser - multi_thread_parser.py:134 - 解析线程数据，规则：E0001，线程：4，日期：20260516，模式：memory，完成
2026-07-14 09:40:09 - ERROR - utils.multi_thread_parser - multi_thread_parser.py:134 - 解析线程数据，规则：E0002，线程：2，日期：20260516，模式：runtime，完成
2026-07-14 09:40:09 - ERROR - utils.multi_thread_parser - multi_thread_parser.py:134 - 解析线程数据，规则：E0002，线程：4，日期：20260516，模式：runtime，完成
2026-07-14 09:40:09 - ERROR - utils.multi_thread_parser - multi_thread_parser.py:134 - 解析线程数据，规则：E0002，线程：2，日期：20260516，模式：memory，完成
2026-07-14 09:40:09 - ERROR - utils.multi_thread_parser - multi_thread_parser.py:134 - 解析线程数据，规则：E0002，线程：4，日期：20260516，模式：memory，完成
2026-07-14 09:40:09 - ERROR - utils.multi_thread_parser - multi_thread_parser.py:134 - 解析线程数据，规则：E0003，线程：2，日期：20260516，模式：runtime，完成
2026-07-14 09:40:09 - ERROR - utils.multi_thread_parser - multi_thread_parser.py:134 - 解析线程数据，规则：E0003，线程：4，日期：20260516，模式：runtime，完成
2026-07-14 09:40:09 - ERROR - utils.multi_thread_parser - multi_thread_parser.py:134 - 解析线程数据，规则：E0003，线程：2，日期：20260516，模式：memory，完成
2026-07-14 09:40:09 - ERROR - utils.multi_thread_parser - multi_thread_parser.py:134 - 解析线程数据，规则：E0003，线程：4，日期：20260516，模式：memory，完成
2026-07-14 09:40:09 - ERROR - utils.multi_thread_parser - multi_thread_parser.py:134 - 解析线程数据，规则：E0004，线程：2，日期：20260516，模式：runtime，完成
2026-07-14 09:40:09 - ERROR - utils.multi_thread_parser - multi_thread_parser.py:134 - 解析线程数据，规则：E0004，线程：4，日期：20260516，模式：runtime，完成
2026-07-14 09:40:09 - ERROR - utils.multi_thread_parser - multi_thread_parser.py:134 - 解析线程数据，规则：E0004，线程：2，日期：20260516，模式：memory，完成
2026-07-14 09:40:09 - ERROR - utils.multi_thread_parser - multi_thread_parser.py:134 - 解析线程数据，规则：E0004，线程：4，日期：20260516，模式：memory，完成
2026-07-14 09:40:09 - ERROR - utils.multi_thread_parser - multi_thread_parser.py:134 - 解析线程数据，规则：check_lint，线程：4，日期：20260516，模式：runtime，完成
2026-07-14 09:40:09 - ERROR - utils.multi_thread_parser - multi_thread_parser.py:134 - 解析线程数据，规则：check_lint，线程：4，日期：20260516，模式：memory，完成
2026-07-14 09:40:09 - ERROR - utils.multi_thread_parser - multi_thread_parser.py:134 - 解析线程数据，规则：Overall，线程：4，日期：20260516，模式：runtime，完成
2026-07-14 09:40:09 - ERROR - utils.multi_thread_parser - multi_thread_parser.py:134 - 解析线程数据，规则：Overall，线程：4，日期：20260516，模式：memory，完成
2026-07-14 09:40:09 - ERROR - utils.multi_thread_parser - multi_thread_parser.py:134 - 解析线程数据，规则：read_design，线程：4，日期：20260516，模式：runtime，完成
2026-07-14 09:40:09 - ERROR - utils.multi_thread_parser - multi_thread_parser.py:134 - 解析线程数据，规则：read_design，线程：4，日期：20260516，模式：memory，完成
2026-07-14 09:40:09 - ERROR - utils.multi_thread_parser - multi_thread_parser.py:134 - 解析线程数据，规则：E0001，线程：2，日期：20260517，模式：runtime，完成
2026-07-14 09:40:09 - ERROR - utils.multi_thread_parser - multi_thread_parser.py:134 - 解析线程数据，规则：E0001，线程：4，日期：20260517，模式：runtime，完成
2026-07-14 09:40:09 - ERROR - utils.multi_thread_parser - multi_thread_parser.py:134 - 解析线程数据，规则：E0001，线程：2，日期：20260517，模式：memory，完成
2026-07-14 09:40:09 - ERROR - utils.multi_thread_parser - multi_thread_parser.py:134 - 解析线程数据，规则：E0001，线程：4，日期：20260517，模式：memory，完成
2026-07-14 09:40:09 - ERROR - utils.multi_thread_parser - multi_thread_parser.py:134 - 解析线程数据，规则：E0002，线程：2，日期：20260517，模式：runtime，完成
2026-07-14 09:40:09 - ERROR - utils.multi_thread_parser - multi_thread_parser.py:134 - 解析线程数据，规则：E0002，线程：4，日期：20260517，模式：runtime，完成
2026-07-14 09:40:09 - ERROR - utils.multi_thread_parser - multi_thread_parser.py:134 - 解析线程数据，规则：E0002，线程：2，日期：20260517，模式：memory，完成
2026-07-14 09:40:09 - ERROR - utils.multi_thread_parser - multi_thread_parser.py:134 - 解析线程数据，规则：E0002，线程：4，日期：20260517，模式：memory，完成
2026-07-14 09:40:09 - ERROR - utils.multi_thread_parser - multi_thread_parser.py:134 - 解析线程数据，规则：E0003，线程：2，日期：20260517，模式：runtime，完成
2026-07-14 09:40:09 - ERROR - utils.multi_thread_parser - multi_thread_parser.py:134 - 解析线程数据，规则：E0003，线程：4，日期：20260517，模式：runtime，完成
2026-07-14 09:40:09 - ERROR - utils.multi_thread_parser - multi_thread_parser.py:134 - 解析线程数据，规则：E0003，线程：2，日期：20260517，模式：memory，完成
2026-07-14 09:40:09 - ERROR - utils.multi_thread_parser - multi_thread_parser.py:134 - 解析线程数据，规则：E0003，线程：4，日期：20260517，模式：memory，完成
2026-07-14 09:40:09 - ERROR - utils.multi_thread_parser - multi_thread_parser.py:134 - 解析线程数据，规则：E0004，线程：2，日期：20260517，模式：runtime，完成
2026-07-14 09:40:09 - ERROR - utils.multi_thread_parser - multi_thread_parser.py:134 - 解析线程数据，规则：E0004，线程：4，日期：20260517，模式：runtime，完成
2026-07-14 09:40:09 - ERROR - utils.multi_thread_parser - multi_thread_parser.py:134 - 解析线程数据，规则：E0004，线程：2，日期：20260517，模式：memory，完成
2026-07-14 09:40:09 - ERROR - utils.multi_thread_parser - multi_thread_parser.py:134 - 解析线程数据，规则：E0004，线程：4，日期：20260517，模式：memory，完成
2026-07-14 09:40:09 - ERROR - utils.multi_thread_parser - multi_thread_parser.py:134 - 解析线程数据，规则：check_lint，线程：4，日期：20260517，模式：runtime，完成
2026-07-14 09:40:09 - ERROR - utils.multi_thread_parser - multi_thread_parser.py:134 - 解析线程数据，规则：check_lint，线程：4，日期：20260517，模式：memory，完成
2026-07-14 09:40:09 - ERROR - utils.multi_thread_parser - multi_thread_parser.py:134 - 解析线程数据，规则：Overall，线程：4，日期：20260517，模式：runtime，完成
2026-07-14 09:40:09 - ERROR - utils.multi_thread_parser - multi_thread_parser.py:134 - 解析线程数据，规则：Overall，线程：4，日期：20260517，模式：memory，完成
2026-07-14 09:40:09 - ERROR - utils.multi_thread_parser - multi_thread_parser.py:134 - 解析线程数据，规则：read_design，线程：4，日期：20260517，模式：runtime，完成
2026-07-14 09:40:09 - ERROR - utils.multi_thread_parser - multi_thread_parser.py:134 - 解析线程数据，规则：read_design，线程：4，日期：20260517，模式：memory，完成
2026-07-14 09:40:09 - ERROR - utils.multi_thread_parser - multi_thread_parser.py:60 - 解析多线程数据，模式：multi，工具ID：elint，casename：aes，完成
2026-07-14 09:40:09 - ERROR - utils.multi_thread_parser - multi_thread_parser.py:66 - 解析多线程数据，模式：multi，工具ID：elint，casename：aes，日期：20260511，规则：E0001，完成
2026-07-14 09:40:09 - ERROR - utils.multi_thread_parser - multi_thread_parser.py:66 - 解析多线程数据，模式：multi，工具ID：elint，casename：aes，日期：20260511，规则：E0002，完成
2026-07-14 09:40:09 - ERROR - utils.multi_thread_parser - multi_thread_parser.py:66 - 解析多线程数据，模式：multi，工具ID：elint，casename：aes，日期：20260511，规则：E0003，完成
2026-07-14 09:40:09 - ERROR - utils.multi_thread_parser - multi_thread_parser.py:66 - 解析多线程数据，模式：multi，工具ID：elint，casename：aes，日期：20260511，规则：E0004，完成
2026-07-14 09:40:09 - ERROR - utils.multi_thread_parser - multi_thread_parser.py:66 - 解析多线程数据，模式：multi，工具ID：elint，casename：aes，日期：20260511，规则：check_lint，完成
2026-07-14 09:40:09 - ERROR - utils.multi_thread_parser - multi_thread_parser.py:66 - 解析多线程数据，模式：multi，工具ID：elint，casename：aes，日期：20260511，规则：Overall，完成
2026-07-14 09:40:09 - ERROR - utils.multi_thread_parser - multi_thread_parser.py:66 - 解析多线程数据，模式：multi，工具ID：elint，casename：aes，日期：20260511，规则：read_design，完成
2026-07-14 09:40:09 - ERROR - utils.multi_thread_parser - multi_thread_parser.py:66 - 解析多线程数据，模式：multi，工具ID：elint，casename：aes，日期：20260511，规则：save_session，完成
2026-07-14 09:40:09 - ERROR - utils.multi_thread_parser - multi_thread_parser.py:66 - 解析多线程数据，模式：multi，工具ID：elint，casename：aes，日期：20260513，规则：E0001，完成
2026-07-14 09:40:09 - ERROR - utils.multi_thread_parser - multi_thread_parser.py:66 - 解析多线程数据，模式：multi，工具ID：elint，casename：aes，日期：20260513，规则：E0002，完成
2026-07-14 09:40:09 - ERROR - utils.multi_thread_parser - multi_thread_parser.py:66 - 解析多线程数据，模式：multi，工具ID：elint，casename：aes，日期：20260513，规则：E0003，完成
2026-07-14 09:40:09 - ERROR - utils.multi_thread_parser - multi_thread_parser.py:66 - 解析多线程数据，模式：multi，工具ID：elint，casename：aes，日期：20260513，规则：E0004，完成
2026-07-14 09:40:09 - ERROR - utils.multi_thread_parser - multi_thread_parser.py:66 - 解析多线程数据，模式：multi，工具ID：elint，casename：aes，日期：20260513，规则：check_lint，完成
2026-07-14 09:40:09 - ERROR - utils.multi_thread_parser - multi_thread_parser.py:66 - 解析多线程数据，模式：multi，工具ID：elint，casename：aes，日期：20260513，规则：Overall，完成
2026-07-14 09:40:09 - ERROR - utils.multi_thread_parser - multi_thread_parser.py:66 - 解析多线程数据，模式：multi，工具ID：elint，casename：aes，日期：20260513，规则：read_design，完成
2026-07-14 09:40:09 - ERROR - utils.multi_thread_parser - multi_thread_parser.py:66 - 解析多线程数据，模式：multi，工具ID：elint，casename：aes，日期：20260515，规则：E0001，完成
2026-07-14 09:40:09 - ERROR - utils.multi_thread_parser - multi_thread_parser.py:66 - 解析多线程数据，模式：multi，工具ID：elint，casename：aes，日期：20260515，规则：E0002，完成
2026-07-14 09:40:09 - ERROR - utils.multi_thread_parser - multi_thread_parser.py:66 - 解析多线程数据，模式：multi，工具ID：elint，casename：aes，日期：20260515，规则：E0003，完成
2026-07-14 09:40:09 - ERROR - utils.multi_thread_parser - multi_thread_parser.py:66 - 解析多线程数据，模式：multi，工具ID：elint，casename：aes，日期：20260515，规则：E0004，完成
2026-07-14 09:40:09 - ERROR - utils.multi_thread_parser - multi_thread_parser.py:66 - 解析多线程数据，模式：multi，工具ID：elint，casename：aes，日期：20260515，规则：check_lint，完成
2026-07-14 09:40:09 - ERROR - utils.multi_thread_parser - multi_thread_parser.py:66 - 解析多线程数据，模式：multi，工具ID：elint，casename：aes，日期：20260515，规则：Overall，完成
2026-07-14 09:40:09 - ERROR - utils.multi_thread_parser - multi_thread_parser.py:66 - 解析多线程数据，模式：multi，工具ID：elint，casename：aes，日期：20260515，规则：read_design，完成
2026-07-14 09:40:09 - ERROR - utils.multi_thread_parser - multi_thread_parser.py:66 - 解析多线程数据，模式：multi，工具ID：elint，casename：aes，日期：20260516，规则：E0001，完成
2026-07-14 09:40:09 - ERROR - utils.multi_thread_parser - multi_thread_parser.py:66 - 解析多线程数据，模式：multi，工具ID：elint，casename：aes，日期：20260516，规则：E0002，完成
2026-07-14 09:40:09 - ERROR - utils.multi_thread_parser - multi_thread_parser.py:66 - 解析多线程数据，模式：multi，工具ID：elint，casename：aes，日期：20260516，规则：E0003，完成
2026-07-14 09:40:09 - ERROR - utils.multi_thread_parser - multi_thread_parser.py:66 - 解析多线程数据，模式：multi，工具ID：elint，casename：aes，日期：20260516，规则：E0004，完成
2026-07-14 09:40:09 - ERROR - utils.multi_thread_parser - multi_thread_parser.py:66 - 解析多线程数据，模式：multi，工具ID：elint，casename：aes，日期：20260516，规则：check_lint，完成
2026-07-14 09:40:09 - ERROR - utils.multi_thread_parser - multi_thread_parser.py:66 - 解析多线程数据，模式：multi，工具ID：elint，casename：aes，日期：20260516，规则：Overall，完成
2026-07-14 09:40:09 - ERROR - utils.multi_thread_parser - multi_thread_parser.py:66 - 解析多线程数据，模式：multi，工具ID：elint，casename：aes，日期：20260516，规则：read_design，完成
2026-07-14 09:40:09 - ERROR - utils.multi_thread_parser - multi_thread_parser.py:66 - 解析多线程数据，模式：multi，工具ID：elint，casename：aes，日期：20260517，规则：E0001，完成
2026-07-14 09:40:09 - ERROR - utils.multi_thread_parser - multi_thread_parser.py:66 - 解析多线程数据，模式：multi，工具ID：elint，casename：aes，日期：20260517，规则：E0002，完成
2026-07-14 09:40:09 - ERROR - utils.multi_thread_parser - multi_thread_parser.py:66 - 解析多线程数据，模式：multi，工具ID：elint，casename：aes，日期：20260517，规则：E0003，完成
2026-07-14 09:40:09 - ERROR - utils.multi_thread_parser - multi_thread_parser.py:66 - 解析多线程数据，模式：multi，工具ID：elint，casename：aes，日期：20260517，规则：E0004，完成
2026-07-14 09:40:09 - ERROR - utils.multi_thread_parser - multi_thread_parser.py:66 - 解析多线程数据，模式：multi，工具ID：elint，casename：aes，日期：20260517，规则：check_lint，完成
2026-07-14 09:40:09 - ERROR - utils.multi_thread_parser - multi_thread_parser.py:66 - 解析多线程数据，模式：multi，工具ID：elint，casename：aes，日期：20260517，规则：Overall，完成
2026-07-14 09:40:09 - ERROR - utils.multi_thread_parser - multi_thread_parser.py:66 - 解析多线程数据，模式：multi，工具ID：elint，casename：aes，日期：20260517，规则：read_design，完成
2026-07-14 09:40:09 - ERROR - utils.multi_thread_parser - multi_thread_parser.py:134 - 解析线程数据，规则：E0001，线程：2，日期：20260511，模式：runtime，完成
2026-07-14 09:40:09 - ERROR - utils.multi_thread_parser - multi_thread_parser.py:134 - 解析线程数据，规则：E0001，线程：4，日期：20260511，模式：runtime，完成
2026-07-14 09:40:09 - ERROR - utils.multi_thread_parser - multi_thread_parser.py:134 - 解析线程数据，规则：E0001，线程：2，日期：20260511，模式：memory，完成
2026-07-14 09:40:09 - ERROR - utils.multi_thread_parser - multi_thread_parser.py:134 - 解析线程数据，规则：E0001，线程：4，日期：20260511，模式：memory，完成
2026-07-14 09:40:09 - ERROR - utils.multi_thread_parser - multi_thread_parser.py:134 - 解析线程数据，规则：E0002，线程：2，日期：20260511，模式：runtime，完成
2026-07-14 09:40:09 - ERROR - utils.multi_thread_parser - multi_thread_parser.py:134 - 解析线程数据，规则：E0002，线程：4，日期：20260511，模式：runtime，完成
2026-07-14 09:40:09 - ERROR - utils.multi_thread_parser - multi_thread_parser.py:134 - 解析线程数据，规则：E0002，线程：2，日期：20260511，模式：memory，完成
2026-07-14 09:40:09 - ERROR - utils.multi_thread_parser - multi_thread_parser.py:134 - 解析线程数据，规则：E0002，线程：4，日期：20260511，模式：memory，完成
2026-07-14 09:40:09 - ERROR - utils.multi_thread_parser - multi_thread_parser.py:134 - 解析线程数据，规则：E0003，线程：2，日期：20260511，模式：runtime，完成
2026-07-14 09:40:09 - ERROR - utils.multi_thread_parser - multi_thread_parser.py:134 - 解析线程数据，规则：E0003，线程：4，日期：20260511，模式：runtime，完成
2026-07-14 09:40:09 - ERROR - utils.multi_thread_parser - multi_thread_parser.py:134 - 解析线程数据，规则：E0003，线程：2，日期：20260511，模式：memory，完成
2026-07-14 09:40:09 - ERROR - utils.multi_thread_parser - multi_thread_parser.py:134 - 解析线程数据，规则：E0003，线程：4，日期：20260511，模式：memory，完成
2026-07-14 09:40:09 - ERROR - utils.multi_thread_parser - multi_thread_parser.py:134 - 解析线程数据，规则：E0004，线程：2，日期：20260511，模式：runtime，完成
2026-07-14 09:40:09 - ERROR - utils.multi_thread_parser - multi_thread_parser.py:134 - 解析线程数据，规则：E0004，线程：4，日期：20260511，模式：runtime，完成
2026-07-14 09:40:09 - ERROR - utils.multi_thread_parser - multi_thread_parser.py:134 - 解析线程数据，规则：E0004，线程：2，日期：20260511，模式：memory，完成
2026-07-14 09:40:09 - ERROR - utils.multi_thread_parser - multi_thread_parser.py:134 - 解析线程数据，规则：E0004，线程：4，日期：20260511，模式：memory，完成
2026-07-14 09:40:09 - ERROR - utils.multi_thread_parser - multi_thread_parser.py:134 - 解析线程数据，规则：check_lint，线程：2，日期：20260511，模式：runtime，完成
2026-07-14 09:40:09 - ERROR - utils.multi_thread_parser - multi_thread_parser.py:134 - 解析线程数据，规则：check_lint，线程：4，日期：20260511，模式：runtime，完成
2026-07-14 09:40:09 - ERROR - utils.multi_thread_parser - multi_thread_parser.py:134 - 解析线程数据，规则：check_lint，线程：2，日期：20260511，模式：memory，完成
2026-07-14 09:40:09 - ERROR - utils.multi_thread_parser - multi_thread_parser.py:134 - 解析线程数据，规则：check_lint，线程：4，日期：20260511，模式：memory，完成
2026-07-14 09:40:09 - ERROR - utils.multi_thread_parser - multi_thread_parser.py:134 - 解析线程数据，规则：Overall，线程：2，日期：20260511，模式：runtime，完成
2026-07-14 09:40:09 - ERROR - utils.multi_thread_parser - multi_thread_parser.py:134 - 解析线程数据，规则：Overall，线程：4，日期：20260511，模式：runtime，完成
2026-07-14 09:40:09 - ERROR - utils.multi_thread_parser - multi_thread_parser.py:134 - 解析线程数据，规则：Overall，线程：2，日期：20260511，模式：memory，完成
2026-07-14 09:40:09 - ERROR - utils.multi_thread_parser - multi_thread_parser.py:134 - 解析线程数据，规则：Overall，线程：4，日期：20260511，模式：memory，完成
2026-07-14 09:40:09 - ERROR - utils.multi_thread_parser - multi_thread_parser.py:134 - 解析线程数据，规则：read_design，线程：2，日期：20260511，模式：runtime，完成
2026-07-14 09:40:09 - ERROR - utils.multi_thread_parser - multi_thread_parser.py:134 - 解析线程数据，规则：read_design，线程：4，日期：20260511，模式：runtime，完成
2026-07-14 09:40:09 - ERROR - utils.multi_thread_parser - multi_thread_parser.py:134 - 解析线程数据，规则：read_design，线程：2，日期：20260511，模式：memory，完成
2026-07-14 09:40:09 - ERROR - utils.multi_thread_parser - multi_thread_parser.py:134 - 解析线程数据，规则：read_design，线程：4，日期：20260511，模式：memory，完成
2026-07-14 09:40:09 - ERROR - utils.multi_thread_parser - multi_thread_parser.py:134 - 解析线程数据，规则：E0001，线程：2，日期：20260513，模式：runtime，完成
2026-07-14 09:40:09 - ERROR - utils.multi_thread_parser - multi_thread_parser.py:134 - 解析线程数据，规则：E0001，线程：4，日期：20260513，模式：runtime，完成
2026-07-14 09:40:09 - ERROR - utils.multi_thread_parser - multi_thread_parser.py:134 - 解析线程数据，规则：E0001，线程：2，日期：20260513，模式：memory，完成
2026-07-14 09:40:09 - ERROR - utils.multi_thread_parser - multi_thread_parser.py:134 - 解析线程数据，规则：E0001，线程：4，日期：20260513，模式：memory，完成
2026-07-14 09:40:09 - ERROR - utils.multi_thread_parser - multi_thread_parser.py:134 - 解析线程数据，规则：E0002，线程：2，日期：20260513，模式：runtime，完成
2026-07-14 09:40:09 - ERROR - utils.multi_thread_parser - multi_thread_parser.py:134 - 解析线程数据，规则：E0002，线程：4，日期：20260513，模式：runtime，完成
2026-07-14 09:40:09 - ERROR - utils.multi_thread_parser - multi_thread_parser.py:134 - 解析线程数据，规则：E0002，线程：2，日期：20260513，模式：memory，完成
2026-07-14 09:40:09 - ERROR - utils.multi_thread_parser - multi_thread_parser.py:134 - 解析线程数据，规则：E0002，线程：4，日期：20260513，模式：memory，完成
2026-07-14 09:40:09 - ERROR - utils.multi_thread_parser - multi_thread_parser.py:134 - 解析线程数据，规则：E0003，线程：2，日期：20260513，模式：runtime，完成
2026-07-14 09:40:09 - ERROR - utils.multi_thread_parser - multi_thread_parser.py:134 - 解析线程数据，规则：E0003，线程：4，日期：20260513，模式：runtime，完成
2026-07-14 09:40:09 - ERROR - utils.multi_thread_parser - multi_thread_parser.py:134 - 解析线程数据，规则：E0003，线程：2，日期：20260513，模式：memory，完成
2026-07-14 09:40:09 - ERROR - utils.multi_thread_parser - multi_thread_parser.py:134 - 解析线程数据，规则：E0003，线程：4，日期：20260513，模式：memory，完成
2026-07-14 09:40:09 - ERROR - utils.multi_thread_parser - multi_thread_parser.py:134 - 解析线程数据，规则：E0004，线程：2，日期：20260513，模式：runtime，完成
2026-07-14 09:40:09 - ERROR - utils.multi_thread_parser - multi_thread_parser.py:134 - 解析线程数据，规则：E0004，线程：4，日期：20260513，模式：runtime，完成
2026-07-14 09:40:09 - ERROR - utils.multi_thread_parser - multi_thread_parser.py:134 - 解析线程数据，规则：E0004，线程：2，日期：20260513，模式：memory，完成
2026-07-14 09:40:09 - ERROR - utils.multi_thread_parser - multi_thread_parser.py:134 - 解析线程数据，规则：E0004，线程：4，日期：20260513，模式：memory，完成
2026-07-14 09:40:09 - ERROR - utils.multi_thread_parser - multi_thread_parser.py:134 - 解析线程数据，规则：check_lint，线程：2，日期：20260513，模式：runtime，完成
2026-07-14 09:40:09 - ERROR - utils.multi_thread_parser - multi_thread_parser.py:134 - 解析线程数据，规则：check_lint，线程：4，日期：20260513，模式：runtime，完成
2026-07-14 09:40:09 - ERROR - utils.multi_thread_parser - multi_thread_parser.py:134 - 解析线程数据，规则：check_lint，线程：2，日期：20260513，模式：memory，完成
2026-07-14 09:40:09 - ERROR - utils.multi_thread_parser - multi_thread_parser.py:134 - 解析线程数据，规则：check_lint，线程：4，日期：20260513，模式：memory，完成
2026-07-14 09:40:09 - ERROR - utils.multi_thread_parser - multi_thread_parser.py:134 - 解析线程数据，规则：Overall，线程：2，日期：20260513，模式：runtime，完成
2026-07-14 09:40:09 - ERROR - utils.multi_thread_parser - multi_thread_parser.py:134 - 解析线程数据，规则：Overall，线程：4，日期：20260513，模式：runtime，完成
2026-07-14 09:40:09 - ERROR - utils.multi_thread_parser - multi_thread_parser.py:134 - 解析线程数据，规则：Overall，线程：2，日期：20260513，模式：memory，完成
2026-07-14 09:40:09 - ERROR - utils.multi_thread_parser - multi_thread_parser.py:134 - 解析线程数据，规则：Overall，线程：4，日期：20260513，模式：memory，完成
2026-07-14 09:40:09 - ERROR - utils.multi_thread_parser - multi_thread_parser.py:134 - 解析线程数据，规则：read_design，线程：2，日期：20260513，模式：runtime，完成
2026-07-14 09:40:09 - ERROR - utils.multi_thread_parser - multi_thread_parser.py:134 - 解析线程数据，规则：read_design，线程：4，日期：20260513，模式：runtime，完成
2026-07-14 09:40:09 - ERROR - utils.multi_thread_parser - multi_thread_parser.py:134 - 解析线程数据，规则：read_design，线程：2，日期：20260513，模式：memory，完成
2026-07-14 09:40:09 - ERROR - utils.multi_thread_parser - multi_thread_parser.py:134 - 解析线程数据，规则：read_design，线程：4，日期：20260513，模式：memory，完成
2026-07-14 09:40:09 - ERROR - utils.multi_thread_parser - multi_thread_parser.py:134 - 解析线程数据，规则：E0001，线程：2，日期：20260515，模式：runtime，完成
2026-07-14 09:40:09 - ERROR - utils.multi_thread_parser - multi_thread_parser.py:134 - 解析线程数据，规则：E0001，线程：4，日期：20260515，模式：runtime，完成
2026-07-14 09:40:09 - ERROR - utils.multi_thread_parser - multi_thread_parser.py:134 - 解析线程数据，规则：E0001，线程：2，日期：20260515，模式：memory，完成
2026-07-14 09:40:09 - ERROR - utils.multi_thread_parser - multi_thread_parser.py:134 - 解析线程数据，规则：E0001，线程：4，日期：20260515，模式：memory，完成
2026-07-14 09:40:09 - ERROR - utils.multi_thread_parser - multi_thread_parser.py:134 - 解析线程数据，规则：E0002，线程：2，日期：20260515，模式：runtime，完成
2026-07-14 09:40:09 - ERROR - utils.multi_thread_parser - multi_thread_parser.py:134 - 解析线程数据，规则：E0002，线程：4，日期：20260515，模式：runtime，完成
2026-07-14 09:40:09 - ERROR - utils.multi_thread_parser - multi_thread_parser.py:134 - 解析线程数据，规则：E0002，线程：2，日期：20260515，模式：memory，完成
2026-07-14 09:40:09 - ERROR - utils.multi_thread_parser - multi_thread_parser.py:134 - 解析线程数据，规则：E0002，线程：4，日期：20260515，模式：memory，完成
2026-07-14 09:40:09 - ERROR - utils.multi_thread_parser - multi_thread_parser.py:134 - 解析线程数据，规则：E0003，线程：2，日期：20260515，模式：runtime，完成
2026-07-14 09:40:09 - ERROR - utils.multi_thread_parser - multi_thread_parser.py:134 - 解析线程数据，规则：E0003，线程：4，日期：20260515，模式：runtime，完成
2026-07-14 09:40:09 - ERROR - utils.multi_thread_parser - multi_thread_parser.py:134 - 解析线程数据，规则：E0003，线程：2，日期：20260515，模式：memory，完成
2026-07-14 09:40:09 - ERROR - utils.multi_thread_parser - multi_thread_parser.py:134 - 解析线程数据，规则：E0003，线程：4，日期：20260515，模式：memory，完成
2026-07-14 09:40:09 - ERROR - utils.multi_thread_parser - multi_thread_parser.py:134 - 解析线程数据，规则：E0004，线程：2，日期：20260515，模式：runtime，完成
2026-07-14 09:40:09 - ERROR - utils.multi_thread_parser - multi_thread_parser.py:134 - 解析线程数据，规则：E0004，线程：4，日期：20260515，模式：runtime，完成
2026-07-14 09:40:09 - ERROR - utils.multi_thread_parser - multi_thread_parser.py:134 - 解析线程数据，规则：E0004，线程：2，日期：20260515，模式：memory，完成
2026-07-14 09:40:09 - ERROR - utils.multi_thread_parser - multi_thread_parser.py:134 - 解析线程数据，规则：E0004，线程：4，日期：20260515，模式：memory，完成
2026-07-14 09:40:09 - ERROR - utils.multi_thread_parser - multi_thread_parser.py:134 - 解析线程数据，规则：check_lint，线程：2，日期：20260515，模式：runtime，完成
2026-07-14 09:40:09 - ERROR - utils.multi_thread_parser - multi_thread_parser.py:134 - 解析线程数据，规则：check_lint，线程：4，日期：20260515，模式：runtime，完成
2026-07-14 09:40:09 - ERROR - utils.multi_thread_parser - multi_thread_parser.py:134 - 解析线程数据，规则：check_lint，线程：2，日期：20260515，模式：memory，完成
2026-07-14 09:40:09 - ERROR - utils.multi_thread_parser - multi_thread_parser.py:134 - 解析线程数据，规则：check_lint，线程：4，日期：20260515，模式：memory，完成
2026-07-14 09:40:09 - ERROR - utils.multi_thread_parser - multi_thread_parser.py:134 - 解析线程数据，规则：Overall，线程：2，日期：20260515，模式：runtime，完成
2026-07-14 09:40:09 - ERROR - utils.multi_thread_parser - multi_thread_parser.py:134 - 解析线程数据，规则：Overall，线程：4，日期：20260515，模式：runtime，完成
2026-07-14 09:40:09 - ERROR - utils.multi_thread_parser - multi_thread_parser.py:134 - 解析线程数据，规则：Overall，线程：2，日期：20260515，模式：memory，完成
2026-07-14 09:40:09 - ERROR - utils.multi_thread_parser - multi_thread_parser.py:134 - 解析线程数据，规则：Overall，线程：4，日期：20260515，模式：memory，完成
2026-07-14 09:40:09 - ERROR - utils.multi_thread_parser - multi_thread_parser.py:134 - 解析线程数据，规则：read_design，线程：2，日期：20260515，模式：runtime，完成
2026-07-14 09:40:09 - ERROR - utils.multi_thread_parser - multi_thread_parser.py:134 - 解析线程数据，规则：read_design，线程：4，日期：20260515，模式：runtime，完成
2026-07-14 09:40:09 - ERROR - utils.multi_thread_parser - multi_thread_parser.py:134 - 解析线程数据，规则：read_design，线程：2，日期：20260515，模式：memory，完成
2026-07-14 09:40:09 - ERROR - utils.multi_thread_parser - multi_thread_parser.py:134 - 解析线程数据，规则：read_design，线程：4，日期：20260515，模式：memory，完成
2026-07-14 09:40:09 - ERROR - utils.multi_thread_parser - multi_thread_parser.py:134 - 解析线程数据，规则：E0001，线程：2，日期：20260516，模式：runtime，完成
2026-07-14 09:40:09 - ERROR - utils.multi_thread_parser - multi_thread_parser.py:134 - 解析线程数据，规则：E0001，线程：4，日期：20260516，模式：runtime，完成
2026-07-14 09:40:09 - ERROR - utils.multi_thread_parser - multi_thread_parser.py:134 - 解析线程数据，规则：E0001，线程：2，日期：20260516，模式：memory，完成
2026-07-14 09:40:09 - ERROR - utils.multi_thread_parser - multi_thread_parser.py:134 - 解析线程数据，规则：E0001，线程：4，日期：20260516，模式：memory，完成
2026-07-14 09:40:09 - ERROR - utils.multi_thread_parser - multi_thread_parser.py:134 - 解析线程数据，规则：E0002，线程：2，日期：20260516，模式：runtime，完成
2026-07-14 09:40:09 - ERROR - utils.multi_thread_parser - multi_thread_parser.py:134 - 解析线程数据，规则：E0002，线程：4，日期：20260516，模式：runtime，完成
2026-07-14 09:40:09 - ERROR - utils.multi_thread_parser - multi_thread_parser.py:134 - 解析线程数据，规则：E0002，线程：2，日期：20260516，模式：memory，完成
2026-07-14 09:40:09 - ERROR - utils.multi_thread_parser - multi_thread_parser.py:134 - 解析线程数据，规则：E0002，线程：4，日期：20260516，模式：memory，完成
2026-07-14 09:40:09 - ERROR - utils.multi_thread_parser - multi_thread_parser.py:134 - 解析线程数据，规则：E0003，线程：2，日期：20260516，模式：runtime，完成
2026-07-14 09:40:09 - ERROR - utils.multi_thread_parser - multi_thread_parser.py:134 - 解析线程数据，规则：E0003，线程：4，日期：20260516，模式：runtime，完成
2026-07-14 09:40:09 - ERROR - utils.multi_thread_parser - multi_thread_parser.py:134 - 解析线程数据，规则：E0003，线程：2，日期：20260516，模式：memory，完成
2026-07-14 09:40:09 - ERROR - utils.multi_thread_parser - multi_thread_parser.py:134 - 解析线程数据，规则：E0003，线程：4，日期：20260516，模式：memory，完成
2026-07-14 09:40:09 - ERROR - utils.multi_thread_parser - multi_thread_parser.py:134 - 解析线程数据，规则：E0004，线程：2，日期：20260516，模式：runtime，完成
2026-07-14 09:40:09 - ERROR - utils.multi_thread_parser - multi_thread_parser.py:134 - 解析线程数据，规则：E0004，线程：4，日期：20260516，模式：runtime，完成
2026-07-14 09:40:09 - ERROR - utils.multi_thread_parser - multi_thread_parser.py:134 - 解析线程数据，规则：E0004，线程：2，日期：20260516，模式：memory，完成
2026-07-14 09:40:09 - ERROR - utils.multi_thread_parser - multi_thread_parser.py:134 - 解析线程数据，规则：E0004，线程：4，日期：20260516，模式：memory，完成
2026-07-14 09:40:09 - ERROR - utils.multi_thread_parser - multi_thread_parser.py:134 - 解析线程数据，规则：check_lint，线程：2，日期：20260516，模式：runtime，完成
2026-07-14 09:40:09 - ERROR - utils.multi_thread_parser - multi_thread_parser.py:134 - 解析线程数据，规则：check_lint，线程：4，日期：20260516，模式：runtime，完成
2026-07-14 09:40:09 - ERROR - utils.multi_thread_parser - multi_thread_parser.py:134 - 解析线程数据，规则：check_lint，线程：2，日期：20260516，模式：memory，完成
2026-07-14 09:40:09 - ERROR - utils.multi_thread_parser - multi_thread_parser.py:134 - 解析线程数据，规则：check_lint，线程：4，日期：20260516，模式：memory，完成
2026-07-14 09:40:09 - ERROR - utils.multi_thread_parser - multi_thread_parser.py:134 - 解析线程数据，规则：Overall，线程：2，日期：20260516，模式：runtime，完成
2026-07-14 09:40:09 - ERROR - utils.multi_thread_parser - multi_thread_parser.py:134 - 解析线程数据，规则：Overall，线程：4，日期：20260516，模式：runtime，完成
2026-07-14 09:40:09 - ERROR - utils.multi_thread_parser - multi_thread_parser.py:134 - 解析线程数据，规则：Overall，线程：2，日期：20260516，模式：memory，完成
2026-07-14 09:40:09 - ERROR - utils.multi_thread_parser - multi_thread_parser.py:134 - 解析线程数据，规则：Overall，线程：4，日期：20260516，模式：memory，完成
2026-07-14 09:40:09 - ERROR - utils.multi_thread_parser - multi_thread_parser.py:134 - 解析线程数据，规则：read_design，线程：2，日期：20260516，模式：runtime，完成
2026-07-14 09:40:09 - ERROR - utils.multi_thread_parser - multi_thread_parser.py:134 - 解析线程数据，规则：read_design，线程：4，日期：20260516，模式：runtime，完成
2026-07-14 09:40:09 - ERROR - utils.multi_thread_parser - multi_thread_parser.py:134 - 解析线程数据，规则：read_design，线程：2，日期：20260516，模式：memory，完成
2026-07-14 09:40:09 - ERROR - utils.multi_thread_parser - multi_thread_parser.py:134 - 解析线程数据，规则：read_design，线程：4，日期：20260516，模式：memory，完成
2026-07-14 09:40:09 - ERROR - utils.multi_thread_parser - multi_thread_parser.py:134 - 解析线程数据，规则：E0001，线程：2，日期：20260517，模式：runtime，完成
2026-07-14 09:40:09 - ERROR - utils.multi_thread_parser - multi_thread_parser.py:134 - 解析线程数据，规则：E0001，线程：4，日期：20260517，模式：runtime，完成
2026-07-14 09:40:09 - ERROR - utils.multi_thread_parser - multi_thread_parser.py:134 - 解析线程数据，规则：E0001，线程：2，日期：20260517，模式：memory，完成
2026-07-14 09:40:09 - ERROR - utils.multi_thread_parser - multi_thread_parser.py:134 - 解析线程数据，规则：E0001，线程：4，日期：20260517，模式：memory，完成
2026-07-14 09:40:09 - ERROR - utils.multi_thread_parser - multi_thread_parser.py:134 - 解析线程数据，规则：E0002，线程：2，日期：20260517，模式：runtime，完成
2026-07-14 09:40:09 - ERROR - utils.multi_thread_parser - multi_thread_parser.py:134 - 解析线程数据，规则：E0002，线程：4，日期：20260517，模式：runtime，完成
2026-07-14 09:40:09 - ERROR - utils.multi_thread_parser - multi_thread_parser.py:134 - 解析线程数据，规则：E0002，线程：2，日期：20260517，模式：memory，完成
2026-07-14 09:40:09 - ERROR - utils.multi_thread_parser - multi_thread_parser.py:134 - 解析线程数据，规则：E0002，线程：4，日期：20260517，模式：memory，完成
2026-07-14 09:40:09 - ERROR - utils.multi_thread_parser - multi_thread_parser.py:134 - 解析线程数据，规则：E0003，线程：2，日期：20260517，模式：runtime，完成
2026-07-14 09:40:09 - ERROR - utils.multi_thread_parser - multi_thread_parser.py:134 - 解析线程数据，规则：E0003，线程：4，日期：20260517，模式：runtime，完成
2026-07-14 09:40:09 - ERROR - utils.multi_thread_parser - multi_thread_parser.py:134 - 解析线程数据，规则：E0003，线程：2，日期：20260517，模式：memory，完成
2026-07-14 09:40:09 - ERROR - utils.multi_thread_parser - multi_thread_parser.py:134 - 解析线程数据，规则：E0003，线程：4，日期：20260517，模式：memory，完成
2026-07-14 09:40:09 - ERROR - utils.multi_thread_parser - multi_thread_parser.py:134 - 解析线程数据，规则：E0004，线程：2，日期：20260517，模式：runtime，完成
2026-07-14 09:40:09 - ERROR - utils.multi_thread_parser - multi_thread_parser.py:134 - 解析线程数据，规则：E0004，线程：4，日期：20260517，模式：runtime，完成
2026-07-14 09:40:09 - ERROR - utils.multi_thread_parser - multi_thread_parser.py:134 - 解析线程数据，规则：E0004，线程：2，日期：20260517，模式：memory，完成
2026-07-14 09:40:09 - ERROR - utils.multi_thread_parser - multi_thread_parser.py:134 - 解析线程数据，规则：E0004，线程：4，日期：20260517，模式：memory，完成
2026-07-14 09:40:09 - ERROR - utils.multi_thread_parser - multi_thread_parser.py:134 - 解析线程数据，规则：check_lint，线程：2，日期：20260517，模式：runtime，完成
2026-07-14 09:40:09 - ERROR - utils.multi_thread_parser - multi_thread_parser.py:134 - 解析线程数据，规则：check_lint，线程：4，日期：20260517，模式：runtime，完成
2026-07-14 09:40:09 - ERROR - utils.multi_thread_parser - multi_thread_parser.py:134 - 解析线程数据，规则：check_lint，线程：2，日期：20260517，模式：memory，完成
2026-07-14 09:40:09 - ERROR - utils.multi_thread_parser - multi_thread_parser.py:134 - 解析线程数据，规则：check_lint，线程：4，日期：20260517，模式：memory，完成
2026-07-14 09:40:09 - ERROR - utils.multi_thread_parser - multi_thread_parser.py:134 - 解析线程数据，规则：Overall，线程：2，日期：20260517，模式：runtime，完成
2026-07-14 09:40:09 - ERROR - utils.multi_thread_parser - multi_thread_parser.py:134 - 解析线程数据，规则：Overall，线程：4，日期：20260517，模式：runtime，完成
2026-07-14 09:40:09 - ERROR - utils.multi_thread_parser - multi_thread_parser.py:134 - 解析线程数据，规则：Overall，线程：2，日期：20260517，模式：memory，完成
2026-07-14 09:40:09 - ERROR - utils.multi_thread_parser - multi_thread_parser.py:134 - 解析线程数据，规则：Overall，线程：4，日期：20260517，模式：memory，完成
2026-07-14 09:40:09 - ERROR - utils.multi_thread_parser - multi_thread_parser.py:134 - 解析线程数据，规则：read_design，线程：2，日期：20260517，模式：runtime，完成
2026-07-14 09:40:09 - ERROR - utils.multi_thread_parser - multi_thread_parser.py:134 - 解析线程数据，规则：read_design，线程：4，日期：20260517，模式：runtime，完成
2026-07-14 09:40:09 - ERROR - utils.multi_thread_parser - multi_thread_parser.py:134 - 解析线程数据，规则：read_design，线程：2，日期：20260517，模式：memory，完成
2026-07-14 09:40:09 - ERROR - utils.multi_thread_parser - multi_thread_parser.py:134 - 解析线程数据，规则：read_design，线程：4，日期：20260517，模式：memory，完成
2026-07-14 09:40:09 - ERROR - utils.multi_thread_parser - multi_thread_parser.py:60 - 解析多线程数据，模式：multi，工具ID：elint，casename：pcie，完成
2026-07-14 09:40:09 - ERROR - utils.multi_thread_parser - multi_thread_parser.py:66 - 解析多线程数据，模式：multi，工具ID：elint，casename：pcie，日期：20260511，规则：E0001，完成
2026-07-14 09:40:09 - ERROR - utils.multi_thread_parser - multi_thread_parser.py:66 - 解析多线程数据，模式：multi，工具ID：elint，casename：pcie，日期：20260511，规则：E0002，完成
2026-07-14 09:40:09 - ERROR - utils.multi_thread_parser - multi_thread_parser.py:66 - 解析多线程数据，模式：multi，工具ID：elint，casename：pcie，日期：20260511，规则：E0003，完成
2026-07-14 09:40:09 - ERROR - utils.multi_thread_parser - multi_thread_parser.py:66 - 解析多线程数据，模式：multi，工具ID：elint，casename：pcie，日期：20260511，规则：E0004，完成
2026-07-14 09:40:09 - ERROR - utils.multi_thread_parser - multi_thread_parser.py:66 - 解析多线程数据，模式：multi，工具ID：elint，casename：pcie，日期：20260511，规则：check_lint，完成
2026-07-14 09:40:09 - ERROR - utils.multi_thread_parser - multi_thread_parser.py:66 - 解析多线程数据，模式：multi，工具ID：elint，casename：pcie，日期：20260511，规则：Overall，完成
2026-07-14 09:40:09 - ERROR - utils.multi_thread_parser - multi_thread_parser.py:66 - 解析多线程数据，模式：multi，工具ID：elint，casename：pcie，日期：20260511，规则：read_design，完成
2026-07-14 09:40:09 - ERROR - utils.multi_thread_parser - multi_thread_parser.py:66 - 解析多线程数据，模式：multi，工具ID：elint，casename：pcie，日期：20260513，规则：E0001，完成
2026-07-14 09:40:09 - ERROR - utils.multi_thread_parser - multi_thread_parser.py:66 - 解析多线程数据，模式：multi，工具ID：elint，casename：pcie，日期：20260513，规则：E0002，完成
2026-07-14 09:40:09 - ERROR - utils.multi_thread_parser - multi_thread_parser.py:66 - 解析多线程数据，模式：multi，工具ID：elint，casename：pcie，日期：20260513，规则：E0003，完成
2026-07-14 09:40:09 - ERROR - utils.multi_thread_parser - multi_thread_parser.py:66 - 解析多线程数据，模式：multi，工具ID：elint，casename：pcie，日期：20260513，规则：E0004，完成
2026-07-14 09:40:09 - ERROR - utils.multi_thread_parser - multi_thread_parser.py:66 - 解析多线程数据，模式：multi，工具ID：elint，casename：pcie，日期：20260513，规则：check_lint，完成
2026-07-14 09:40:09 - ERROR - utils.multi_thread_parser - multi_thread_parser.py:66 - 解析多线程数据，模式：multi，工具ID：elint，casename：pcie，日期：20260513，规则：Overall，完成
2026-07-14 09:40:09 - ERROR - utils.multi_thread_parser - multi_thread_parser.py:66 - 解析多线程数据，模式：multi，工具ID：elint，casename：pcie，日期：20260513，规则：read_design，完成
2026-07-14 09:40:09 - ERROR - utils.multi_thread_parser - multi_thread_parser.py:66 - 解析多线程数据，模式：multi，工具ID：elint，casename：pcie，日期：20260515，规则：E0001，完成
2026-07-14 09:40:09 - ERROR - utils.multi_thread_parser - multi_thread_parser.py:66 - 解析多线程数据，模式：multi，工具ID：elint，casename：pcie，日期：20260515，规则：E0002，完成
2026-07-14 09:40:09 - ERROR - utils.multi_thread_parser - multi_thread_parser.py:66 - 解析多线程数据，模式：multi，工具ID：elint，casename：pcie，日期：20260515，规则：E0003，完成
2026-07-14 09:40:09 - ERROR - utils.multi_thread_parser - multi_thread_parser.py:66 - 解析多线程数据，模式：multi，工具ID：elint，casename：pcie，日期：20260515，规则：E0004，完成
2026-07-14 09:40:09 - ERROR - utils.multi_thread_parser - multi_thread_parser.py:66 - 解析多线程数据，模式：multi，工具ID：elint，casename：pcie，日期：20260515，规则：check_lint，完成
2026-07-14 09:40:09 - ERROR - utils.multi_thread_parser - multi_thread_parser.py:66 - 解析多线程数据，模式：multi，工具ID：elint，casename：pcie，日期：20260515，规则：Overall，完成
2026-07-14 09:40:09 - ERROR - utils.multi_thread_parser - multi_thread_parser.py:66 - 解析多线程数据，模式：multi，工具ID：elint，casename：pcie，日期：20260515，规则：read_design，完成
2026-07-14 09:40:09 - ERROR - utils.multi_thread_parser - multi_thread_parser.py:66 - 解析多线程数据，模式：multi，工具ID：elint，casename：pcie，日期：20260516，规则：E0001，完成
2026-07-14 09:40:09 - ERROR - utils.multi_thread_parser - multi_thread_parser.py:66 - 解析多线程数据，模式：multi，工具ID：elint，casename：pcie，日期：20260516，规则：E0002，完成
2026-07-14 09:40:09 - ERROR - utils.multi_thread_parser - multi_thread_parser.py:66 - 解析多线程数据，模式：multi，工具ID：elint，casename：pcie，日期：20260516，规则：E0003，完成
2026-07-14 09:40:09 - ERROR - utils.multi_thread_parser - multi_thread_parser.py:66 - 解析多线程数据，模式：multi，工具ID：elint，casename：pcie，日期：20260516，规则：E0004，完成
2026-07-14 09:40:09 - ERROR - utils.multi_thread_parser - multi_thread_parser.py:66 - 解析多线程数据，模式：multi，工具ID：elint，casename：pcie，日期：20260516，规则：check_lint，完成
2026-07-14 09:40:09 - ERROR - utils.multi_thread_parser - multi_thread_parser.py:66 - 解析多线程数据，模式：multi，工具ID：elint，casename：pcie，日期：20260516，规则：Overall，完成
2026-07-14 09:40:09 - ERROR - utils.multi_thread_parser - multi_thread_parser.py:66 - 解析多线程数据，模式：multi，工具ID：elint，casename：pcie，日期：20260516，规则：read_design，完成
2026-07-14 09:40:09 - ERROR - utils.multi_thread_parser - multi_thread_parser.py:66 - 解析多线程数据，模式：multi，工具ID：elint，casename：pcie，日期：20260517，规则：E0001，完成
2026-07-14 09:40:09 - ERROR - utils.multi_thread_parser - multi_thread_parser.py:66 - 解析多线程数据，模式：multi，工具ID：elint，casename：pcie，日期：20260517，规则：E0002，完成
2026-07-14 09:40:09 - ERROR - utils.multi_thread_parser - multi_thread_parser.py:66 - 解析多线程数据，模式：multi，工具ID：elint，casename：pcie，日期：20260517，规则：E0003，完成
2026-07-14 09:40:09 - ERROR - utils.multi_thread_parser - multi_thread_parser.py:66 - 解析多线程数据，模式：multi，工具ID：elint，casename：pcie，日期：20260517，规则：E0004，完成
2026-07-14 09:40:09 - ERROR - utils.multi_thread_parser - multi_thread_parser.py:66 - 解析多线程数据，模式：multi，工具ID：elint，casename：pcie，日期：20260517，规则：check_lint，完成
2026-07-14 09:40:09 - ERROR - utils.multi_thread_parser - multi_thread_parser.py:66 - 解析多线程数据，模式：multi，工具ID：elint，casename：pcie，日期：20260517，规则：Overall，完成
2026-07-14 09:40:09 - ERROR - utils.multi_thread_parser - multi_thread_parser.py:66 - 解析多线程数据，模式：multi，工具ID：elint，casename：pcie，日期：20260517，规则：read_design，完成
2026-07-14 09:40:46 - ERROR - utils.multi_thread_parser - multi_thread_parser.py:134 - 解析线程数据，规则：E0001，线程：2，日期：20260511，模式：runtime，完成
2026-07-14 09:40:46 - ERROR - utils.multi_thread_parser - multi_thread_parser.py:134 - 解析线程数据，规则：E0001，线程：4，日期：20260511，模式：runtime，完成
2026-07-14 09:40:46 - ERROR - utils.multi_thread_parser - multi_thread_parser.py:134 - 解析线程数据，规则：E0001，线程：2，日期：20260511，模式：memory，完成
2026-07-14 09:40:46 - ERROR - utils.multi_thread_parser - multi_thread_parser.py:134 - 解析线程数据，规则：E0001，线程：4，日期：20260511，模式：memory，完成
2026-07-14 09:40:46 - ERROR - utils.multi_thread_parser - multi_thread_parser.py:134 - 解析线程数据，规则：E0002，线程：2，日期：20260511，模式：runtime，完成
2026-07-14 09:40:46 - ERROR - utils.multi_thread_parser - multi_thread_parser.py:134 - 解析线程数据，规则：E0002，线程：4，日期：20260511，模式：runtime，完成
2026-07-14 09:40:46 - ERROR - utils.multi_thread_parser - multi_thread_parser.py:134 - 解析线程数据，规则：E0002，线程：2，日期：20260511，模式：memory，完成
2026-07-14 09:40:46 - ERROR - utils.multi_thread_parser - multi_thread_parser.py:134 - 解析线程数据，规则：E0002，线程：4，日期：20260511，模式：memory，完成
2026-07-14 09:40:46 - ERROR - utils.multi_thread_parser - multi_thread_parser.py:134 - 解析线程数据，规则：E0003，线程：2，日期：20260511，模式：runtime，完成
2026-07-14 09:40:46 - ERROR - utils.multi_thread_parser - multi_thread_parser.py:134 - 解析线程数据，规则：E0003，线程：4，日期：20260511，模式：runtime，完成
2026-07-14 09:40:46 - ERROR - utils.multi_thread_parser - multi_thread_parser.py:134 - 解析线程数据，规则：E0003，线程：2，日期：20260511，模式：memory，完成
2026-07-14 09:40:46 - ERROR - utils.multi_thread_parser - multi_thread_parser.py:134 - 解析线程数据，规则：E0003，线程：4，日期：20260511，模式：memory，完成
2026-07-14 09:40:46 - ERROR - utils.multi_thread_parser - multi_thread_parser.py:134 - 解析线程数据，规则：E0004，线程：2，日期：20260511，模式：runtime，完成
2026-07-14 09:40:46 - ERROR - utils.multi_thread_parser - multi_thread_parser.py:134 - 解析线程数据，规则：E0004，线程：4，日期：20260511，模式：runtime，完成
2026-07-14 09:40:46 - ERROR - utils.multi_thread_parser - multi_thread_parser.py:134 - 解析线程数据，规则：E0004，线程：2，日期：20260511，模式：memory，完成
2026-07-14 09:40:46 - ERROR - utils.multi_thread_parser - multi_thread_parser.py:134 - 解析线程数据，规则：E0004，线程：4，日期：20260511，模式：memory，完成
2026-07-14 09:40:46 - ERROR - utils.multi_thread_parser - multi_thread_parser.py:134 - 解析线程数据，规则：check_lint，线程：2，日期：20260511，模式：runtime，完成
2026-07-14 09:40:46 - ERROR - utils.multi_thread_parser - multi_thread_parser.py:134 - 解析线程数据，规则：check_lint，线程：4，日期：20260511，模式：runtime，完成
2026-07-14 09:40:46 - ERROR - utils.multi_thread_parser - multi_thread_parser.py:134 - 解析线程数据，规则：check_lint，线程：2，日期：20260511，模式：memory，完成
2026-07-14 09:40:46 - ERROR - utils.multi_thread_parser - multi_thread_parser.py:134 - 解析线程数据，规则：check_lint，线程：4，日期：20260511，模式：memory，完成
2026-07-14 09:40:46 - ERROR - utils.multi_thread_parser - multi_thread_parser.py:134 - 解析线程数据，规则：Overall，线程：2，日期：20260511，模式：runtime，完成
2026-07-14 09:40:46 - ERROR - utils.multi_thread_parser - multi_thread_parser.py:134 - 解析线程数据，规则：Overall，线程：4，日期：20260511，模式：runtime，完成
2026-07-14 09:40:46 - ERROR - utils.multi_thread_parser - multi_thread_parser.py:134 - 解析线程数据，规则：Overall，线程：2，日期：20260511，模式：memory，完成
2026-07-14 09:40:46 - ERROR - utils.multi_thread_parser - multi_thread_parser.py:134 - 解析线程数据，规则：Overall，线程：4，日期：20260511，模式：memory，完成
2026-07-14 09:40:46 - ERROR - utils.multi_thread_parser - multi_thread_parser.py:134 - 解析线程数据，规则：read_design，线程：2，日期：20260511，模式：runtime，完成
2026-07-14 09:40:46 - ERROR - utils.multi_thread_parser - multi_thread_parser.py:134 - 解析线程数据，规则：read_design，线程：4，日期：20260511，模式：runtime，完成
2026-07-14 09:40:46 - ERROR - utils.multi_thread_parser - multi_thread_parser.py:134 - 解析线程数据，规则：read_design，线程：2，日期：20260511，模式：memory，完成
2026-07-14 09:40:46 - ERROR - utils.multi_thread_parser - multi_thread_parser.py:134 - 解析线程数据，规则：read_design，线程：4，日期：20260511，模式：memory，完成
2026-07-14 09:40:46 - ERROR - utils.multi_thread_parser - multi_thread_parser.py:134 - 解析线程数据，规则：save_session，线程：2，日期：20260511，模式：runtime，完成
2026-07-14 09:40:46 - ERROR - utils.multi_thread_parser - multi_thread_parser.py:134 - 解析线程数据，规则：save_session，线程：2，日期：20260511，模式：memory，完成
2026-07-14 09:40:46 - ERROR - utils.multi_thread_parser - multi_thread_parser.py:134 - 解析线程数据，规则：E0001，线程：2，日期：20260513，模式：runtime，完成
2026-07-14 09:40:46 - ERROR - utils.multi_thread_parser - multi_thread_parser.py:134 - 解析线程数据，规则：E0001，线程：4，日期：20260513，模式：runtime，完成
2026-07-14 09:40:46 - ERROR - utils.multi_thread_parser - multi_thread_parser.py:134 - 解析线程数据，规则：E0001，线程：2，日期：20260513，模式：memory，完成
2026-07-14 09:40:46 - ERROR - utils.multi_thread_parser - multi_thread_parser.py:134 - 解析线程数据，规则：E0001，线程：4，日期：20260513，模式：memory，完成
2026-07-14 09:40:46 - ERROR - utils.multi_thread_parser - multi_thread_parser.py:134 - 解析线程数据，规则：E0002，线程：2，日期：20260513，模式：runtime，完成
2026-07-14 09:40:46 - ERROR - utils.multi_thread_parser - multi_thread_parser.py:134 - 解析线程数据，规则：E0002，线程：4，日期：20260513，模式：runtime，完成
2026-07-14 09:40:46 - ERROR - utils.multi_thread_parser - multi_thread_parser.py:134 - 解析线程数据，规则：E0002，线程：2，日期：20260513，模式：memory，完成
2026-07-14 09:40:46 - ERROR - utils.multi_thread_parser - multi_thread_parser.py:134 - 解析线程数据，规则：E0002，线程：4，日期：20260513，模式：memory，完成
2026-07-14 09:40:46 - ERROR - utils.multi_thread_parser - multi_thread_parser.py:134 - 解析线程数据，规则：E0003，线程：2，日期：20260513，模式：runtime，完成
2026-07-14 09:40:46 - ERROR - utils.multi_thread_parser - multi_thread_parser.py:134 - 解析线程数据，规则：E0003，线程：4，日期：20260513，模式：runtime，完成
2026-07-14 09:40:46 - ERROR - utils.multi_thread_parser - multi_thread_parser.py:134 - 解析线程数据，规则：E0003，线程：2，日期：20260513，模式：memory，完成
2026-07-14 09:40:46 - ERROR - utils.multi_thread_parser - multi_thread_parser.py:134 - 解析线程数据，规则：E0003，线程：4，日期：20260513，模式：memory，完成
2026-07-14 09:40:46 - ERROR - utils.multi_thread_parser - multi_thread_parser.py:134 - 解析线程数据，规则：E0004，线程：2，日期：20260513，模式：runtime，完成
2026-07-14 09:40:46 - ERROR - utils.multi_thread_parser - multi_thread_parser.py:134 - 解析线程数据，规则：E0004，线程：4，日期：20260513，模式：runtime，完成
2026-07-14 09:40:46 - ERROR - utils.multi_thread_parser - multi_thread_parser.py:134 - 解析线程数据，规则：E0004，线程：2，日期：20260513，模式：memory，完成
2026-07-14 09:40:46 - ERROR - utils.multi_thread_parser - multi_thread_parser.py:134 - 解析线程数据，规则：E0004，线程：4，日期：20260513，模式：memory，完成
2026-07-14 09:40:46 - ERROR - utils.multi_thread_parser - multi_thread_parser.py:134 - 解析线程数据，规则：check_lint，线程：2，日期：20260513，模式：runtime，完成
2026-07-14 09:40:46 - ERROR - utils.multi_thread_parser - multi_thread_parser.py:134 - 解析线程数据，规则：check_lint，线程：4，日期：20260513，模式：runtime，完成
2026-07-14 09:40:46 - ERROR - utils.multi_thread_parser - multi_thread_parser.py:134 - 解析线程数据，规则：check_lint，线程：2，日期：20260513，模式：memory，完成
2026-07-14 09:40:46 - ERROR - utils.multi_thread_parser - multi_thread_parser.py:134 - 解析线程数据，规则：check_lint，线程：4，日期：20260513，模式：memory，完成
2026-07-14 09:40:46 - ERROR - utils.multi_thread_parser - multi_thread_parser.py:134 - 解析线程数据，规则：Overall，线程：2，日期：20260513，模式：runtime，完成
2026-07-14 09:40:46 - ERROR - utils.multi_thread_parser - multi_thread_parser.py:134 - 解析线程数据，规则：Overall，线程：4，日期：20260513，模式：runtime，完成
2026-07-14 09:40:46 - ERROR - utils.multi_thread_parser - multi_thread_parser.py:134 - 解析线程数据，规则：Overall，线程：2，日期：20260513，模式：memory，完成
2026-07-14 09:40:46 - ERROR - utils.multi_thread_parser - multi_thread_parser.py:134 - 解析线程数据，规则：Overall，线程：4，日期：20260513，模式：memory，完成
2026-07-14 09:40:46 - ERROR - utils.multi_thread_parser - multi_thread_parser.py:134 - 解析线程数据，规则：read_design，线程：2，日期：20260513，模式：runtime，完成
2026-07-14 09:40:46 - ERROR - utils.multi_thread_parser - multi_thread_parser.py:134 - 解析线程数据，规则：read_design，线程：4，日期：20260513，模式：runtime，完成
2026-07-14 09:40:46 - ERROR - utils.multi_thread_parser - multi_thread_parser.py:134 - 解析线程数据，规则：read_design，线程：2，日期：20260513，模式：memory，完成
2026-07-14 09:40:46 - ERROR - utils.multi_thread_parser - multi_thread_parser.py:134 - 解析线程数据，规则：read_design，线程：4，日期：20260513，模式：memory，完成
2026-07-14 09:40:46 - ERROR - utils.multi_thread_parser - multi_thread_parser.py:134 - 解析线程数据，规则：E0001，线程：2，日期：20260515，模式：runtime，完成
2026-07-14 09:40:46 - ERROR - utils.multi_thread_parser - multi_thread_parser.py:134 - 解析线程数据，规则：E0001，线程：4，日期：20260515，模式：runtime，完成
2026-07-14 09:40:46 - ERROR - utils.multi_thread_parser - multi_thread_parser.py:134 - 解析线程数据，规则：E0001，线程：2，日期：20260515，模式：memory，完成
2026-07-14 09:40:46 - ERROR - utils.multi_thread_parser - multi_thread_parser.py:134 - 解析线程数据，规则：E0001，线程：4，日期：20260515，模式：memory，完成
2026-07-14 09:40:46 - ERROR - utils.multi_thread_parser - multi_thread_parser.py:134 - 解析线程数据，规则：E0002，线程：2，日期：20260515，模式：runtime，完成
2026-07-14 09:40:46 - ERROR - utils.multi_thread_parser - multi_thread_parser.py:134 - 解析线程数据，规则：E0002，线程：4，日期：20260515，模式：runtime，完成
2026-07-14 09:40:46 - ERROR - utils.multi_thread_parser - multi_thread_parser.py:134 - 解析线程数据，规则：E0002，线程：2，日期：20260515，模式：memory，完成
2026-07-14 09:40:46 - ERROR - utils.multi_thread_parser - multi_thread_parser.py:134 - 解析线程数据，规则：E0002，线程：4，日期：20260515，模式：memory，完成
2026-07-14 09:40:46 - ERROR - utils.multi_thread_parser - multi_thread_parser.py:134 - 解析线程数据，规则：E0003，线程：2，日期：20260515，模式：runtime，完成
2026-07-14 09:40:46 - ERROR - utils.multi_thread_parser - multi_thread_parser.py:134 - 解析线程数据，规则：E0003，线程：4，日期：20260515，模式：runtime，完成
2026-07-14 09:40:46 - ERROR - utils.multi_thread_parser - multi_thread_parser.py:134 - 解析线程数据，规则：E0003，线程：2，日期：20260515，模式：memory，完成
2026-07-14 09:40:46 - ERROR - utils.multi_thread_parser - multi_thread_parser.py:134 - 解析线程数据，规则：E0003，线程：4，日期：20260515，模式：memory，完成
2026-07-14 09:40:46 - ERROR - utils.multi_thread_parser - multi_thread_parser.py:134 - 解析线程数据，规则：E0004，线程：2，日期：20260515，模式：runtime，完成
2026-07-14 09:40:46 - ERROR - utils.multi_thread_parser - multi_thread_parser.py:134 - 解析线程数据，规则：E0004，线程：4，日期：20260515，模式：runtime，完成
2026-07-14 09:40:46 - ERROR - utils.multi_thread_parser - multi_thread_parser.py:134 - 解析线程数据，规则：E0004，线程：2，日期：20260515，模式：memory，完成
2026-07-14 09:40:46 - ERROR - utils.multi_thread_parser - multi_thread_parser.py:134 - 解析线程数据，规则：E0004，线程：4，日期：20260515，模式：memory，完成
2026-07-14 09:40:46 - ERROR - utils.multi_thread_parser - multi_thread_parser.py:134 - 解析线程数据，规则：check_lint，线程：4，日期：20260515，模式：runtime，完成
2026-07-14 09:40:46 - ERROR - utils.multi_thread_parser - multi_thread_parser.py:134 - 解析线程数据，规则：check_lint，线程：4，日期：20260515，模式：memory，完成
2026-07-14 09:40:46 - ERROR - utils.multi_thread_parser - multi_thread_parser.py:134 - 解析线程数据，规则：Overall，线程：4，日期：20260515，模式：runtime，完成
2026-07-14 09:40:46 - ERROR - utils.multi_thread_parser - multi_thread_parser.py:134 - 解析线程数据，规则：Overall，线程：4，日期：20260515，模式：memory，完成
2026-07-14 09:40:46 - ERROR - utils.multi_thread_parser - multi_thread_parser.py:134 - 解析线程数据，规则：read_design，线程：4，日期：20260515，模式：runtime，完成
2026-07-14 09:40:46 - ERROR - utils.multi_thread_parser - multi_thread_parser.py:134 - 解析线程数据，规则：read_design，线程：4，日期：20260515，模式：memory，完成
2026-07-14 09:40:46 - ERROR - utils.multi_thread_parser - multi_thread_parser.py:134 - 解析线程数据，规则：E0001，线程：2，日期：20260516，模式：runtime，完成
2026-07-14 09:40:46 - ERROR - utils.multi_thread_parser - multi_thread_parser.py:134 - 解析线程数据，规则：E0001，线程：4，日期：20260516，模式：runtime，完成
2026-07-14 09:40:46 - ERROR - utils.multi_thread_parser - multi_thread_parser.py:134 - 解析线程数据，规则：E0001，线程：2，日期：20260516，模式：memory，完成
2026-07-14 09:40:46 - ERROR - utils.multi_thread_parser - multi_thread_parser.py:134 - 解析线程数据，规则：E0001，线程：4，日期：20260516，模式：memory，完成
2026-07-14 09:40:46 - ERROR - utils.multi_thread_parser - multi_thread_parser.py:134 - 解析线程数据，规则：E0002，线程：2，日期：20260516，模式：runtime，完成
2026-07-14 09:40:46 - ERROR - utils.multi_thread_parser - multi_thread_parser.py:134 - 解析线程数据，规则：E0002，线程：4，日期：20260516，模式：runtime，完成
2026-07-14 09:40:46 - ERROR - utils.multi_thread_parser - multi_thread_parser.py:134 - 解析线程数据，规则：E0002，线程：2，日期：20260516，模式：memory，完成
2026-07-14 09:40:46 - ERROR - utils.multi_thread_parser - multi_thread_parser.py:134 - 解析线程数据，规则：E0002，线程：4，日期：20260516，模式：memory，完成
2026-07-14 09:40:46 - ERROR - utils.multi_thread_parser - multi_thread_parser.py:134 - 解析线程数据，规则：E0003，线程：2，日期：20260516，模式：runtime，完成
2026-07-14 09:40:46 - ERROR - utils.multi_thread_parser - multi_thread_parser.py:134 - 解析线程数据，规则：E0003，线程：4，日期：20260516，模式：runtime，完成
2026-07-14 09:40:46 - ERROR - utils.multi_thread_parser - multi_thread_parser.py:134 - 解析线程数据，规则：E0003，线程：2，日期：20260516，模式：memory，完成
2026-07-14 09:40:46 - ERROR - utils.multi_thread_parser - multi_thread_parser.py:134 - 解析线程数据，规则：E0003，线程：4，日期：20260516，模式：memory，完成
2026-07-14 09:40:46 - ERROR - utils.multi_thread_parser - multi_thread_parser.py:134 - 解析线程数据，规则：E0004，线程：2，日期：20260516，模式：runtime，完成
2026-07-14 09:40:46 - ERROR - utils.multi_thread_parser - multi_thread_parser.py:134 - 解析线程数据，规则：E0004，线程：4，日期：20260516，模式：runtime，完成
2026-07-14 09:40:46 - ERROR - utils.multi_thread_parser - multi_thread_parser.py:134 - 解析线程数据，规则：E0004，线程：2，日期：20260516，模式：memory，完成
2026-07-14 09:40:46 - ERROR - utils.multi_thread_parser - multi_thread_parser.py:134 - 解析线程数据，规则：E0004，线程：4，日期：20260516，模式：memory，完成
2026-07-14 09:40:46 - ERROR - utils.multi_thread_parser - multi_thread_parser.py:134 - 解析线程数据，规则：check_lint，线程：4，日期：20260516，模式：runtime，完成
2026-07-14 09:40:46 - ERROR - utils.multi_thread_parser - multi_thread_parser.py:134 - 解析线程数据，规则：check_lint，线程：4，日期：20260516，模式：memory，完成
2026-07-14 09:40:46 - ERROR - utils.multi_thread_parser - multi_thread_parser.py:134 - 解析线程数据，规则：Overall，线程：4，日期：20260516，模式：runtime，完成
2026-07-14 09:40:46 - ERROR - utils.multi_thread_parser - multi_thread_parser.py:134 - 解析线程数据，规则：Overall，线程：4，日期：20260516，模式：memory，完成
2026-07-14 09:40:46 - ERROR - utils.multi_thread_parser - multi_thread_parser.py:134 - 解析线程数据，规则：read_design，线程：4，日期：20260516，模式：runtime，完成
2026-07-14 09:40:46 - ERROR - utils.multi_thread_parser - multi_thread_parser.py:134 - 解析线程数据，规则：read_design，线程：4，日期：20260516，模式：memory，完成
2026-07-14 09:40:46 - ERROR - utils.multi_thread_parser - multi_thread_parser.py:134 - 解析线程数据，规则：E0001，线程：2，日期：20260517，模式：runtime，完成
2026-07-14 09:40:46 - ERROR - utils.multi_thread_parser - multi_thread_parser.py:134 - 解析线程数据，规则：E0001，线程：4，日期：20260517，模式：runtime，完成
2026-07-14 09:40:46 - ERROR - utils.multi_thread_parser - multi_thread_parser.py:134 - 解析线程数据，规则：E0001，线程：2，日期：20260517，模式：memory，完成
2026-07-14 09:40:46 - ERROR - utils.multi_thread_parser - multi_thread_parser.py:134 - 解析线程数据，规则：E0001，线程：4，日期：20260517，模式：memory，完成
2026-07-14 09:40:46 - ERROR - utils.multi_thread_parser - multi_thread_parser.py:134 - 解析线程数据，规则：E0002，线程：2，日期：20260517，模式：runtime，完成
2026-07-14 09:40:46 - ERROR - utils.multi_thread_parser - multi_thread_parser.py:134 - 解析线程数据，规则：E0002，线程：4，日期：20260517，模式：runtime，完成
2026-07-14 09:40:46 - ERROR - utils.multi_thread_parser - multi_thread_parser.py:134 - 解析线程数据，规则：E0002，线程：2，日期：20260517，模式：memory，完成
2026-07-14 09:40:46 - ERROR - utils.multi_thread_parser - multi_thread_parser.py:134 - 解析线程数据，规则：E0002，线程：4，日期：20260517，模式：memory，完成
2026-07-14 09:40:46 - ERROR - utils.multi_thread_parser - multi_thread_parser.py:134 - 解析线程数据，规则：E0003，线程：2，日期：20260517，模式：runtime，完成
2026-07-14 09:40:46 - ERROR - utils.multi_thread_parser - multi_thread_parser.py:134 - 解析线程数据，规则：E0003，线程：4，日期：20260517，模式：runtime，完成
2026-07-14 09:40:46 - ERROR - utils.multi_thread_parser - multi_thread_parser.py:134 - 解析线程数据，规则：E0003，线程：2，日期：20260517，模式：memory，完成
2026-07-14 09:40:46 - ERROR - utils.multi_thread_parser - multi_thread_parser.py:134 - 解析线程数据，规则：E0003，线程：4，日期：20260517，模式：memory，完成
2026-07-14 09:40:46 - ERROR - utils.multi_thread_parser - multi_thread_parser.py:134 - 解析线程数据，规则：E0004，线程：2，日期：20260517，模式：runtime，完成
2026-07-14 09:40:46 - ERROR - utils.multi_thread_parser - multi_thread_parser.py:134 - 解析线程数据，规则：E0004，线程：4，日期：20260517，模式：runtime，完成
2026-07-14 09:40:46 - ERROR - utils.multi_thread_parser - multi_thread_parser.py:134 - 解析线程数据，规则：E0004，线程：2，日期：20260517，模式：memory，完成
2026-07-14 09:40:46 - ERROR - utils.multi_thread_parser - multi_thread_parser.py:134 - 解析线程数据，规则：E0004，线程：4，日期：20260517，模式：memory，完成
2026-07-14 09:40:46 - ERROR - utils.multi_thread_parser - multi_thread_parser.py:134 - 解析线程数据，规则：check_lint，线程：4，日期：20260517，模式：runtime，完成
2026-07-14 09:40:46 - ERROR - utils.multi_thread_parser - multi_thread_parser.py:134 - 解析线程数据，规则：check_lint，线程：4，日期：20260517，模式：memory，完成
2026-07-14 09:40:46 - ERROR - utils.multi_thread_parser - multi_thread_parser.py:134 - 解析线程数据，规则：Overall，线程：4，日期：20260517，模式：runtime，完成
2026-07-14 09:40:46 - ERROR - utils.multi_thread_parser - multi_thread_parser.py:134 - 解析线程数据，规则：Overall，线程：4，日期：20260517，模式：memory，完成
2026-07-14 09:40:46 - ERROR - utils.multi_thread_parser - multi_thread_parser.py:134 - 解析线程数据，规则：read_design，线程：4，日期：20260517，模式：runtime，完成
2026-07-14 09:40:46 - ERROR - utils.multi_thread_parser - multi_thread_parser.py:134 - 解析线程数据，规则：read_design，线程：4，日期：20260517，模式：memory，完成
2026-07-14 09:40:46 - ERROR - utils.multi_thread_parser - multi_thread_parser.py:60 - 解析多线程数据，模式：multi，工具ID：elint，casename：aes，完成
2026-07-14 09:40:46 - ERROR - utils.multi_thread_parser - multi_thread_parser.py:66 - 解析多线程数据，模式：multi，工具ID：elint，casename：aes，日期：20260511，规则：E0001，完成
2026-07-14 09:40:46 - ERROR - utils.multi_thread_parser - multi_thread_parser.py:66 - 解析多线程数据，模式：multi，工具ID：elint，casename：aes，日期：20260511，规则：E0002，完成
2026-07-14 09:40:46 - ERROR - utils.multi_thread_parser - multi_thread_parser.py:66 - 解析多线程数据，模式：multi，工具ID：elint，casename：aes，日期：20260511，规则：E0003，完成
2026-07-14 09:40:46 - ERROR - utils.multi_thread_parser - multi_thread_parser.py:66 - 解析多线程数据，模式：multi，工具ID：elint，casename：aes，日期：20260511，规则：E0004，完成
2026-07-14 09:40:46 - ERROR - utils.multi_thread_parser - multi_thread_parser.py:66 - 解析多线程数据，模式：multi，工具ID：elint，casename：aes，日期：20260511，规则：check_lint，完成
2026-07-14 09:40:46 - ERROR - utils.multi_thread_parser - multi_thread_parser.py:66 - 解析多线程数据，模式：multi，工具ID：elint，casename：aes，日期：20260511，规则：Overall，完成
2026-07-14 09:40:46 - ERROR - utils.multi_thread_parser - multi_thread_parser.py:66 - 解析多线程数据，模式：multi，工具ID：elint，casename：aes，日期：20260511，规则：read_design，完成
2026-07-14 09:40:46 - ERROR - utils.multi_thread_parser - multi_thread_parser.py:66 - 解析多线程数据，模式：multi，工具ID：elint，casename：aes，日期：20260511，规则：save_session，完成
2026-07-14 09:40:46 - ERROR - utils.multi_thread_parser - multi_thread_parser.py:66 - 解析多线程数据，模式：multi，工具ID：elint，casename：aes，日期：20260513，规则：E0001，完成
2026-07-14 09:40:46 - ERROR - utils.multi_thread_parser - multi_thread_parser.py:66 - 解析多线程数据，模式：multi，工具ID：elint，casename：aes，日期：20260513，规则：E0002，完成
2026-07-14 09:40:46 - ERROR - utils.multi_thread_parser - multi_thread_parser.py:66 - 解析多线程数据，模式：multi，工具ID：elint，casename：aes，日期：20260513，规则：E0003，完成
2026-07-14 09:40:46 - ERROR - utils.multi_thread_parser - multi_thread_parser.py:66 - 解析多线程数据，模式：multi，工具ID：elint，casename：aes，日期：20260513，规则：E0004，完成
2026-07-14 09:40:46 - ERROR - utils.multi_thread_parser - multi_thread_parser.py:66 - 解析多线程数据，模式：multi，工具ID：elint，casename：aes，日期：20260513，规则：check_lint，完成
2026-07-14 09:40:46 - ERROR - utils.multi_thread_parser - multi_thread_parser.py:66 - 解析多线程数据，模式：multi，工具ID：elint，casename：aes，日期：20260513，规则：Overall，完成
2026-07-14 09:40:46 - ERROR - utils.multi_thread_parser - multi_thread_parser.py:66 - 解析多线程数据，模式：multi，工具ID：elint，casename：aes，日期：20260513，规则：read_design，完成
2026-07-14 09:40:46 - ERROR - utils.multi_thread_parser - multi_thread_parser.py:66 - 解析多线程数据，模式：multi，工具ID：elint，casename：aes，日期：20260515，规则：E0001，完成
2026-07-14 09:40:46 - ERROR - utils.multi_thread_parser - multi_thread_parser.py:66 - 解析多线程数据，模式：multi，工具ID：elint，casename：aes，日期：20260515，规则：E0002，完成
2026-07-14 09:40:46 - ERROR - utils.multi_thread_parser - multi_thread_parser.py:66 - 解析多线程数据，模式：multi，工具ID：elint，casename：aes，日期：20260515，规则：E0003，完成
2026-07-14 09:40:46 - ERROR - utils.multi_thread_parser - multi_thread_parser.py:66 - 解析多线程数据，模式：multi，工具ID：elint，casename：aes，日期：20260515，规则：E0004，完成
2026-07-14 09:40:46 - ERROR - utils.multi_thread_parser - multi_thread_parser.py:66 - 解析多线程数据，模式：multi，工具ID：elint，casename：aes，日期：20260515，规则：check_lint，完成
2026-07-14 09:40:46 - ERROR - utils.multi_thread_parser - multi_thread_parser.py:66 - 解析多线程数据，模式：multi，工具ID：elint，casename：aes，日期：20260515，规则：Overall，完成
2026-07-14 09:40:46 - ERROR - utils.multi_thread_parser - multi_thread_parser.py:66 - 解析多线程数据，模式：multi，工具ID：elint，casename：aes，日期：20260515，规则：read_design，完成
2026-07-14 09:40:46 - ERROR - utils.multi_thread_parser - multi_thread_parser.py:66 - 解析多线程数据，模式：multi，工具ID：elint，casename：aes，日期：20260516，规则：E0001，完成
2026-07-14 09:40:46 - ERROR - utils.multi_thread_parser - multi_thread_parser.py:66 - 解析多线程数据，模式：multi，工具ID：elint，casename：aes，日期：20260516，规则：E0002，完成
2026-07-14 09:40:46 - ERROR - utils.multi_thread_parser - multi_thread_parser.py:66 - 解析多线程数据，模式：multi，工具ID：elint，casename：aes，日期：20260516，规则：E0003，完成
2026-07-14 09:40:46 - ERROR - utils.multi_thread_parser - multi_thread_parser.py:66 - 解析多线程数据，模式：multi，工具ID：elint，casename：aes，日期：20260516，规则：E0004，完成
2026-07-14 09:40:46 - ERROR - utils.multi_thread_parser - multi_thread_parser.py:66 - 解析多线程数据，模式：multi，工具ID：elint，casename：aes，日期：20260516，规则：check_lint，完成
2026-07-14 09:40:46 - ERROR - utils.multi_thread_parser - multi_thread_parser.py:66 - 解析多线程数据，模式：multi，工具ID：elint，casename：aes，日期：20260516，规则：Overall，完成
2026-07-14 09:40:46 - ERROR - utils.multi_thread_parser - multi_thread_parser.py:66 - 解析多线程数据，模式：multi，工具ID：elint，casename：aes，日期：20260516，规则：read_design，完成
2026-07-14 09:40:46 - ERROR - utils.multi_thread_parser - multi_thread_parser.py:66 - 解析多线程数据，模式：multi，工具ID：elint，casename：aes，日期：20260517，规则：E0001，完成
2026-07-14 09:40:46 - ERROR - utils.multi_thread_parser - multi_thread_parser.py:66 - 解析多线程数据，模式：multi，工具ID：elint，casename：aes，日期：20260517，规则：E0002，完成
2026-07-14 09:40:46 - ERROR - utils.multi_thread_parser - multi_thread_parser.py:66 - 解析多线程数据，模式：multi，工具ID：elint，casename：aes，日期：20260517，规则：E0003，完成
2026-07-14 09:40:46 - ERROR - utils.multi_thread_parser - multi_thread_parser.py:66 - 解析多线程数据，模式：multi，工具ID：elint，casename：aes，日期：20260517，规则：E0004，完成
2026-07-14 09:40:46 - ERROR - utils.multi_thread_parser - multi_thread_parser.py:66 - 解析多线程数据，模式：multi，工具ID：elint，casename：aes，日期：20260517，规则：check_lint，完成
2026-07-14 09:40:46 - ERROR - utils.multi_thread_parser - multi_thread_parser.py:66 - 解析多线程数据，模式：multi，工具ID：elint，casename：aes，日期：20260517，规则：Overall，完成
2026-07-14 09:40:46 - ERROR - utils.multi_thread_parser - multi_thread_parser.py:66 - 解析多线程数据，模式：multi，工具ID：elint，casename：aes，日期：20260517，规则：read_design，完成
2026-07-14 09:40:46 - ERROR - utils.multi_thread_parser - multi_thread_parser.py:134 - 解析线程数据，规则：E0001，线程：2，日期：20260511，模式：runtime，完成
2026-07-14 09:40:46 - ERROR - utils.multi_thread_parser - multi_thread_parser.py:134 - 解析线程数据，规则：E0001，线程：4，日期：20260511，模式：runtime，完成
2026-07-14 09:40:46 - ERROR - utils.multi_thread_parser - multi_thread_parser.py:134 - 解析线程数据，规则：E0001，线程：2，日期：20260511，模式：memory，完成
2026-07-14 09:40:46 - ERROR - utils.multi_thread_parser - multi_thread_parser.py:134 - 解析线程数据，规则：E0001，线程：4，日期：20260511，模式：memory，完成
2026-07-14 09:40:46 - ERROR - utils.multi_thread_parser - multi_thread_parser.py:134 - 解析线程数据，规则：E0002，线程：2，日期：20260511，模式：runtime，完成
2026-07-14 09:40:46 - ERROR - utils.multi_thread_parser - multi_thread_parser.py:134 - 解析线程数据，规则：E0002，线程：4，日期：20260511，模式：runtime，完成
2026-07-14 09:40:46 - ERROR - utils.multi_thread_parser - multi_thread_parser.py:134 - 解析线程数据，规则：E0002，线程：2，日期：20260511，模式：memory，完成
2026-07-14 09:40:46 - ERROR - utils.multi_thread_parser - multi_thread_parser.py:134 - 解析线程数据，规则：E0002，线程：4，日期：20260511，模式：memory，完成
2026-07-14 09:40:46 - ERROR - utils.multi_thread_parser - multi_thread_parser.py:134 - 解析线程数据，规则：E0003，线程：2，日期：20260511，模式：runtime，完成
2026-07-14 09:40:46 - ERROR - utils.multi_thread_parser - multi_thread_parser.py:134 - 解析线程数据，规则：E0003，线程：4，日期：20260511，模式：runtime，完成
2026-07-14 09:40:46 - ERROR - utils.multi_thread_parser - multi_thread_parser.py:134 - 解析线程数据，规则：E0003，线程：2，日期：20260511，模式：memory，完成
2026-07-14 09:40:46 - ERROR - utils.multi_thread_parser - multi_thread_parser.py:134 - 解析线程数据，规则：E0003，线程：4，日期：20260511，模式：memory，完成
2026-07-14 09:40:46 - ERROR - utils.multi_thread_parser - multi_thread_parser.py:134 - 解析线程数据，规则：E0004，线程：2，日期：20260511，模式：runtime，完成
2026-07-14 09:40:46 - ERROR - utils.multi_thread_parser - multi_thread_parser.py:134 - 解析线程数据，规则：E0004，线程：4，日期：20260511，模式：runtime，完成
2026-07-14 09:40:46 - ERROR - utils.multi_thread_parser - multi_thread_parser.py:134 - 解析线程数据，规则：E0004，线程：2，日期：20260511，模式：memory，完成
2026-07-14 09:40:46 - ERROR - utils.multi_thread_parser - multi_thread_parser.py:134 - 解析线程数据，规则：E0004，线程：4，日期：20260511，模式：memory，完成
2026-07-14 09:40:46 - ERROR - utils.multi_thread_parser - multi_thread_parser.py:134 - 解析线程数据，规则：check_lint，线程：2，日期：20260511，模式：runtime，完成
2026-07-14 09:40:46 - ERROR - utils.multi_thread_parser - multi_thread_parser.py:134 - 解析线程数据，规则：check_lint，线程：4，日期：20260511，模式：runtime，完成
2026-07-14 09:40:46 - ERROR - utils.multi_thread_parser - multi_thread_parser.py:134 - 解析线程数据，规则：check_lint，线程：2，日期：20260511，模式：memory，完成
2026-07-14 09:40:46 - ERROR - utils.multi_thread_parser - multi_thread_parser.py:134 - 解析线程数据，规则：check_lint，线程：4，日期：20260511，模式：memory，完成
2026-07-14 09:40:46 - ERROR - utils.multi_thread_parser - multi_thread_parser.py:134 - 解析线程数据，规则：Overall，线程：2，日期：20260511，模式：runtime，完成
2026-07-14 09:40:46 - ERROR - utils.multi_thread_parser - multi_thread_parser.py:134 - 解析线程数据，规则：Overall，线程：4，日期：20260511，模式：runtime，完成
2026-07-14 09:40:46 - ERROR - utils.multi_thread_parser - multi_thread_parser.py:134 - 解析线程数据，规则：Overall，线程：2，日期：20260511，模式：memory，完成
2026-07-14 09:40:46 - ERROR - utils.multi_thread_parser - multi_thread_parser.py:134 - 解析线程数据，规则：Overall，线程：4，日期：20260511，模式：memory，完成
2026-07-14 09:40:46 - ERROR - utils.multi_thread_parser - multi_thread_parser.py:134 - 解析线程数据，规则：read_design，线程：2，日期：20260511，模式：runtime，完成
2026-07-14 09:40:46 - ERROR - utils.multi_thread_parser - multi_thread_parser.py:134 - 解析线程数据，规则：read_design，线程：4，日期：20260511，模式：runtime，完成
2026-07-14 09:40:46 - ERROR - utils.multi_thread_parser - multi_thread_parser.py:134 - 解析线程数据，规则：read_design，线程：2，日期：20260511，模式：memory，完成
2026-07-14 09:40:46 - ERROR - utils.multi_thread_parser - multi_thread_parser.py:134 - 解析线程数据，规则：read_design，线程：4，日期：20260511，模式：memory，完成
2026-07-14 09:40:46 - ERROR - utils.multi_thread_parser - multi_thread_parser.py:134 - 解析线程数据，规则：E0001，线程：2，日期：20260513，模式：runtime，完成
2026-07-14 09:40:46 - ERROR - utils.multi_thread_parser - multi_thread_parser.py:134 - 解析线程数据，规则：E0001，线程：4，日期：20260513，模式：runtime，完成
2026-07-14 09:40:46 - ERROR - utils.multi_thread_parser - multi_thread_parser.py:134 - 解析线程数据，规则：E0001，线程：2，日期：20260513，模式：memory，完成
2026-07-14 09:40:46 - ERROR - utils.multi_thread_parser - multi_thread_parser.py:134 - 解析线程数据，规则：E0001，线程：4，日期：20260513，模式：memory，完成
2026-07-14 09:40:46 - ERROR - utils.multi_thread_parser - multi_thread_parser.py:134 - 解析线程数据，规则：E0002，线程：2，日期：20260513，模式：runtime，完成
2026-07-14 09:40:46 - ERROR - utils.multi_thread_parser - multi_thread_parser.py:134 - 解析线程数据，规则：E0002，线程：4，日期：20260513，模式：runtime，完成
2026-07-14 09:40:46 - ERROR - utils.multi_thread_parser - multi_thread_parser.py:134 - 解析线程数据，规则：E0002，线程：2，日期：20260513，模式：memory，完成
2026-07-14 09:40:46 - ERROR - utils.multi_thread_parser - multi_thread_parser.py:134 - 解析线程数据，规则：E0002，线程：4，日期：20260513，模式：memory，完成
2026-07-14 09:40:46 - ERROR - utils.multi_thread_parser - multi_thread_parser.py:134 - 解析线程数据，规则：E0003，线程：2，日期：20260513，模式：runtime，完成
2026-07-14 09:40:46 - ERROR - utils.multi_thread_parser - multi_thread_parser.py:134 - 解析线程数据，规则：E0003，线程：4，日期：20260513，模式：runtime，完成
2026-07-14 09:40:46 - ERROR - utils.multi_thread_parser - multi_thread_parser.py:134 - 解析线程数据，规则：E0003，线程：2，日期：20260513，模式：memory，完成
2026-07-14 09:40:46 - ERROR - utils.multi_thread_parser - multi_thread_parser.py:134 - 解析线程数据，规则：E0003，线程：4，日期：20260513，模式：memory，完成
2026-07-14 09:40:46 - ERROR - utils.multi_thread_parser - multi_thread_parser.py:134 - 解析线程数据，规则：E0004，线程：2，日期：20260513，模式：runtime，完成
2026-07-14 09:40:46 - ERROR - utils.multi_thread_parser - multi_thread_parser.py:134 - 解析线程数据，规则：E0004，线程：4，日期：20260513，模式：runtime，完成
2026-07-14 09:40:46 - ERROR - utils.multi_thread_parser - multi_thread_parser.py:134 - 解析线程数据，规则：E0004，线程：2，日期：20260513，模式：memory，完成
2026-07-14 09:40:46 - ERROR - utils.multi_thread_parser - multi_thread_parser.py:134 - 解析线程数据，规则：E0004，线程：4，日期：20260513，模式：memory，完成
2026-07-14 09:40:46 - ERROR - utils.multi_thread_parser - multi_thread_parser.py:134 - 解析线程数据，规则：check_lint，线程：2，日期：20260513，模式：runtime，完成
2026-07-14 09:40:46 - ERROR - utils.multi_thread_parser - multi_thread_parser.py:134 - 解析线程数据，规则：check_lint，线程：4，日期：20260513，模式：runtime，完成
2026-07-14 09:40:46 - ERROR - utils.multi_thread_parser - multi_thread_parser.py:134 - 解析线程数据，规则：check_lint，线程：2，日期：20260513，模式：memory，完成
2026-07-14 09:40:46 - ERROR - utils.multi_thread_parser - multi_thread_parser.py:134 - 解析线程数据，规则：check_lint，线程：4，日期：20260513，模式：memory，完成
2026-07-14 09:40:46 - ERROR - utils.multi_thread_parser - multi_thread_parser.py:134 - 解析线程数据，规则：Overall，线程：2，日期：20260513，模式：runtime，完成
2026-07-14 09:40:46 - ERROR - utils.multi_thread_parser - multi_thread_parser.py:134 - 解析线程数据，规则：Overall，线程：4，日期：20260513，模式：runtime，完成
2026-07-14 09:40:46 - ERROR - utils.multi_thread_parser - multi_thread_parser.py:134 - 解析线程数据，规则：Overall，线程：2，日期：20260513，模式：memory，完成
2026-07-14 09:40:46 - ERROR - utils.multi_thread_parser - multi_thread_parser.py:134 - 解析线程数据，规则：Overall，线程：4，日期：20260513，模式：memory，完成
2026-07-14 09:40:46 - ERROR - utils.multi_thread_parser - multi_thread_parser.py:134 - 解析线程数据，规则：read_design，线程：2，日期：20260513，模式：runtime，完成
2026-07-14 09:40:46 - ERROR - utils.multi_thread_parser - multi_thread_parser.py:134 - 解析线程数据，规则：read_design，线程：4，日期：20260513，模式：runtime，完成
2026-07-14 09:40:46 - ERROR - utils.multi_thread_parser - multi_thread_parser.py:134 - 解析线程数据，规则：read_design，线程：2，日期：20260513，模式：memory，完成
2026-07-14 09:40:46 - ERROR - utils.multi_thread_parser - multi_thread_parser.py:134 - 解析线程数据，规则：read_design，线程：4，日期：20260513，模式：memory，完成
2026-07-14 09:40:46 - ERROR - utils.multi_thread_parser - multi_thread_parser.py:134 - 解析线程数据，规则：E0001，线程：2，日期：20260515，模式：runtime，完成
2026-07-14 09:40:46 - ERROR - utils.multi_thread_parser - multi_thread_parser.py:134 - 解析线程数据，规则：E0001，线程：4，日期：20260515，模式：runtime，完成
2026-07-14 09:40:46 - ERROR - utils.multi_thread_parser - multi_thread_parser.py:134 - 解析线程数据，规则：E0001，线程：2，日期：20260515，模式：memory，完成
2026-07-14 09:40:46 - ERROR - utils.multi_thread_parser - multi_thread_parser.py:134 - 解析线程数据，规则：E0001，线程：4，日期：20260515，模式：memory，完成
2026-07-14 09:40:46 - ERROR - utils.multi_thread_parser - multi_thread_parser.py:134 - 解析线程数据，规则：E0002，线程：2，日期：20260515，模式：runtime，完成
2026-07-14 09:40:46 - ERROR - utils.multi_thread_parser - multi_thread_parser.py:134 - 解析线程数据，规则：E0002，线程：4，日期：20260515，模式：runtime，完成
2026-07-14 09:40:46 - ERROR - utils.multi_thread_parser - multi_thread_parser.py:134 - 解析线程数据，规则：E0002，线程：2，日期：20260515，模式：memory，完成
2026-07-14 09:40:46 - ERROR - utils.multi_thread_parser - multi_thread_parser.py:134 - 解析线程数据，规则：E0002，线程：4，日期：20260515，模式：memory，完成
2026-07-14 09:40:46 - ERROR - utils.multi_thread_parser - multi_thread_parser.py:134 - 解析线程数据，规则：E0003，线程：2，日期：20260515，模式：runtime，完成
2026-07-14 09:40:46 - ERROR - utils.multi_thread_parser - multi_thread_parser.py:134 - 解析线程数据，规则：E0003，线程：4，日期：20260515，模式：runtime，完成
2026-07-14 09:40:46 - ERROR - utils.multi_thread_parser - multi_thread_parser.py:134 - 解析线程数据，规则：E0003，线程：2，日期：20260515，模式：memory，完成
2026-07-14 09:40:46 - ERROR - utils.multi_thread_parser - multi_thread_parser.py:134 - 解析线程数据，规则：E0003，线程：4，日期：20260515，模式：memory，完成
2026-07-14 09:40:46 - ERROR - utils.multi_thread_parser - multi_thread_parser.py:134 - 解析线程数据，规则：E0004，线程：2，日期：20260515，模式：runtime，完成
2026-07-14 09:40:46 - ERROR - utils.multi_thread_parser - multi_thread_parser.py:134 - 解析线程数据，规则：E0004，线程：4，日期：20260515，模式：runtime，完成
2026-07-14 09:40:46 - ERROR - utils.multi_thread_parser - multi_thread_parser.py:134 - 解析线程数据，规则：E0004，线程：2，日期：20260515，模式：memory，完成
2026-07-14 09:40:46 - ERROR - utils.multi_thread_parser - multi_thread_parser.py:134 - 解析线程数据，规则：E0004，线程：4，日期：20260515，模式：memory，完成
2026-07-14 09:40:46 - ERROR - utils.multi_thread_parser - multi_thread_parser.py:134 - 解析线程数据，规则：check_lint，线程：2，日期：20260515，模式：runtime，完成
2026-07-14 09:40:46 - ERROR - utils.multi_thread_parser - multi_thread_parser.py:134 - 解析线程数据，规则：check_lint，线程：4，日期：20260515，模式：runtime，完成
2026-07-14 09:40:46 - ERROR - utils.multi_thread_parser - multi_thread_parser.py:134 - 解析线程数据，规则：check_lint，线程：2，日期：20260515，模式：memory，完成
2026-07-14 09:40:46 - ERROR - utils.multi_thread_parser - multi_thread_parser.py:134 - 解析线程数据，规则：check_lint，线程：4，日期：20260515，模式：memory，完成
2026-07-14 09:40:46 - ERROR - utils.multi_thread_parser - multi_thread_parser.py:134 - 解析线程数据，规则：Overall，线程：2，日期：20260515，模式：runtime，完成
2026-07-14 09:40:46 - ERROR - utils.multi_thread_parser - multi_thread_parser.py:134 - 解析线程数据，规则：Overall，线程：4，日期：20260515，模式：runtime，完成
2026-07-14 09:40:46 - ERROR - utils.multi_thread_parser - multi_thread_parser.py:134 - 解析线程数据，规则：Overall，线程：2，日期：20260515，模式：memory，完成
2026-07-14 09:40:46 - ERROR - utils.multi_thread_parser - multi_thread_parser.py:134 - 解析线程数据，规则：Overall，线程：4，日期：20260515，模式：memory，完成
2026-07-14 09:40:46 - ERROR - utils.multi_thread_parser - multi_thread_parser.py:134 - 解析线程数据，规则：read_design，线程：2，日期：20260515，模式：runtime，完成
2026-07-14 09:40:46 - ERROR - utils.multi_thread_parser - multi_thread_parser.py:134 - 解析线程数据，规则：read_design，线程：4，日期：20260515，模式：runtime，完成
2026-07-14 09:40:46 - ERROR - utils.multi_thread_parser - multi_thread_parser.py:134 - 解析线程数据，规则：read_design，线程：2，日期：20260515，模式：memory，完成
2026-07-14 09:40:46 - ERROR - utils.multi_thread_parser - multi_thread_parser.py:134 - 解析线程数据，规则：read_design，线程：4，日期：20260515，模式：memory，完成
2026-07-14 09:40:46 - ERROR - utils.multi_thread_parser - multi_thread_parser.py:134 - 解析线程数据，规则：E0001，线程：2，日期：20260516，模式：runtime，完成
2026-07-14 09:40:46 - ERROR - utils.multi_thread_parser - multi_thread_parser.py:134 - 解析线程数据，规则：E0001，线程：4，日期：20260516，模式：runtime，完成
2026-07-14 09:40:46 - ERROR - utils.multi_thread_parser - multi_thread_parser.py:134 - 解析线程数据，规则：E0001，线程：2，日期：20260516，模式：memory，完成
2026-07-14 09:40:46 - ERROR - utils.multi_thread_parser - multi_thread_parser.py:134 - 解析线程数据，规则：E0001，线程：4，日期：20260516，模式：memory，完成
2026-07-14 09:40:46 - ERROR - utils.multi_thread_parser - multi_thread_parser.py:134 - 解析线程数据，规则：E0002，线程：2，日期：20260516，模式：runtime，完成
2026-07-14 09:40:46 - ERROR - utils.multi_thread_parser - multi_thread_parser.py:134 - 解析线程数据，规则：E0002，线程：4，日期：20260516，模式：runtime，完成
2026-07-14 09:40:46 - ERROR - utils.multi_thread_parser - multi_thread_parser.py:134 - 解析线程数据，规则：E0002，线程：2，日期：20260516，模式：memory，完成
2026-07-14 09:40:46 - ERROR - utils.multi_thread_parser - multi_thread_parser.py:134 - 解析线程数据，规则：E0002，线程：4，日期：20260516，模式：memory，完成
2026-07-14 09:40:46 - ERROR - utils.multi_thread_parser - multi_thread_parser.py:134 - 解析线程数据，规则：E0003，线程：2，日期：20260516，模式：runtime，完成
2026-07-14 09:40:46 - ERROR - utils.multi_thread_parser - multi_thread_parser.py:134 - 解析线程数据，规则：E0003，线程：4，日期：20260516，模式：runtime，完成
2026-07-14 09:40:46 - ERROR - utils.multi_thread_parser - multi_thread_parser.py:134 - 解析线程数据，规则：E0003，线程：2，日期：20260516，模式：memory，完成
2026-07-14 09:40:46 - ERROR - utils.multi_thread_parser - multi_thread_parser.py:134 - 解析线程数据，规则：E0003，线程：4，日期：20260516，模式：memory，完成
2026-07-14 09:40:46 - ERROR - utils.multi_thread_parser - multi_thread_parser.py:134 - 解析线程数据，规则：E0004，线程：2，日期：20260516，模式：runtime，完成
2026-07-14 09:40:46 - ERROR - utils.multi_thread_parser - multi_thread_parser.py:134 - 解析线程数据，规则：E0004，线程：4，日期：20260516，模式：runtime，完成
2026-07-14 09:40:46 - ERROR - utils.multi_thread_parser - multi_thread_parser.py:134 - 解析线程数据，规则：E0004，线程：2，日期：20260516，模式：memory，完成
2026-07-14 09:40:46 - ERROR - utils.multi_thread_parser - multi_thread_parser.py:134 - 解析线程数据，规则：E0004，线程：4，日期：20260516，模式：memory，完成
2026-07-14 09:40:46 - ERROR - utils.multi_thread_parser - multi_thread_parser.py:134 - 解析线程数据，规则：check_lint，线程：2，日期：20260516，模式：runtime，完成
2026-07-14 09:40:46 - ERROR - utils.multi_thread_parser - multi_thread_parser.py:134 - 解析线程数据，规则：check_lint，线程：4，日期：20260516，模式：runtime，完成
2026-07-14 09:40:46 - ERROR - utils.multi_thread_parser - multi_thread_parser.py:134 - 解析线程数据，规则：check_lint，线程：2，日期：20260516，模式：memory，完成
2026-07-14 09:40:46 - ERROR - utils.multi_thread_parser - multi_thread_parser.py:134 - 解析线程数据，规则：check_lint，线程：4，日期：20260516，模式：memory，完成
2026-07-14 09:40:46 - ERROR - utils.multi_thread_parser - multi_thread_parser.py:134 - 解析线程数据，规则：Overall，线程：2，日期：20260516，模式：runtime，完成
2026-07-14 09:40:46 - ERROR - utils.multi_thread_parser - multi_thread_parser.py:134 - 解析线程数据，规则：Overall，线程：4，日期：20260516，模式：runtime，完成
2026-07-14 09:40:46 - ERROR - utils.multi_thread_parser - multi_thread_parser.py:134 - 解析线程数据，规则：Overall，线程：2，日期：20260516，模式：memory，完成
2026-07-14 09:40:46 - ERROR - utils.multi_thread_parser - multi_thread_parser.py:134 - 解析线程数据，规则：Overall，线程：4，日期：20260516，模式：memory，完成
2026-07-14 09:40:46 - ERROR - utils.multi_thread_parser - multi_thread_parser.py:134 - 解析线程数据，规则：read_design，线程：2，日期：20260516，模式：runtime，完成
2026-07-14 09:40:46 - ERROR - utils.multi_thread_parser - multi_thread_parser.py:134 - 解析线程数据，规则：read_design，线程：4，日期：20260516，模式：runtime，完成
2026-07-14 09:40:46 - ERROR - utils.multi_thread_parser - multi_thread_parser.py:134 - 解析线程数据，规则：read_design，线程：2，日期：20260516，模式：memory，完成
2026-07-14 09:40:46 - ERROR - utils.multi_thread_parser - multi_thread_parser.py:134 - 解析线程数据，规则：read_design，线程：4，日期：20260516，模式：memory，完成
2026-07-14 09:40:46 - ERROR - utils.multi_thread_parser - multi_thread_parser.py:134 - 解析线程数据，规则：E0001，线程：2，日期：20260517，模式：runtime，完成
2026-07-14 09:40:46 - ERROR - utils.multi_thread_parser - multi_thread_parser.py:134 - 解析线程数据，规则：E0001，线程：4，日期：20260517，模式：runtime，完成
2026-07-14 09:40:46 - ERROR - utils.multi_thread_parser - multi_thread_parser.py:134 - 解析线程数据，规则：E0001，线程：2，日期：20260517，模式：memory，完成
2026-07-14 09:40:46 - ERROR - utils.multi_thread_parser - multi_thread_parser.py:134 - 解析线程数据，规则：E0001，线程：4，日期：20260517，模式：memory，完成
2026-07-14 09:40:46 - ERROR - utils.multi_thread_parser - multi_thread_parser.py:134 - 解析线程数据，规则：E0002，线程：2，日期：20260517，模式：runtime，完成
2026-07-14 09:40:46 - ERROR - utils.multi_thread_parser - multi_thread_parser.py:134 - 解析线程数据，规则：E0002，线程：4，日期：20260517，模式：runtime，完成
2026-07-14 09:40:46 - ERROR - utils.multi_thread_parser - multi_thread_parser.py:134 - 解析线程数据，规则：E0002，线程：2，日期：20260517，模式：memory，完成
2026-07-14 09:40:46 - ERROR - utils.multi_thread_parser - multi_thread_parser.py:134 - 解析线程数据，规则：E0002，线程：4，日期：20260517，模式：memory，完成
2026-07-14 09:40:46 - ERROR - utils.multi_thread_parser - multi_thread_parser.py:134 - 解析线程数据，规则：E0003，线程：2，日期：20260517，模式：runtime，完成
2026-07-14 09:40:46 - ERROR - utils.multi_thread_parser - multi_thread_parser.py:134 - 解析线程数据，规则：E0003，线程：4，日期：20260517，模式：runtime，完成
2026-07-14 09:40:46 - ERROR - utils.multi_thread_parser - multi_thread_parser.py:134 - 解析线程数据，规则：E0003，线程：2，日期：20260517，模式：memory，完成
2026-07-14 09:40:46 - ERROR - utils.multi_thread_parser - multi_thread_parser.py:134 - 解析线程数据，规则：E0003，线程：4，日期：20260517，模式：memory，完成
2026-07-14 09:40:46 - ERROR - utils.multi_thread_parser - multi_thread_parser.py:134 - 解析线程数据，规则：E0004，线程：2，日期：20260517，模式：runtime，完成
2026-07-14 09:40:46 - ERROR - utils.multi_thread_parser - multi_thread_parser.py:134 - 解析线程数据，规则：E0004，线程：4，日期：20260517，模式：runtime，完成
2026-07-14 09:40:46 - ERROR - utils.multi_thread_parser - multi_thread_parser.py:134 - 解析线程数据，规则：E0004，线程：2，日期：20260517，模式：memory，完成
2026-07-14 09:40:46 - ERROR - utils.multi_thread_parser - multi_thread_parser.py:134 - 解析线程数据，规则：E0004，线程：4，日期：20260517，模式：memory，完成
2026-07-14 09:40:46 - ERROR - utils.multi_thread_parser - multi_thread_parser.py:134 - 解析线程数据，规则：check_lint，线程：2，日期：20260517，模式：runtime，完成
2026-07-14 09:40:46 - ERROR - utils.multi_thread_parser - multi_thread_parser.py:134 - 解析线程数据，规则：check_lint，线程：4，日期：20260517，模式：runtime，完成
2026-07-14 09:40:46 - ERROR - utils.multi_thread_parser - multi_thread_parser.py:134 - 解析线程数据，规则：check_lint，线程：2，日期：20260517，模式：memory，完成
2026-07-14 09:40:46 - ERROR - utils.multi_thread_parser - multi_thread_parser.py:134 - 解析线程数据，规则：check_lint，线程：4，日期：20260517，模式：memory，完成
2026-07-14 09:40:46 - ERROR - utils.multi_thread_parser - multi_thread_parser.py:134 - 解析线程数据，规则：Overall，线程：2，日期：20260517，模式：runtime，完成
2026-07-14 09:40:46 - ERROR - utils.multi_thread_parser - multi_thread_parser.py:134 - 解析线程数据，规则：Overall，线程：4，日期：20260517，模式：runtime，完成
2026-07-14 09:40:46 - ERROR - utils.multi_thread_parser - multi_thread_parser.py:134 - 解析线程数据，规则：Overall，线程：2，日期：20260517，模式：memory，完成
2026-07-14 09:40:46 - ERROR - utils.multi_thread_parser - multi_thread_parser.py:134 - 解析线程数据，规则：Overall，线程：4，日期：20260517，模式：memory，完成
2026-07-14 09:40:46 - ERROR - utils.multi_thread_parser - multi_thread_parser.py:134 - 解析线程数据，规则：read_design，线程：2，日期：20260517，模式：runtime，完成
2026-07-14 09:40:46 - ERROR - utils.multi_thread_parser - multi_thread_parser.py:134 - 解析线程数据，规则：read_design，线程：4，日期：20260517，模式：runtime，完成
2026-07-14 09:40:46 - ERROR - utils.multi_thread_parser - multi_thread_parser.py:134 - 解析线程数据，规则：read_design，线程：2，日期：20260517，模式：memory，完成
2026-07-14 09:40:46 - ERROR - utils.multi_thread_parser - multi_thread_parser.py:134 - 解析线程数据，规则：read_design，线程：4，日期：20260517，模式：memory，完成
2026-07-14 09:40:46 - ERROR - utils.multi_thread_parser - multi_thread_parser.py:60 - 解析多线程数据，模式：multi，工具ID：elint，casename：pcie，完成
2026-07-14 09:40:46 - ERROR - utils.multi_thread_parser - multi_thread_parser.py:66 - 解析多线程数据，模式：multi，工具ID：elint，casename：pcie，日期：20260511，规则：E0001，完成
2026-07-14 09:40:46 - ERROR - utils.multi_thread_parser - multi_thread_parser.py:66 - 解析多线程数据，模式：multi，工具ID：elint，casename：pcie，日期：20260511，规则：E0002，完成
2026-07-14 09:40:46 - ERROR - utils.multi_thread_parser - multi_thread_parser.py:66 - 解析多线程数据，模式：multi，工具ID：elint，casename：pcie，日期：20260511，规则：E0003，完成
2026-07-14 09:40:46 - ERROR - utils.multi_thread_parser - multi_thread_parser.py:66 - 解析多线程数据，模式：multi，工具ID：elint，casename：pcie，日期：20260511，规则：E0004，完成
2026-07-14 09:40:46 - ERROR - utils.multi_thread_parser - multi_thread_parser.py:66 - 解析多线程数据，模式：multi，工具ID：elint，casename：pcie，日期：20260511，规则：check_lint，完成
2026-07-14 09:40:46 - ERROR - utils.multi_thread_parser - multi_thread_parser.py:66 - 解析多线程数据，模式：multi，工具ID：elint，casename：pcie，日期：20260511，规则：Overall，完成
2026-07-14 09:40:46 - ERROR - utils.multi_thread_parser - multi_thread_parser.py:66 - 解析多线程数据，模式：multi，工具ID：elint，casename：pcie，日期：20260511，规则：read_design，完成
2026-07-14 09:40:46 - ERROR - utils.multi_thread_parser - multi_thread_parser.py:66 - 解析多线程数据，模式：multi，工具ID：elint，casename：pcie，日期：20260513，规则：E0001，完成
2026-07-14 09:40:46 - ERROR - utils.multi_thread_parser - multi_thread_parser.py:66 - 解析多线程数据，模式：multi，工具ID：elint，casename：pcie，日期：20260513，规则：E0002，完成
2026-07-14 09:40:46 - ERROR - utils.multi_thread_parser - multi_thread_parser.py:66 - 解析多线程数据，模式：multi，工具ID：elint，casename：pcie，日期：20260513，规则：E0003，完成
2026-07-14 09:40:46 - ERROR - utils.multi_thread_parser - multi_thread_parser.py:66 - 解析多线程数据，模式：multi，工具ID：elint，casename：pcie，日期：20260513，规则：E0004，完成
2026-07-14 09:40:46 - ERROR - utils.multi_thread_parser - multi_thread_parser.py:66 - 解析多线程数据，模式：multi，工具ID：elint，casename：pcie，日期：20260513，规则：check_lint，完成
2026-07-14 09:40:46 - ERROR - utils.multi_thread_parser - multi_thread_parser.py:66 - 解析多线程数据，模式：multi，工具ID：elint，casename：pcie，日期：20260513，规则：Overall，完成
2026-07-14 09:40:46 - ERROR - utils.multi_thread_parser - multi_thread_parser.py:66 - 解析多线程数据，模式：multi，工具ID：elint，casename：pcie，日期：20260513，规则：read_design，完成
2026-07-14 09:40:46 - ERROR - utils.multi_thread_parser - multi_thread_parser.py:66 - 解析多线程数据，模式：multi，工具ID：elint，casename：pcie，日期：20260515，规则：E0001，完成
2026-07-14 09:40:46 - ERROR - utils.multi_thread_parser - multi_thread_parser.py:66 - 解析多线程数据，模式：multi，工具ID：elint，casename：pcie，日期：20260515，规则：E0002，完成
2026-07-14 09:40:46 - ERROR - utils.multi_thread_parser - multi_thread_parser.py:66 - 解析多线程数据，模式：multi，工具ID：elint，casename：pcie，日期：20260515，规则：E0003，完成
2026-07-14 09:40:46 - ERROR - utils.multi_thread_parser - multi_thread_parser.py:66 - 解析多线程数据，模式：multi，工具ID：elint，casename：pcie，日期：20260515，规则：E0004，完成
2026-07-14 09:40:46 - ERROR - utils.multi_thread_parser - multi_thread_parser.py:66 - 解析多线程数据，模式：multi，工具ID：elint，casename：pcie，日期：20260515，规则：check_lint，完成
2026-07-14 09:40:46 - ERROR - utils.multi_thread_parser - multi_thread_parser.py:66 - 解析多线程数据，模式：multi，工具ID：elint，casename：pcie，日期：20260515，规则：Overall，完成
2026-07-14 09:40:46 - ERROR - utils.multi_thread_parser - multi_thread_parser.py:66 - 解析多线程数据，模式：multi，工具ID：elint，casename：pcie，日期：20260515，规则：read_design，完成
2026-07-14 09:40:46 - ERROR - utils.multi_thread_parser - multi_thread_parser.py:66 - 解析多线程数据，模式：multi，工具ID：elint，casename：pcie，日期：20260516，规则：E0001，完成
2026-07-14 09:40:46 - ERROR - utils.multi_thread_parser - multi_thread_parser.py:66 - 解析多线程数据，模式：multi，工具ID：elint，casename：pcie，日期：20260516，规则：E0002，完成
2026-07-14 09:40:46 - ERROR - utils.multi_thread_parser - multi_thread_parser.py:66 - 解析多线程数据，模式：multi，工具ID：elint，casename：pcie，日期：20260516，规则：E0003，完成
2026-07-14 09:40:46 - ERROR - utils.multi_thread_parser - multi_thread_parser.py:66 - 解析多线程数据，模式：multi，工具ID：elint，casename：pcie，日期：20260516，规则：E0004，完成
2026-07-14 09:40:46 - ERROR - utils.multi_thread_parser - multi_thread_parser.py:66 - 解析多线程数据，模式：multi，工具ID：elint，casename：pcie，日期：20260516，规则：check_lint，完成
2026-07-14 09:40:46 - ERROR - utils.multi_thread_parser - multi_thread_parser.py:66 - 解析多线程数据，模式：multi，工具ID：elint，casename：pcie，日期：20260516，规则：Overall，完成
2026-07-14 09:40:46 - ERROR - utils.multi_thread_parser - multi_thread_parser.py:66 - 解析多线程数据，模式：multi，工具ID：elint，casename：pcie，日期：20260516，规则：read_design，完成
2026-07-14 09:40:46 - ERROR - utils.multi_thread_parser - multi_thread_parser.py:66 - 解析多线程数据，模式：multi，工具ID：elint，casename：pcie，日期：20260517，规则：E0001，完成
2026-07-14 09:40:46 - ERROR - utils.multi_thread_parser - multi_thread_parser.py:66 - 解析多线程数据，模式：multi，工具ID：elint，casename：pcie，日期：20260517，规则：E0002，完成
2026-07-14 09:40:46 - ERROR - utils.multi_thread_parser - multi_thread_parser.py:66 - 解析多线程数据，模式：multi，工具ID：elint，casename：pcie，日期：20260517，规则：E0003，完成
2026-07-14 09:40:46 - ERROR - utils.multi_thread_parser - multi_thread_parser.py:66 - 解析多线程数据，模式：multi，工具ID：elint，casename：pcie，日期：20260517，规则：E0004，完成
2026-07-14 09:40:46 - ERROR - utils.multi_thread_parser - multi_thread_parser.py:66 - 解析多线程数据，模式：multi，工具ID：elint，casename：pcie，日期：20260517，规则：check_lint，完成
2026-07-14 09:40:46 - ERROR - utils.multi_thread_parser - multi_thread_parser.py:66 - 解析多线程数据，模式：multi，工具ID：elint，casename：pcie，日期：20260517，规则：Overall，完成
2026-07-14 09:40:46 - ERROR - utils.multi_thread_parser - multi_thread_parser.py:66 - 解析多线程数据，模式：multi，工具ID：elint，casename：pcie，日期：20260517，规则：read_design，完成
2026-07-14 09:44:51 - ERROR - utils.multi_thread_parser - multi_thread_parser.py:87 - 解析多线程数据，casename：aes，日期：['20260511', '20260513', '20260515', '20260516', '20260517']
2026-07-14 09:44:51 - ERROR - utils.multi_thread_parser - multi_thread_parser.py:64 - 解析多线程数据，模式：multi，工具ID：elint，casename：aes，日期：20260511，规则：E0001，完成
2026-07-14 09:44:51 - ERROR - utils.multi_thread_parser - multi_thread_parser.py:64 - 解析多线程数据，模式：multi，工具ID：elint，casename：aes，日期：20260511，规则：E0002，完成
2026-07-14 09:44:51 - ERROR - utils.multi_thread_parser - multi_thread_parser.py:64 - 解析多线程数据，模式：multi，工具ID：elint，casename：aes，日期：20260511，规则：E0003，完成
2026-07-14 09:44:51 - ERROR - utils.multi_thread_parser - multi_thread_parser.py:64 - 解析多线程数据，模式：multi，工具ID：elint，casename：aes，日期：20260511，规则：E0004，完成
2026-07-14 09:44:51 - ERROR - utils.multi_thread_parser - multi_thread_parser.py:64 - 解析多线程数据，模式：multi，工具ID：elint，casename：aes，日期：20260511，规则：check_lint，完成
2026-07-14 09:44:51 - ERROR - utils.multi_thread_parser - multi_thread_parser.py:64 - 解析多线程数据，模式：multi，工具ID：elint，casename：aes，日期：20260511，规则：Overall，完成
2026-07-14 09:44:51 - ERROR - utils.multi_thread_parser - multi_thread_parser.py:64 - 解析多线程数据，模式：multi，工具ID：elint，casename：aes，日期：20260511，规则：read_design，完成
2026-07-14 09:44:51 - ERROR - utils.multi_thread_parser - multi_thread_parser.py:64 - 解析多线程数据，模式：multi，工具ID：elint，casename：aes，日期：20260511，规则：save_session，完成
2026-07-14 09:44:51 - ERROR - utils.multi_thread_parser - multi_thread_parser.py:64 - 解析多线程数据，模式：multi，工具ID：elint，casename：aes，日期：20260513，规则：E0001，完成
2026-07-14 09:44:51 - ERROR - utils.multi_thread_parser - multi_thread_parser.py:64 - 解析多线程数据，模式：multi，工具ID：elint，casename：aes，日期：20260513，规则：E0002，完成
2026-07-14 09:44:51 - ERROR - utils.multi_thread_parser - multi_thread_parser.py:64 - 解析多线程数据，模式：multi，工具ID：elint，casename：aes，日期：20260513，规则：E0003，完成
2026-07-14 09:44:51 - ERROR - utils.multi_thread_parser - multi_thread_parser.py:64 - 解析多线程数据，模式：multi，工具ID：elint，casename：aes，日期：20260513，规则：E0004，完成
2026-07-14 09:44:51 - ERROR - utils.multi_thread_parser - multi_thread_parser.py:64 - 解析多线程数据，模式：multi，工具ID：elint，casename：aes，日期：20260513，规则：check_lint，完成
2026-07-14 09:44:51 - ERROR - utils.multi_thread_parser - multi_thread_parser.py:64 - 解析多线程数据，模式：multi，工具ID：elint，casename：aes，日期：20260513，规则：Overall，完成
2026-07-14 09:44:51 - ERROR - utils.multi_thread_parser - multi_thread_parser.py:64 - 解析多线程数据，模式：multi，工具ID：elint，casename：aes，日期：20260513，规则：read_design，完成
2026-07-14 09:44:51 - ERROR - utils.multi_thread_parser - multi_thread_parser.py:64 - 解析多线程数据，模式：multi，工具ID：elint，casename：aes，日期：20260515，规则：E0001，完成
2026-07-14 09:44:51 - ERROR - utils.multi_thread_parser - multi_thread_parser.py:64 - 解析多线程数据，模式：multi，工具ID：elint，casename：aes，日期：20260515，规则：E0002，完成
2026-07-14 09:44:51 - ERROR - utils.multi_thread_parser - multi_thread_parser.py:64 - 解析多线程数据，模式：multi，工具ID：elint，casename：aes，日期：20260515，规则：E0003，完成
2026-07-14 09:44:51 - ERROR - utils.multi_thread_parser - multi_thread_parser.py:64 - 解析多线程数据，模式：multi，工具ID：elint，casename：aes，日期：20260515，规则：E0004，完成
2026-07-14 09:44:51 - ERROR - utils.multi_thread_parser - multi_thread_parser.py:64 - 解析多线程数据，模式：multi，工具ID：elint，casename：aes，日期：20260515，规则：check_lint，完成
2026-07-14 09:44:51 - ERROR - utils.multi_thread_parser - multi_thread_parser.py:64 - 解析多线程数据，模式：multi，工具ID：elint，casename：aes，日期：20260515，规则：Overall，完成
2026-07-14 09:44:51 - ERROR - utils.multi_thread_parser - multi_thread_parser.py:64 - 解析多线程数据，模式：multi，工具ID：elint，casename：aes，日期：20260515，规则：read_design，完成
2026-07-14 09:44:51 - ERROR - utils.multi_thread_parser - multi_thread_parser.py:64 - 解析多线程数据，模式：multi，工具ID：elint，casename：aes，日期：20260516，规则：E0001，完成
2026-07-14 09:44:51 - ERROR - utils.multi_thread_parser - multi_thread_parser.py:64 - 解析多线程数据，模式：multi，工具ID：elint，casename：aes，日期：20260516，规则：E0002，完成
2026-07-14 09:44:51 - ERROR - utils.multi_thread_parser - multi_thread_parser.py:64 - 解析多线程数据，模式：multi，工具ID：elint，casename：aes，日期：20260516，规则：E0003，完成
2026-07-14 09:44:51 - ERROR - utils.multi_thread_parser - multi_thread_parser.py:64 - 解析多线程数据，模式：multi，工具ID：elint，casename：aes，日期：20260516，规则：E0004，完成
2026-07-14 09:44:51 - ERROR - utils.multi_thread_parser - multi_thread_parser.py:64 - 解析多线程数据，模式：multi，工具ID：elint，casename：aes，日期：20260516，规则：check_lint，完成
2026-07-14 09:44:51 - ERROR - utils.multi_thread_parser - multi_thread_parser.py:64 - 解析多线程数据，模式：multi，工具ID：elint，casename：aes，日期：20260516，规则：Overall，完成
2026-07-14 09:44:51 - ERROR - utils.multi_thread_parser - multi_thread_parser.py:64 - 解析多线程数据，模式：multi，工具ID：elint，casename：aes，日期：20260516，规则：read_design，完成
2026-07-14 09:44:51 - ERROR - utils.multi_thread_parser - multi_thread_parser.py:64 - 解析多线程数据，模式：multi，工具ID：elint，casename：aes，日期：20260517，规则：E0001，完成
2026-07-14 09:44:51 - ERROR - utils.multi_thread_parser - multi_thread_parser.py:64 - 解析多线程数据，模式：multi，工具ID：elint，casename：aes，日期：20260517，规则：E0002，完成
2026-07-14 09:44:51 - ERROR - utils.multi_thread_parser - multi_thread_parser.py:64 - 解析多线程数据，模式：multi，工具ID：elint，casename：aes，日期：20260517，规则：E0003，完成
2026-07-14 09:44:51 - ERROR - utils.multi_thread_parser - multi_thread_parser.py:64 - 解析多线程数据，模式：multi，工具ID：elint，casename：aes，日期：20260517，规则：E0004，完成
2026-07-14 09:44:51 - ERROR - utils.multi_thread_parser - multi_thread_parser.py:64 - 解析多线程数据，模式：multi，工具ID：elint，casename：aes，日期：20260517，规则：check_lint，完成
2026-07-14 09:44:51 - ERROR - utils.multi_thread_parser - multi_thread_parser.py:64 - 解析多线程数据，模式：multi，工具ID：elint，casename：aes，日期：20260517，规则：Overall，完成
2026-07-14 09:44:51 - ERROR - utils.multi_thread_parser - multi_thread_parser.py:64 - 解析多线程数据，模式：multi，工具ID：elint，casename：aes，日期：20260517，规则：read_design，完成
2026-07-14 09:44:51 - ERROR - utils.multi_thread_parser - multi_thread_parser.py:87 - 解析多线程数据，casename：pcie，日期：['20260511', '20260513', '20260515', '20260516', '20260517']
2026-07-14 09:44:51 - ERROR - utils.multi_thread_parser - multi_thread_parser.py:64 - 解析多线程数据，模式：multi，工具ID：elint，casename：pcie，日期：20260511，规则：E0001，完成
2026-07-14 09:44:51 - ERROR - utils.multi_thread_parser - multi_thread_parser.py:64 - 解析多线程数据，模式：multi，工具ID：elint，casename：pcie，日期：20260511，规则：E0002，完成
2026-07-14 09:44:51 - ERROR - utils.multi_thread_parser - multi_thread_parser.py:64 - 解析多线程数据，模式：multi，工具ID：elint，casename：pcie，日期：20260511，规则：E0003，完成
2026-07-14 09:44:51 - ERROR - utils.multi_thread_parser - multi_thread_parser.py:64 - 解析多线程数据，模式：multi，工具ID：elint，casename：pcie，日期：20260511，规则：E0004，完成
2026-07-14 09:44:51 - ERROR - utils.multi_thread_parser - multi_thread_parser.py:64 - 解析多线程数据，模式：multi，工具ID：elint，casename：pcie，日期：20260511，规则：check_lint，完成
2026-07-14 09:44:51 - ERROR - utils.multi_thread_parser - multi_thread_parser.py:64 - 解析多线程数据，模式：multi，工具ID：elint，casename：pcie，日期：20260511，规则：Overall，完成
2026-07-14 09:44:51 - ERROR - utils.multi_thread_parser - multi_thread_parser.py:64 - 解析多线程数据，模式：multi，工具ID：elint，casename：pcie，日期：20260511，规则：read_design，完成
2026-07-14 09:44:51 - ERROR - utils.multi_thread_parser - multi_thread_parser.py:64 - 解析多线程数据，模式：multi，工具ID：elint，casename：pcie，日期：20260513，规则：E0001，完成
2026-07-14 09:44:51 - ERROR - utils.multi_thread_parser - multi_thread_parser.py:64 - 解析多线程数据，模式：multi，工具ID：elint，casename：pcie，日期：20260513，规则：E0002，完成
2026-07-14 09:44:51 - ERROR - utils.multi_thread_parser - multi_thread_parser.py:64 - 解析多线程数据，模式：multi，工具ID：elint，casename：pcie，日期：20260513，规则：E0003，完成
2026-07-14 09:44:51 - ERROR - utils.multi_thread_parser - multi_thread_parser.py:64 - 解析多线程数据，模式：multi，工具ID：elint，casename：pcie，日期：20260513，规则：E0004，完成
2026-07-14 09:44:51 - ERROR - utils.multi_thread_parser - multi_thread_parser.py:64 - 解析多线程数据，模式：multi，工具ID：elint，casename：pcie，日期：20260513，规则：check_lint，完成
2026-07-14 09:44:51 - ERROR - utils.multi_thread_parser - multi_thread_parser.py:64 - 解析多线程数据，模式：multi，工具ID：elint，casename：pcie，日期：20260513，规则：Overall，完成
2026-07-14 09:44:51 - ERROR - utils.multi_thread_parser - multi_thread_parser.py:64 - 解析多线程数据，模式：multi，工具ID：elint，casename：pcie，日期：20260513，规则：read_design，完成
2026-07-14 09:44:51 - ERROR - utils.multi_thread_parser - multi_thread_parser.py:64 - 解析多线程数据，模式：multi，工具ID：elint，casename：pcie，日期：20260515，规则：E0001，完成
2026-07-14 09:44:51 - ERROR - utils.multi_thread_parser - multi_thread_parser.py:64 - 解析多线程数据，模式：multi，工具ID：elint，casename：pcie，日期：20260515，规则：E0002，完成
2026-07-14 09:44:51 - ERROR - utils.multi_thread_parser - multi_thread_parser.py:64 - 解析多线程数据，模式：multi，工具ID：elint，casename：pcie，日期：20260515，规则：E0003，完成
2026-07-14 09:44:51 - ERROR - utils.multi_thread_parser - multi_thread_parser.py:64 - 解析多线程数据，模式：multi，工具ID：elint，casename：pcie，日期：20260515，规则：E0004，完成
2026-07-14 09:44:51 - ERROR - utils.multi_thread_parser - multi_thread_parser.py:64 - 解析多线程数据，模式：multi，工具ID：elint，casename：pcie，日期：20260515，规则：check_lint，完成
2026-07-14 09:44:51 - ERROR - utils.multi_thread_parser - multi_thread_parser.py:64 - 解析多线程数据，模式：multi，工具ID：elint，casename：pcie，日期：20260515，规则：Overall，完成
2026-07-14 09:44:51 - ERROR - utils.multi_thread_parser - multi_thread_parser.py:64 - 解析多线程数据，模式：multi，工具ID：elint，casename：pcie，日期：20260515，规则：read_design，完成
2026-07-14 09:44:51 - ERROR - utils.multi_thread_parser - multi_thread_parser.py:64 - 解析多线程数据，模式：multi，工具ID：elint，casename：pcie，日期：20260516，规则：E0001，完成
2026-07-14 09:44:51 - ERROR - utils.multi_thread_parser - multi_thread_parser.py:64 - 解析多线程数据，模式：multi，工具ID：elint，casename：pcie，日期：20260516，规则：E0002，完成
2026-07-14 09:44:51 - ERROR - utils.multi_thread_parser - multi_thread_parser.py:64 - 解析多线程数据，模式：multi，工具ID：elint，casename：pcie，日期：20260516，规则：E0003，完成
2026-07-14 09:44:51 - ERROR - utils.multi_thread_parser - multi_thread_parser.py:64 - 解析多线程数据，模式：multi，工具ID：elint，casename：pcie，日期：20260516，规则：E0004，完成
2026-07-14 09:44:51 - ERROR - utils.multi_thread_parser - multi_thread_parser.py:64 - 解析多线程数据，模式：multi，工具ID：elint，casename：pcie，日期：20260516，规则：check_lint，完成
2026-07-14 09:44:51 - ERROR - utils.multi_thread_parser - multi_thread_parser.py:64 - 解析多线程数据，模式：multi，工具ID：elint，casename：pcie，日期：20260516，规则：Overall，完成
2026-07-14 09:44:51 - ERROR - utils.multi_thread_parser - multi_thread_parser.py:64 - 解析多线程数据，模式：multi，工具ID：elint，casename：pcie，日期：20260516，规则：read_design，完成
2026-07-14 09:44:51 - ERROR - utils.multi_thread_parser - multi_thread_parser.py:64 - 解析多线程数据，模式：multi，工具ID：elint，casename：pcie，日期：20260517，规则：E0001，完成
2026-07-14 09:44:51 - ERROR - utils.multi_thread_parser - multi_thread_parser.py:64 - 解析多线程数据，模式：multi，工具ID：elint，casename：pcie，日期：20260517，规则：E0002，完成
2026-07-14 09:44:51 - ERROR - utils.multi_thread_parser - multi_thread_parser.py:64 - 解析多线程数据，模式：multi，工具ID：elint，casename：pcie，日期：20260517，规则：E0003，完成
2026-07-14 09:44:51 - ERROR - utils.multi_thread_parser - multi_thread_parser.py:64 - 解析多线程数据，模式：multi，工具ID：elint，casename：pcie，日期：20260517，规则：E0004，完成
2026-07-14 09:44:51 - ERROR - utils.multi_thread_parser - multi_thread_parser.py:64 - 解析多线程数据，模式：multi，工具ID：elint，casename：pcie，日期：20260517，规则：check_lint，完成
2026-07-14 09:44:51 - ERROR - utils.multi_thread_parser - multi_thread_parser.py:64 - 解析多线程数据，模式：multi，工具ID：elint，casename：pcie，日期：20260517，规则：Overall，完成
2026-07-14 09:44:51 - ERROR - utils.multi_thread_parser - multi_thread_parser.py:64 - 解析多线程数据，模式：multi，工具ID：elint，casename：pcie，日期：20260517，规则：read_design，完成
2026-07-14 09:47:05 - ERROR - utils.multi_thread_parser - multi_thread_parser.py:87 - 解析多线程数据，casename：aes，日期：['20260511', '20260513', '20260515', '20260516', '20260517']
2026-07-14 09:47:05 - ERROR - utils.multi_thread_parser - multi_thread_parser.py:64 - 解析多线程数据，模式：multi，工具ID：elint，casename：aes，日期：20260511，规则：E0001，完成
2026-07-14 09:47:05 - ERROR - utils.multi_thread_parser - multi_thread_parser.py:64 - 解析多线程数据，模式：multi，工具ID：elint，casename：aes，日期：20260511，规则：E0002，完成
2026-07-14 09:47:05 - ERROR - utils.multi_thread_parser - multi_thread_parser.py:64 - 解析多线程数据，模式：multi，工具ID：elint，casename：aes，日期：20260511，规则：E0003，完成
2026-07-14 09:47:05 - ERROR - utils.multi_thread_parser - multi_thread_parser.py:64 - 解析多线程数据，模式：multi，工具ID：elint，casename：aes，日期：20260511，规则：E0004，完成
2026-07-14 09:47:05 - ERROR - utils.multi_thread_parser - multi_thread_parser.py:64 - 解析多线程数据，模式：multi，工具ID：elint，casename：aes，日期：20260511，规则：check_lint，完成
2026-07-14 09:47:05 - ERROR - utils.multi_thread_parser - multi_thread_parser.py:64 - 解析多线程数据，模式：multi，工具ID：elint，casename：aes，日期：20260511，规则：Overall，完成
2026-07-14 09:47:05 - ERROR - utils.multi_thread_parser - multi_thread_parser.py:64 - 解析多线程数据，模式：multi，工具ID：elint，casename：aes，日期：20260511，规则：read_design，完成
2026-07-14 09:47:05 - ERROR - utils.multi_thread_parser - multi_thread_parser.py:64 - 解析多线程数据，模式：multi，工具ID：elint，casename：aes，日期：20260511，规则：save_session，完成
2026-07-14 09:47:05 - ERROR - utils.multi_thread_parser - multi_thread_parser.py:64 - 解析多线程数据，模式：multi，工具ID：elint，casename：aes，日期：20260513，规则：E0001，完成
2026-07-14 09:47:05 - ERROR - utils.multi_thread_parser - multi_thread_parser.py:64 - 解析多线程数据，模式：multi，工具ID：elint，casename：aes，日期：20260513，规则：E0002，完成
2026-07-14 09:47:05 - ERROR - utils.multi_thread_parser - multi_thread_parser.py:64 - 解析多线程数据，模式：multi，工具ID：elint，casename：aes，日期：20260513，规则：E0003，完成
2026-07-14 09:47:05 - ERROR - utils.multi_thread_parser - multi_thread_parser.py:64 - 解析多线程数据，模式：multi，工具ID：elint，casename：aes，日期：20260513，规则：E0004，完成
2026-07-14 09:47:05 - ERROR - utils.multi_thread_parser - multi_thread_parser.py:64 - 解析多线程数据，模式：multi，工具ID：elint，casename：aes，日期：20260513，规则：check_lint，完成
2026-07-14 09:47:05 - ERROR - utils.multi_thread_parser - multi_thread_parser.py:64 - 解析多线程数据，模式：multi，工具ID：elint，casename：aes，日期：20260513，规则：Overall，完成
2026-07-14 09:47:05 - ERROR - utils.multi_thread_parser - multi_thread_parser.py:64 - 解析多线程数据，模式：multi，工具ID：elint，casename：aes，日期：20260513，规则：read_design，完成
2026-07-14 09:47:05 - ERROR - utils.multi_thread_parser - multi_thread_parser.py:64 - 解析多线程数据，模式：multi，工具ID：elint，casename：aes，日期：20260515，规则：E0001，完成
2026-07-14 09:47:05 - ERROR - utils.multi_thread_parser - multi_thread_parser.py:64 - 解析多线程数据，模式：multi，工具ID：elint，casename：aes，日期：20260515，规则：E0002，完成
2026-07-14 09:47:05 - ERROR - utils.multi_thread_parser - multi_thread_parser.py:64 - 解析多线程数据，模式：multi，工具ID：elint，casename：aes，日期：20260515，规则：E0003，完成
2026-07-14 09:47:05 - ERROR - utils.multi_thread_parser - multi_thread_parser.py:64 - 解析多线程数据，模式：multi，工具ID：elint，casename：aes，日期：20260515，规则：E0004，完成
2026-07-14 09:47:05 - ERROR - utils.multi_thread_parser - multi_thread_parser.py:64 - 解析多线程数据，模式：multi，工具ID：elint，casename：aes，日期：20260515，规则：check_lint，完成
2026-07-14 09:47:05 - ERROR - utils.multi_thread_parser - multi_thread_parser.py:64 - 解析多线程数据，模式：multi，工具ID：elint，casename：aes，日期：20260515，规则：Overall，完成
2026-07-14 09:47:05 - ERROR - utils.multi_thread_parser - multi_thread_parser.py:64 - 解析多线程数据，模式：multi，工具ID：elint，casename：aes，日期：20260515，规则：read_design，完成
2026-07-14 09:47:05 - ERROR - utils.multi_thread_parser - multi_thread_parser.py:64 - 解析多线程数据，模式：multi，工具ID：elint，casename：aes，日期：20260516，规则：E0001，完成
2026-07-14 09:47:05 - ERROR - utils.multi_thread_parser - multi_thread_parser.py:64 - 解析多线程数据，模式：multi，工具ID：elint，casename：aes，日期：20260516，规则：E0002，完成
2026-07-14 09:47:05 - ERROR - utils.multi_thread_parser - multi_thread_parser.py:64 - 解析多线程数据，模式：multi，工具ID：elint，casename：aes，日期：20260516，规则：E0003，完成
2026-07-14 09:47:05 - ERROR - utils.multi_thread_parser - multi_thread_parser.py:64 - 解析多线程数据，模式：multi，工具ID：elint，casename：aes，日期：20260516，规则：E0004，完成
2026-07-14 09:47:05 - ERROR - utils.multi_thread_parser - multi_thread_parser.py:64 - 解析多线程数据，模式：multi，工具ID：elint，casename：aes，日期：20260516，规则：check_lint，完成
2026-07-14 09:47:05 - ERROR - utils.multi_thread_parser - multi_thread_parser.py:64 - 解析多线程数据，模式：multi，工具ID：elint，casename：aes，日期：20260516，规则：Overall，完成
2026-07-14 09:47:05 - ERROR - utils.multi_thread_parser - multi_thread_parser.py:64 - 解析多线程数据，模式：multi，工具ID：elint，casename：aes，日期：20260516，规则：read_design，完成
2026-07-14 09:47:05 - ERROR - utils.multi_thread_parser - multi_thread_parser.py:64 - 解析多线程数据，模式：multi，工具ID：elint，casename：aes，日期：20260517，规则：E0001，完成
2026-07-14 09:47:05 - ERROR - utils.multi_thread_parser - multi_thread_parser.py:64 - 解析多线程数据，模式：multi，工具ID：elint，casename：aes，日期：20260517，规则：E0002，完成
2026-07-14 09:47:05 - ERROR - utils.multi_thread_parser - multi_thread_parser.py:64 - 解析多线程数据，模式：multi，工具ID：elint，casename：aes，日期：20260517，规则：E0003，完成
2026-07-14 09:47:05 - ERROR - utils.multi_thread_parser - multi_thread_parser.py:64 - 解析多线程数据，模式：multi，工具ID：elint，casename：aes，日期：20260517，规则：E0004，完成
2026-07-14 09:47:05 - ERROR - utils.multi_thread_parser - multi_thread_parser.py:64 - 解析多线程数据，模式：multi，工具ID：elint，casename：aes，日期：20260517，规则：check_lint，完成
2026-07-14 09:47:05 - ERROR - utils.multi_thread_parser - multi_thread_parser.py:64 - 解析多线程数据，模式：multi，工具ID：elint，casename：aes，日期：20260517，规则：Overall，完成
2026-07-14 09:47:05 - ERROR - utils.multi_thread_parser - multi_thread_parser.py:64 - 解析多线程数据，模式：multi，工具ID：elint，casename：aes，日期：20260517，规则：read_design，完成
2026-07-14 09:47:05 - ERROR - utils.multi_thread_parser - multi_thread_parser.py:87 - 解析多线程数据，casename：pcie，日期：['20260511', '20260513', '20260515', '20260516', '20260517']
2026-07-14 09:47:06 - ERROR - utils.multi_thread_parser - multi_thread_parser.py:64 - 解析多线程数据，模式：multi，工具ID：elint，casename：pcie，日期：20260511，规则：E0001，完成
2026-07-14 09:47:06 - ERROR - utils.multi_thread_parser - multi_thread_parser.py:64 - 解析多线程数据，模式：multi，工具ID：elint，casename：pcie，日期：20260511，规则：E0002，完成
2026-07-14 09:47:06 - ERROR - utils.multi_thread_parser - multi_thread_parser.py:64 - 解析多线程数据，模式：multi，工具ID：elint，casename：pcie，日期：20260511，规则：E0003，完成
2026-07-14 09:47:06 - ERROR - utils.multi_thread_parser - multi_thread_parser.py:64 - 解析多线程数据，模式：multi，工具ID：elint，casename：pcie，日期：20260511，规则：E0004，完成
2026-07-14 09:47:06 - ERROR - utils.multi_thread_parser - multi_thread_parser.py:64 - 解析多线程数据，模式：multi，工具ID：elint，casename：pcie，日期：20260511，规则：check_lint，完成
2026-07-14 09:47:06 - ERROR - utils.multi_thread_parser - multi_thread_parser.py:64 - 解析多线程数据，模式：multi，工具ID：elint，casename：pcie，日期：20260511，规则：Overall，完成
2026-07-14 09:47:06 - ERROR - utils.multi_thread_parser - multi_thread_parser.py:64 - 解析多线程数据，模式：multi，工具ID：elint，casename：pcie，日期：20260511，规则：read_design，完成
2026-07-14 09:47:06 - ERROR - utils.multi_thread_parser - multi_thread_parser.py:64 - 解析多线程数据，模式：multi，工具ID：elint，casename：pcie，日期：20260513，规则：E0001，完成
2026-07-14 09:47:06 - ERROR - utils.multi_thread_parser - multi_thread_parser.py:64 - 解析多线程数据，模式：multi，工具ID：elint，casename：pcie，日期：20260513，规则：E0002，完成
2026-07-14 09:47:06 - ERROR - utils.multi_thread_parser - multi_thread_parser.py:64 - 解析多线程数据，模式：multi，工具ID：elint，casename：pcie，日期：20260513，规则：E0003，完成
2026-07-14 09:47:06 - ERROR - utils.multi_thread_parser - multi_thread_parser.py:64 - 解析多线程数据，模式：multi，工具ID：elint，casename：pcie，日期：20260513，规则：E0004，完成
2026-07-14 09:47:06 - ERROR - utils.multi_thread_parser - multi_thread_parser.py:64 - 解析多线程数据，模式：multi，工具ID：elint，casename：pcie，日期：20260513，规则：check_lint，完成
2026-07-14 09:47:06 - ERROR - utils.multi_thread_parser - multi_thread_parser.py:64 - 解析多线程数据，模式：multi，工具ID：elint，casename：pcie，日期：20260513，规则：Overall，完成
2026-07-14 09:47:06 - ERROR - utils.multi_thread_parser - multi_thread_parser.py:64 - 解析多线程数据，模式：multi，工具ID：elint，casename：pcie，日期：20260513，规则：read_design，完成
2026-07-14 09:47:06 - ERROR - utils.multi_thread_parser - multi_thread_parser.py:64 - 解析多线程数据，模式：multi，工具ID：elint，casename：pcie，日期：20260515，规则：E0001，完成
2026-07-14 09:47:06 - ERROR - utils.multi_thread_parser - multi_thread_parser.py:64 - 解析多线程数据，模式：multi，工具ID：elint，casename：pcie，日期：20260515，规则：E0002，完成
2026-07-14 09:47:06 - ERROR - utils.multi_thread_parser - multi_thread_parser.py:64 - 解析多线程数据，模式：multi，工具ID：elint，casename：pcie，日期：20260515，规则：E0003，完成
2026-07-14 09:47:06 - ERROR - utils.multi_thread_parser - multi_thread_parser.py:64 - 解析多线程数据，模式：multi，工具ID：elint，casename：pcie，日期：20260515，规则：E0004，完成
2026-07-14 09:47:06 - ERROR - utils.multi_thread_parser - multi_thread_parser.py:64 - 解析多线程数据，模式：multi，工具ID：elint，casename：pcie，日期：20260515，规则：check_lint，完成
2026-07-14 09:47:06 - ERROR - utils.multi_thread_parser - multi_thread_parser.py:64 - 解析多线程数据，模式：multi，工具ID：elint，casename：pcie，日期：20260515，规则：Overall，完成
2026-07-14 09:47:06 - ERROR - utils.multi_thread_parser - multi_thread_parser.py:64 - 解析多线程数据，模式：multi，工具ID：elint，casename：pcie，日期：20260515，规则：read_design，完成
2026-07-14 09:47:06 - ERROR - utils.multi_thread_parser - multi_thread_parser.py:64 - 解析多线程数据，模式：multi，工具ID：elint，casename：pcie，日期：20260516，规则：E0001，完成
2026-07-14 09:47:06 - ERROR - utils.multi_thread_parser - multi_thread_parser.py:64 - 解析多线程数据，模式：multi，工具ID：elint，casename：pcie，日期：20260516，规则：E0002，完成
2026-07-14 09:47:06 - ERROR - utils.multi_thread_parser - multi_thread_parser.py:64 - 解析多线程数据，模式：multi，工具ID：elint，casename：pcie，日期：20260516，规则：E0003，完成
2026-07-14 09:47:06 - ERROR - utils.multi_thread_parser - multi_thread_parser.py:64 - 解析多线程数据，模式：multi，工具ID：elint，casename：pcie，日期：20260516，规则：E0004，完成
2026-07-14 09:47:06 - ERROR - utils.multi_thread_parser - multi_thread_parser.py:64 - 解析多线程数据，模式：multi，工具ID：elint，casename：pcie，日期：20260516，规则：check_lint，完成
2026-07-14 09:47:06 - ERROR - utils.multi_thread_parser - multi_thread_parser.py:64 - 解析多线程数据，模式：multi，工具ID：elint，casename：pcie，日期：20260516，规则：Overall，完成
2026-07-14 09:47:06 - ERROR - utils.multi_thread_parser - multi_thread_parser.py:64 - 解析多线程数据，模式：multi，工具ID：elint，casename：pcie，日期：20260516，规则：read_design，完成
2026-07-14 09:47:06 - ERROR - utils.multi_thread_parser - multi_thread_parser.py:64 - 解析多线程数据，模式：multi，工具ID：elint，casename：pcie，日期：20260517，规则：E0001，完成
2026-07-14 09:47:06 - ERROR - utils.multi_thread_parser - multi_thread_parser.py:64 - 解析多线程数据，模式：multi，工具ID：elint，casename：pcie，日期：20260517，规则：E0002，完成
2026-07-14 09:47:06 - ERROR - utils.multi_thread_parser - multi_thread_parser.py:64 - 解析多线程数据，模式：multi，工具ID：elint，casename：pcie，日期：20260517，规则：E0003，完成
2026-07-14 09:47:06 - ERROR - utils.multi_thread_parser - multi_thread_parser.py:64 - 解析多线程数据，模式：multi，工具ID：elint，casename：pcie，日期：20260517，规则：E0004，完成
2026-07-14 09:47:06 - ERROR - utils.multi_thread_parser - multi_thread_parser.py:64 - 解析多线程数据，模式：multi，工具ID：elint，casename：pcie，日期：20260517，规则：check_lint，完成
2026-07-14 09:47:06 - ERROR - utils.multi_thread_parser - multi_thread_parser.py:64 - 解析多线程数据，模式：multi，工具ID：elint，casename：pcie，日期：20260517，规则：Overall，完成
2026-07-14 09:47:06 - ERROR - utils.multi_thread_parser - multi_thread_parser.py:64 - 解析多线程数据，模式：multi，工具ID：elint，casename：pcie，日期：20260517，规则：read_design，完成
2026-07-14 09:47:48 - ERROR - utils.multi_thread_parser - multi_thread_parser.py:86 - 解析多线程数据，casename：aes，日期：['20260511', '20260513', '20260515', '20260516', '20260517']
2026-07-14 09:47:48 - ERROR - utils.multi_thread_parser - multi_thread_parser.py:63 - 解析多线程数据，模式：multi，工具ID：elint，casename：aes，日期：20260511，规则：E0001，完成
2026-07-14 09:47:48 - ERROR - utils.multi_thread_parser - multi_thread_parser.py:63 - 解析多线程数据，模式：multi，工具ID：elint，casename：aes，日期：20260511，规则：E0002，完成
2026-07-14 09:47:48 - ERROR - utils.multi_thread_parser - multi_thread_parser.py:63 - 解析多线程数据，模式：multi，工具ID：elint，casename：aes，日期：20260511，规则：E0003，完成
2026-07-14 09:47:48 - ERROR - utils.multi_thread_parser - multi_thread_parser.py:63 - 解析多线程数据，模式：multi，工具ID：elint，casename：aes，日期：20260511，规则：E0004，完成
2026-07-14 09:47:48 - ERROR - utils.multi_thread_parser - multi_thread_parser.py:63 - 解析多线程数据，模式：multi，工具ID：elint，casename：aes，日期：20260511，规则：check_lint，完成
2026-07-14 09:47:48 - ERROR - utils.multi_thread_parser - multi_thread_parser.py:63 - 解析多线程数据，模式：multi，工具ID：elint，casename：aes，日期：20260511，规则：Overall，完成
2026-07-14 09:47:48 - ERROR - utils.multi_thread_parser - multi_thread_parser.py:63 - 解析多线程数据，模式：multi，工具ID：elint，casename：aes，日期：20260511，规则：read_design，完成
2026-07-14 09:47:48 - ERROR - utils.multi_thread_parser - multi_thread_parser.py:63 - 解析多线程数据，模式：multi，工具ID：elint，casename：aes，日期：20260511，规则：save_session，完成
2026-07-14 09:47:48 - ERROR - utils.multi_thread_parser - multi_thread_parser.py:63 - 解析多线程数据，模式：multi，工具ID：elint，casename：aes，日期：20260513，规则：E0001，完成
2026-07-14 09:47:48 - ERROR - utils.multi_thread_parser - multi_thread_parser.py:63 - 解析多线程数据，模式：multi，工具ID：elint，casename：aes，日期：20260513，规则：E0002，完成
2026-07-14 09:47:48 - ERROR - utils.multi_thread_parser - multi_thread_parser.py:63 - 解析多线程数据，模式：multi，工具ID：elint，casename：aes，日期：20260513，规则：E0003，完成
2026-07-14 09:47:48 - ERROR - utils.multi_thread_parser - multi_thread_parser.py:63 - 解析多线程数据，模式：multi，工具ID：elint，casename：aes，日期：20260513，规则：E0004，完成
2026-07-14 09:47:48 - ERROR - utils.multi_thread_parser - multi_thread_parser.py:63 - 解析多线程数据，模式：multi，工具ID：elint，casename：aes，日期：20260513，规则：check_lint，完成
2026-07-14 09:47:48 - ERROR - utils.multi_thread_parser - multi_thread_parser.py:63 - 解析多线程数据，模式：multi，工具ID：elint，casename：aes，日期：20260513，规则：Overall，完成
2026-07-14 09:47:48 - ERROR - utils.multi_thread_parser - multi_thread_parser.py:63 - 解析多线程数据，模式：multi，工具ID：elint，casename：aes，日期：20260513，规则：read_design，完成
2026-07-14 09:47:48 - ERROR - utils.multi_thread_parser - multi_thread_parser.py:63 - 解析多线程数据，模式：multi，工具ID：elint，casename：aes，日期：20260515，规则：E0001，完成
2026-07-14 09:47:48 - ERROR - utils.multi_thread_parser - multi_thread_parser.py:63 - 解析多线程数据，模式：multi，工具ID：elint，casename：aes，日期：20260515，规则：E0002，完成
2026-07-14 09:47:48 - ERROR - utils.multi_thread_parser - multi_thread_parser.py:63 - 解析多线程数据，模式：multi，工具ID：elint，casename：aes，日期：20260515，规则：E0003，完成
2026-07-14 09:47:48 - ERROR - utils.multi_thread_parser - multi_thread_parser.py:63 - 解析多线程数据，模式：multi，工具ID：elint，casename：aes，日期：20260515，规则：E0004，完成
2026-07-14 09:47:48 - ERROR - utils.multi_thread_parser - multi_thread_parser.py:63 - 解析多线程数据，模式：multi，工具ID：elint，casename：aes，日期：20260515，规则：check_lint，完成
2026-07-14 09:47:48 - ERROR - utils.multi_thread_parser - multi_thread_parser.py:63 - 解析多线程数据，模式：multi，工具ID：elint，casename：aes，日期：20260515，规则：Overall，完成
2026-07-14 09:47:48 - ERROR - utils.multi_thread_parser - multi_thread_parser.py:63 - 解析多线程数据，模式：multi，工具ID：elint，casename：aes，日期：20260515，规则：read_design，完成
2026-07-14 09:47:48 - ERROR - utils.multi_thread_parser - multi_thread_parser.py:63 - 解析多线程数据，模式：multi，工具ID：elint，casename：aes，日期：20260516，规则：E0001，完成
2026-07-14 09:47:48 - ERROR - utils.multi_thread_parser - multi_thread_parser.py:63 - 解析多线程数据，模式：multi，工具ID：elint，casename：aes，日期：20260516，规则：E0002，完成
2026-07-14 09:47:48 - ERROR - utils.multi_thread_parser - multi_thread_parser.py:63 - 解析多线程数据，模式：multi，工具ID：elint，casename：aes，日期：20260516，规则：E0003，完成
2026-07-14 09:47:48 - ERROR - utils.multi_thread_parser - multi_thread_parser.py:63 - 解析多线程数据，模式：multi，工具ID：elint，casename：aes，日期：20260516，规则：E0004，完成
2026-07-14 09:47:48 - ERROR - utils.multi_thread_parser - multi_thread_parser.py:63 - 解析多线程数据，模式：multi，工具ID：elint，casename：aes，日期：20260516，规则：check_lint，完成
2026-07-14 09:47:48 - ERROR - utils.multi_thread_parser - multi_thread_parser.py:63 - 解析多线程数据，模式：multi，工具ID：elint，casename：aes，日期：20260516，规则：Overall，完成
2026-07-14 09:47:48 - ERROR - utils.multi_thread_parser - multi_thread_parser.py:63 - 解析多线程数据，模式：multi，工具ID：elint，casename：aes，日期：20260516，规则：read_design，完成
2026-07-14 09:47:48 - ERROR - utils.multi_thread_parser - multi_thread_parser.py:63 - 解析多线程数据，模式：multi，工具ID：elint，casename：aes，日期：20260517，规则：E0001，完成
2026-07-14 09:47:48 - ERROR - utils.multi_thread_parser - multi_thread_parser.py:63 - 解析多线程数据，模式：multi，工具ID：elint，casename：aes，日期：20260517，规则：E0002，完成
2026-07-14 09:47:48 - ERROR - utils.multi_thread_parser - multi_thread_parser.py:63 - 解析多线程数据，模式：multi，工具ID：elint，casename：aes，日期：20260517，规则：E0003，完成
2026-07-14 09:47:48 - ERROR - utils.multi_thread_parser - multi_thread_parser.py:63 - 解析多线程数据，模式：multi，工具ID：elint，casename：aes，日期：20260517，规则：E0004，完成
2026-07-14 09:47:48 - ERROR - utils.multi_thread_parser - multi_thread_parser.py:63 - 解析多线程数据，模式：multi，工具ID：elint，casename：aes，日期：20260517，规则：check_lint，完成
2026-07-14 09:47:48 - ERROR - utils.multi_thread_parser - multi_thread_parser.py:63 - 解析多线程数据，模式：multi，工具ID：elint，casename：aes，日期：20260517，规则：Overall，完成
2026-07-14 09:47:48 - ERROR - utils.multi_thread_parser - multi_thread_parser.py:63 - 解析多线程数据，模式：multi，工具ID：elint，casename：aes，日期：20260517，规则：read_design，完成
2026-07-14 09:47:48 - ERROR - utils.multi_thread_parser - multi_thread_parser.py:86 - 解析多线程数据，casename：pcie，日期：['20260511', '20260513', '20260515', '20260516', '20260517']
2026-07-14 09:47:48 - ERROR - utils.multi_thread_parser - multi_thread_parser.py:63 - 解析多线程数据，模式：multi，工具ID：elint，casename：pcie，日期：20260511，规则：E0001，完成
2026-07-14 09:47:48 - ERROR - utils.multi_thread_parser - multi_thread_parser.py:63 - 解析多线程数据，模式：multi，工具ID：elint，casename：pcie，日期：20260511，规则：E0002，完成
2026-07-14 09:47:48 - ERROR - utils.multi_thread_parser - multi_thread_parser.py:63 - 解析多线程数据，模式：multi，工具ID：elint，casename：pcie，日期：20260511，规则：E0003，完成
2026-07-14 09:47:48 - ERROR - utils.multi_thread_parser - multi_thread_parser.py:63 - 解析多线程数据，模式：multi，工具ID：elint，casename：pcie，日期：20260511，规则：E0004，完成
2026-07-14 09:47:48 - ERROR - utils.multi_thread_parser - multi_thread_parser.py:63 - 解析多线程数据，模式：multi，工具ID：elint，casename：pcie，日期：20260511，规则：check_lint，完成
2026-07-14 09:47:48 - ERROR - utils.multi_thread_parser - multi_thread_parser.py:63 - 解析多线程数据，模式：multi，工具ID：elint，casename：pcie，日期：20260511，规则：Overall，完成
2026-07-14 09:47:48 - ERROR - utils.multi_thread_parser - multi_thread_parser.py:63 - 解析多线程数据，模式：multi，工具ID：elint，casename：pcie，日期：20260511，规则：read_design，完成
2026-07-14 09:47:48 - ERROR - utils.multi_thread_parser - multi_thread_parser.py:63 - 解析多线程数据，模式：multi，工具ID：elint，casename：pcie，日期：20260513，规则：E0001，完成
2026-07-14 09:47:48 - ERROR - utils.multi_thread_parser - multi_thread_parser.py:63 - 解析多线程数据，模式：multi，工具ID：elint，casename：pcie，日期：20260513，规则：E0002，完成
2026-07-14 09:47:48 - ERROR - utils.multi_thread_parser - multi_thread_parser.py:63 - 解析多线程数据，模式：multi，工具ID：elint，casename：pcie，日期：20260513，规则：E0003，完成
2026-07-14 09:47:48 - ERROR - utils.multi_thread_parser - multi_thread_parser.py:63 - 解析多线程数据，模式：multi，工具ID：elint，casename：pcie，日期：20260513，规则：E0004，完成
2026-07-14 09:47:48 - ERROR - utils.multi_thread_parser - multi_thread_parser.py:63 - 解析多线程数据，模式：multi，工具ID：elint，casename：pcie，日期：20260513，规则：check_lint，完成
2026-07-14 09:47:48 - ERROR - utils.multi_thread_parser - multi_thread_parser.py:63 - 解析多线程数据，模式：multi，工具ID：elint，casename：pcie，日期：20260513，规则：Overall，完成
2026-07-14 09:47:48 - ERROR - utils.multi_thread_parser - multi_thread_parser.py:63 - 解析多线程数据，模式：multi，工具ID：elint，casename：pcie，日期：20260513，规则：read_design，完成
2026-07-14 09:47:48 - ERROR - utils.multi_thread_parser - multi_thread_parser.py:63 - 解析多线程数据，模式：multi，工具ID：elint，casename：pcie，日期：20260515，规则：E0001，完成
2026-07-14 09:47:48 - ERROR - utils.multi_thread_parser - multi_thread_parser.py:63 - 解析多线程数据，模式：multi，工具ID：elint，casename：pcie，日期：20260515，规则：E0002，完成
2026-07-14 09:47:48 - ERROR - utils.multi_thread_parser - multi_thread_parser.py:63 - 解析多线程数据，模式：multi，工具ID：elint，casename：pcie，日期：20260515，规则：E0003，完成
2026-07-14 09:47:48 - ERROR - utils.multi_thread_parser - multi_thread_parser.py:63 - 解析多线程数据，模式：multi，工具ID：elint，casename：pcie，日期：20260515，规则：E0004，完成
2026-07-14 09:47:48 - ERROR - utils.multi_thread_parser - multi_thread_parser.py:63 - 解析多线程数据，模式：multi，工具ID：elint，casename：pcie，日期：20260515，规则：check_lint，完成
2026-07-14 09:47:48 - ERROR - utils.multi_thread_parser - multi_thread_parser.py:63 - 解析多线程数据，模式：multi，工具ID：elint，casename：pcie，日期：20260515，规则：Overall，完成
2026-07-14 09:47:48 - ERROR - utils.multi_thread_parser - multi_thread_parser.py:63 - 解析多线程数据，模式：multi，工具ID：elint，casename：pcie，日期：20260515，规则：read_design，完成
2026-07-14 09:47:48 - ERROR - utils.multi_thread_parser - multi_thread_parser.py:63 - 解析多线程数据，模式：multi，工具ID：elint，casename：pcie，日期：20260516，规则：E0001，完成
2026-07-14 09:47:48 - ERROR - utils.multi_thread_parser - multi_thread_parser.py:63 - 解析多线程数据，模式：multi，工具ID：elint，casename：pcie，日期：20260516，规则：E0002，完成
2026-07-14 09:47:48 - ERROR - utils.multi_thread_parser - multi_thread_parser.py:63 - 解析多线程数据，模式：multi，工具ID：elint，casename：pcie，日期：20260516，规则：E0003，完成
2026-07-14 09:47:48 - ERROR - utils.multi_thread_parser - multi_thread_parser.py:63 - 解析多线程数据，模式：multi，工具ID：elint，casename：pcie，日期：20260516，规则：E0004，完成
2026-07-14 09:47:48 - ERROR - utils.multi_thread_parser - multi_thread_parser.py:63 - 解析多线程数据，模式：multi，工具ID：elint，casename：pcie，日期：20260516，规则：check_lint，完成
2026-07-14 09:47:48 - ERROR - utils.multi_thread_parser - multi_thread_parser.py:63 - 解析多线程数据，模式：multi，工具ID：elint，casename：pcie，日期：20260516，规则：Overall，完成
2026-07-14 09:47:48 - ERROR - utils.multi_thread_parser - multi_thread_parser.py:63 - 解析多线程数据，模式：multi，工具ID：elint，casename：pcie，日期：20260516，规则：read_design，完成
2026-07-14 09:47:48 - ERROR - utils.multi_thread_parser - multi_thread_parser.py:63 - 解析多线程数据，模式：multi，工具ID：elint，casename：pcie，日期：20260517，规则：E0001，完成
2026-07-14 09:47:48 - ERROR - utils.multi_thread_parser - multi_thread_parser.py:63 - 解析多线程数据，模式：multi，工具ID：elint，casename：pcie，日期：20260517，规则：E0002，完成
2026-07-14 09:47:48 - ERROR - utils.multi_thread_parser - multi_thread_parser.py:63 - 解析多线程数据，模式：multi，工具ID：elint，casename：pcie，日期：20260517，规则：E0003，完成
2026-07-14 09:47:48 - ERROR - utils.multi_thread_parser - multi_thread_parser.py:63 - 解析多线程数据，模式：multi，工具ID：elint，casename：pcie，日期：20260517，规则：E0004，完成
2026-07-14 09:47:48 - ERROR - utils.multi_thread_parser - multi_thread_parser.py:63 - 解析多线程数据，模式：multi，工具ID：elint，casename：pcie，日期：20260517，规则：check_lint，完成
2026-07-14 09:47:48 - ERROR - utils.multi_thread_parser - multi_thread_parser.py:63 - 解析多线程数据，模式：multi，工具ID：elint，casename：pcie，日期：20260517，规则：Overall，完成
2026-07-14 09:47:48 - ERROR - utils.multi_thread_parser - multi_thread_parser.py:63 - 解析多线程数据，模式：multi，工具ID：elint，casename：pcie，日期：20260517，规则：read_design，完成
2026-07-14 09:48:32 - ERROR - utils.multi_thread_parser - multi_thread_parser.py:85 - 解析多线程数据，casename：aes，日期：['20260511', '20260513', '20260515', '20260516', '20260517']
2026-07-14 09:48:33 - ERROR - utils.multi_thread_parser - multi_thread_parser.py:85 - 解析多线程数据，casename：pcie，日期：['20260511', '20260513', '20260515', '20260516', '20260517']
2026-07-14 09:49:45 - ERROR - utils.multi_thread_parser - multi_thread_parser.py:128 - 解析线程数据，规则：E0001，线程：2，日期：20260511
2026-07-14 09:49:45 - ERROR - utils.multi_thread_parser - multi_thread_parser.py:128 - 解析线程数据，规则：E0001，线程：4，日期：20260511
2026-07-14 09:49:45 - ERROR - utils.multi_thread_parser - multi_thread_parser.py:128 - 解析线程数据，规则：E0001，线程：2，日期：20260511
2026-07-14 09:49:45 - ERROR - utils.multi_thread_parser - multi_thread_parser.py:128 - 解析线程数据，规则：E0001，线程：4，日期：20260511
2026-07-14 09:49:45 - ERROR - utils.multi_thread_parser - multi_thread_parser.py:128 - 解析线程数据，规则：E0002，线程：2，日期：20260511
2026-07-14 09:49:45 - ERROR - utils.multi_thread_parser - multi_thread_parser.py:128 - 解析线程数据，规则：E0002，线程：4，日期：20260511
2026-07-14 09:49:45 - ERROR - utils.multi_thread_parser - multi_thread_parser.py:128 - 解析线程数据，规则：E0002，线程：2，日期：20260511
2026-07-14 09:49:45 - ERROR - utils.multi_thread_parser - multi_thread_parser.py:128 - 解析线程数据，规则：E0002，线程：4，日期：20260511
2026-07-14 09:49:45 - ERROR - utils.multi_thread_parser - multi_thread_parser.py:128 - 解析线程数据，规则：E0003，线程：2，日期：20260511
2026-07-14 09:49:45 - ERROR - utils.multi_thread_parser - multi_thread_parser.py:128 - 解析线程数据，规则：E0003，线程：4，日期：20260511
2026-07-14 09:49:45 - ERROR - utils.multi_thread_parser - multi_thread_parser.py:128 - 解析线程数据，规则：E0003，线程：2，日期：20260511
2026-07-14 09:49:45 - ERROR - utils.multi_thread_parser - multi_thread_parser.py:128 - 解析线程数据，规则：E0003，线程：4，日期：20260511
2026-07-14 09:49:45 - ERROR - utils.multi_thread_parser - multi_thread_parser.py:128 - 解析线程数据，规则：E0004，线程：2，日期：20260511
2026-07-14 09:49:45 - ERROR - utils.multi_thread_parser - multi_thread_parser.py:128 - 解析线程数据，规则：E0004，线程：4，日期：20260511
2026-07-14 09:49:45 - ERROR - utils.multi_thread_parser - multi_thread_parser.py:128 - 解析线程数据，规则：E0004，线程：2，日期：20260511
2026-07-14 09:49:45 - ERROR - utils.multi_thread_parser - multi_thread_parser.py:128 - 解析线程数据，规则：E0004，线程：4，日期：20260511
2026-07-14 09:49:45 - ERROR - utils.multi_thread_parser - multi_thread_parser.py:128 - 解析线程数据，规则：check_lint，线程：2，日期：20260511
2026-07-14 09:49:45 - ERROR - utils.multi_thread_parser - multi_thread_parser.py:128 - 解析线程数据，规则：check_lint，线程：4，日期：20260511
2026-07-14 09:49:45 - ERROR - utils.multi_thread_parser - multi_thread_parser.py:128 - 解析线程数据，规则：check_lint，线程：2，日期：20260511
2026-07-14 09:49:45 - ERROR - utils.multi_thread_parser - multi_thread_parser.py:128 - 解析线程数据，规则：check_lint，线程：4，日期：20260511
2026-07-14 09:49:45 - ERROR - utils.multi_thread_parser - multi_thread_parser.py:128 - 解析线程数据，规则：Overall，线程：2，日期：20260511
2026-07-14 09:49:45 - ERROR - utils.multi_thread_parser - multi_thread_parser.py:128 - 解析线程数据，规则：Overall，线程：4，日期：20260511
2026-07-14 09:49:45 - ERROR - utils.multi_thread_parser - multi_thread_parser.py:128 - 解析线程数据，规则：Overall，线程：2，日期：20260511
2026-07-14 09:49:45 - ERROR - utils.multi_thread_parser - multi_thread_parser.py:128 - 解析线程数据，规则：Overall，线程：4，日期：20260511
2026-07-14 09:49:45 - ERROR - utils.multi_thread_parser - multi_thread_parser.py:128 - 解析线程数据，规则：read_design，线程：2，日期：20260511
2026-07-14 09:49:45 - ERROR - utils.multi_thread_parser - multi_thread_parser.py:128 - 解析线程数据，规则：read_design，线程：4，日期：20260511
2026-07-14 09:49:45 - ERROR - utils.multi_thread_parser - multi_thread_parser.py:128 - 解析线程数据，规则：read_design，线程：2，日期：20260511
2026-07-14 09:49:45 - ERROR - utils.multi_thread_parser - multi_thread_parser.py:128 - 解析线程数据，规则：read_design，线程：4，日期：20260511
2026-07-14 09:49:45 - ERROR - utils.multi_thread_parser - multi_thread_parser.py:128 - 解析线程数据，规则：save_session，线程：2，日期：20260511
2026-07-14 09:49:45 - ERROR - utils.multi_thread_parser - multi_thread_parser.py:128 - 解析线程数据，规则：save_session，线程：2，日期：20260511
2026-07-14 09:49:45 - ERROR - utils.multi_thread_parser - multi_thread_parser.py:128 - 解析线程数据，规则：E0001，线程：2，日期：20260513
2026-07-14 09:49:45 - ERROR - utils.multi_thread_parser - multi_thread_parser.py:128 - 解析线程数据，规则：E0001，线程：4，日期：20260513
2026-07-14 09:49:45 - ERROR - utils.multi_thread_parser - multi_thread_parser.py:128 - 解析线程数据，规则：E0001，线程：2，日期：20260513
2026-07-14 09:49:45 - ERROR - utils.multi_thread_parser - multi_thread_parser.py:128 - 解析线程数据，规则：E0001，线程：4，日期：20260513
2026-07-14 09:49:45 - ERROR - utils.multi_thread_parser - multi_thread_parser.py:128 - 解析线程数据，规则：E0002，线程：2，日期：20260513
2026-07-14 09:49:45 - ERROR - utils.multi_thread_parser - multi_thread_parser.py:128 - 解析线程数据，规则：E0002，线程：4，日期：20260513
2026-07-14 09:49:45 - ERROR - utils.multi_thread_parser - multi_thread_parser.py:128 - 解析线程数据，规则：E0002，线程：2，日期：20260513
2026-07-14 09:49:45 - ERROR - utils.multi_thread_parser - multi_thread_parser.py:128 - 解析线程数据，规则：E0002，线程：4，日期：20260513
2026-07-14 09:49:45 - ERROR - utils.multi_thread_parser - multi_thread_parser.py:128 - 解析线程数据，规则：E0003，线程：2，日期：20260513
2026-07-14 09:49:45 - ERROR - utils.multi_thread_parser - multi_thread_parser.py:128 - 解析线程数据，规则：E0003，线程：4，日期：20260513
2026-07-14 09:49:45 - ERROR - utils.multi_thread_parser - multi_thread_parser.py:128 - 解析线程数据，规则：E0003，线程：2，日期：20260513
2026-07-14 09:49:45 - ERROR - utils.multi_thread_parser - multi_thread_parser.py:128 - 解析线程数据，规则：E0003，线程：4，日期：20260513
2026-07-14 09:49:45 - ERROR - utils.multi_thread_parser - multi_thread_parser.py:128 - 解析线程数据，规则：E0004，线程：2，日期：20260513
2026-07-14 09:49:45 - ERROR - utils.multi_thread_parser - multi_thread_parser.py:128 - 解析线程数据，规则：E0004，线程：4，日期：20260513
2026-07-14 09:49:45 - ERROR - utils.multi_thread_parser - multi_thread_parser.py:128 - 解析线程数据，规则：E0004，线程：2，日期：20260513
2026-07-14 09:49:45 - ERROR - utils.multi_thread_parser - multi_thread_parser.py:128 - 解析线程数据，规则：E0004，线程：4，日期：20260513
2026-07-14 09:49:45 - ERROR - utils.multi_thread_parser - multi_thread_parser.py:128 - 解析线程数据，规则：check_lint，线程：2，日期：20260513
2026-07-14 09:49:45 - ERROR - utils.multi_thread_parser - multi_thread_parser.py:128 - 解析线程数据，规则：check_lint，线程：4，日期：20260513
2026-07-14 09:49:45 - ERROR - utils.multi_thread_parser - multi_thread_parser.py:128 - 解析线程数据，规则：check_lint，线程：2，日期：20260513
2026-07-14 09:49:45 - ERROR - utils.multi_thread_parser - multi_thread_parser.py:128 - 解析线程数据，规则：check_lint，线程：4，日期：20260513
2026-07-14 09:49:45 - ERROR - utils.multi_thread_parser - multi_thread_parser.py:128 - 解析线程数据，规则：Overall，线程：2，日期：20260513
2026-07-14 09:49:45 - ERROR - utils.multi_thread_parser - multi_thread_parser.py:128 - 解析线程数据，规则：Overall，线程：4，日期：20260513
2026-07-14 09:49:45 - ERROR - utils.multi_thread_parser - multi_thread_parser.py:128 - 解析线程数据，规则：Overall，线程：2，日期：20260513
2026-07-14 09:49:45 - ERROR - utils.multi_thread_parser - multi_thread_parser.py:128 - 解析线程数据，规则：Overall，线程：4，日期：20260513
2026-07-14 09:49:45 - ERROR - utils.multi_thread_parser - multi_thread_parser.py:128 - 解析线程数据，规则：read_design，线程：2，日期：20260513
2026-07-14 09:49:45 - ERROR - utils.multi_thread_parser - multi_thread_parser.py:128 - 解析线程数据，规则：read_design，线程：4，日期：20260513
2026-07-14 09:49:45 - ERROR - utils.multi_thread_parser - multi_thread_parser.py:128 - 解析线程数据，规则：read_design，线程：2，日期：20260513
2026-07-14 09:49:45 - ERROR - utils.multi_thread_parser - multi_thread_parser.py:128 - 解析线程数据，规则：read_design，线程：4，日期：20260513
2026-07-14 09:49:45 - ERROR - utils.multi_thread_parser - multi_thread_parser.py:128 - 解析线程数据，规则：E0001，线程：2，日期：20260515
2026-07-14 09:49:45 - ERROR - utils.multi_thread_parser - multi_thread_parser.py:128 - 解析线程数据，规则：E0001，线程：4，日期：20260515
2026-07-14 09:49:45 - ERROR - utils.multi_thread_parser - multi_thread_parser.py:128 - 解析线程数据，规则：E0001，线程：2，日期：20260515
2026-07-14 09:49:45 - ERROR - utils.multi_thread_parser - multi_thread_parser.py:128 - 解析线程数据，规则：E0001，线程：4，日期：20260515
2026-07-14 09:49:45 - ERROR - utils.multi_thread_parser - multi_thread_parser.py:128 - 解析线程数据，规则：E0002，线程：2，日期：20260515
2026-07-14 09:49:45 - ERROR - utils.multi_thread_parser - multi_thread_parser.py:128 - 解析线程数据，规则：E0002，线程：4，日期：20260515
2026-07-14 09:49:45 - ERROR - utils.multi_thread_parser - multi_thread_parser.py:128 - 解析线程数据，规则：E0002，线程：2，日期：20260515
2026-07-14 09:49:45 - ERROR - utils.multi_thread_parser - multi_thread_parser.py:128 - 解析线程数据，规则：E0002，线程：4，日期：20260515
2026-07-14 09:49:45 - ERROR - utils.multi_thread_parser - multi_thread_parser.py:128 - 解析线程数据，规则：E0003，线程：2，日期：20260515
2026-07-14 09:49:45 - ERROR - utils.multi_thread_parser - multi_thread_parser.py:128 - 解析线程数据，规则：E0003，线程：4，日期：20260515
2026-07-14 09:49:45 - ERROR - utils.multi_thread_parser - multi_thread_parser.py:128 - 解析线程数据，规则：E0003，线程：2，日期：20260515
2026-07-14 09:49:45 - ERROR - utils.multi_thread_parser - multi_thread_parser.py:128 - 解析线程数据，规则：E0003，线程：4，日期：20260515
2026-07-14 09:49:45 - ERROR - utils.multi_thread_parser - multi_thread_parser.py:128 - 解析线程数据，规则：E0004，线程：2，日期：20260515
2026-07-14 09:49:45 - ERROR - utils.multi_thread_parser - multi_thread_parser.py:128 - 解析线程数据，规则：E0004，线程：4，日期：20260515
2026-07-14 09:49:45 - ERROR - utils.multi_thread_parser - multi_thread_parser.py:128 - 解析线程数据，规则：E0004，线程：2，日期：20260515
2026-07-14 09:49:45 - ERROR - utils.multi_thread_parser - multi_thread_parser.py:128 - 解析线程数据，规则：E0004，线程：4，日期：20260515
2026-07-14 09:49:45 - ERROR - utils.multi_thread_parser - multi_thread_parser.py:128 - 解析线程数据，规则：check_lint，线程：4，日期：20260515
2026-07-14 09:49:45 - ERROR - utils.multi_thread_parser - multi_thread_parser.py:128 - 解析线程数据，规则：check_lint，线程：4，日期：20260515
2026-07-14 09:49:45 - ERROR - utils.multi_thread_parser - multi_thread_parser.py:128 - 解析线程数据，规则：Overall，线程：4，日期：20260515
2026-07-14 09:49:45 - ERROR - utils.multi_thread_parser - multi_thread_parser.py:128 - 解析线程数据，规则：Overall，线程：4，日期：20260515
2026-07-14 09:49:45 - ERROR - utils.multi_thread_parser - multi_thread_parser.py:128 - 解析线程数据，规则：read_design，线程：4，日期：20260515
2026-07-14 09:49:45 - ERROR - utils.multi_thread_parser - multi_thread_parser.py:128 - 解析线程数据，规则：read_design，线程：4，日期：20260515
2026-07-14 09:49:45 - ERROR - utils.multi_thread_parser - multi_thread_parser.py:128 - 解析线程数据，规则：E0001，线程：2，日期：20260516
2026-07-14 09:49:45 - ERROR - utils.multi_thread_parser - multi_thread_parser.py:128 - 解析线程数据，规则：E0001，线程：4，日期：20260516
2026-07-14 09:49:45 - ERROR - utils.multi_thread_parser - multi_thread_parser.py:128 - 解析线程数据，规则：E0001，线程：2，日期：20260516
2026-07-14 09:49:45 - ERROR - utils.multi_thread_parser - multi_thread_parser.py:128 - 解析线程数据，规则：E0001，线程：4，日期：20260516
2026-07-14 09:49:45 - ERROR - utils.multi_thread_parser - multi_thread_parser.py:128 - 解析线程数据，规则：E0002，线程：2，日期：20260516
2026-07-14 09:49:45 - ERROR - utils.multi_thread_parser - multi_thread_parser.py:128 - 解析线程数据，规则：E0002，线程：4，日期：20260516
2026-07-14 09:49:45 - ERROR - utils.multi_thread_parser - multi_thread_parser.py:128 - 解析线程数据，规则：E0002，线程：2，日期：20260516
2026-07-14 09:49:45 - ERROR - utils.multi_thread_parser - multi_thread_parser.py:128 - 解析线程数据，规则：E0002，线程：4，日期：20260516
2026-07-14 09:49:45 - ERROR - utils.multi_thread_parser - multi_thread_parser.py:128 - 解析线程数据，规则：E0003，线程：2，日期：20260516
2026-07-14 09:49:45 - ERROR - utils.multi_thread_parser - multi_thread_parser.py:128 - 解析线程数据，规则：E0003，线程：4，日期：20260516
2026-07-14 09:49:45 - ERROR - utils.multi_thread_parser - multi_thread_parser.py:128 - 解析线程数据，规则：E0003，线程：2，日期：20260516
2026-07-14 09:49:45 - ERROR - utils.multi_thread_parser - multi_thread_parser.py:128 - 解析线程数据，规则：E0003，线程：4，日期：20260516
2026-07-14 09:49:45 - ERROR - utils.multi_thread_parser - multi_thread_parser.py:128 - 解析线程数据，规则：E0004，线程：2，日期：20260516
2026-07-14 09:49:45 - ERROR - utils.multi_thread_parser - multi_thread_parser.py:128 - 解析线程数据，规则：E0004，线程：4，日期：20260516
2026-07-14 09:49:45 - ERROR - utils.multi_thread_parser - multi_thread_parser.py:128 - 解析线程数据，规则：E0004，线程：2，日期：20260516
2026-07-14 09:49:45 - ERROR - utils.multi_thread_parser - multi_thread_parser.py:128 - 解析线程数据，规则：E0004，线程：4，日期：20260516
2026-07-14 09:49:45 - ERROR - utils.multi_thread_parser - multi_thread_parser.py:128 - 解析线程数据，规则：check_lint，线程：4，日期：20260516
2026-07-14 09:49:45 - ERROR - utils.multi_thread_parser - multi_thread_parser.py:128 - 解析线程数据，规则：check_lint，线程：4，日期：20260516
2026-07-14 09:49:45 - ERROR - utils.multi_thread_parser - multi_thread_parser.py:128 - 解析线程数据，规则：Overall，线程：4，日期：20260516
2026-07-14 09:49:45 - ERROR - utils.multi_thread_parser - multi_thread_parser.py:128 - 解析线程数据，规则：Overall，线程：4，日期：20260516
2026-07-14 09:49:45 - ERROR - utils.multi_thread_parser - multi_thread_parser.py:128 - 解析线程数据，规则：read_design，线程：4，日期：20260516
2026-07-14 09:49:45 - ERROR - utils.multi_thread_parser - multi_thread_parser.py:128 - 解析线程数据，规则：read_design，线程：4，日期：20260516
2026-07-14 09:49:45 - ERROR - utils.multi_thread_parser - multi_thread_parser.py:128 - 解析线程数据，规则：E0001，线程：2，日期：20260517
2026-07-14 09:49:45 - ERROR - utils.multi_thread_parser - multi_thread_parser.py:128 - 解析线程数据，规则：E0001，线程：4，日期：20260517
2026-07-14 09:49:45 - ERROR - utils.multi_thread_parser - multi_thread_parser.py:128 - 解析线程数据，规则：E0001，线程：2，日期：20260517
2026-07-14 09:49:45 - ERROR - utils.multi_thread_parser - multi_thread_parser.py:128 - 解析线程数据，规则：E0001，线程：4，日期：20260517
2026-07-14 09:49:45 - ERROR - utils.multi_thread_parser - multi_thread_parser.py:128 - 解析线程数据，规则：E0002，线程：2，日期：20260517
2026-07-14 09:49:45 - ERROR - utils.multi_thread_parser - multi_thread_parser.py:128 - 解析线程数据，规则：E0002，线程：4，日期：20260517
2026-07-14 09:49:45 - ERROR - utils.multi_thread_parser - multi_thread_parser.py:128 - 解析线程数据，规则：E0002，线程：2，日期：20260517
2026-07-14 09:49:45 - ERROR - utils.multi_thread_parser - multi_thread_parser.py:128 - 解析线程数据，规则：E0002，线程：4，日期：20260517
2026-07-14 09:49:45 - ERROR - utils.multi_thread_parser - multi_thread_parser.py:128 - 解析线程数据，规则：E0003，线程：2，日期：20260517
2026-07-14 09:49:45 - ERROR - utils.multi_thread_parser - multi_thread_parser.py:128 - 解析线程数据，规则：E0003，线程：4，日期：20260517
2026-07-14 09:49:45 - ERROR - utils.multi_thread_parser - multi_thread_parser.py:128 - 解析线程数据，规则：E0003，线程：2，日期：20260517
2026-07-14 09:49:45 - ERROR - utils.multi_thread_parser - multi_thread_parser.py:128 - 解析线程数据，规则：E0003，线程：4，日期：20260517
2026-07-14 09:49:45 - ERROR - utils.multi_thread_parser - multi_thread_parser.py:128 - 解析线程数据，规则：E0004，线程：2，日期：20260517
2026-07-14 09:49:45 - ERROR - utils.multi_thread_parser - multi_thread_parser.py:128 - 解析线程数据，规则：E0004，线程：4，日期：20260517
2026-07-14 09:49:45 - ERROR - utils.multi_thread_parser - multi_thread_parser.py:128 - 解析线程数据，规则：E0004，线程：2，日期：20260517
2026-07-14 09:49:45 - ERROR - utils.multi_thread_parser - multi_thread_parser.py:128 - 解析线程数据，规则：E0004，线程：4，日期：20260517
2026-07-14 09:49:45 - ERROR - utils.multi_thread_parser - multi_thread_parser.py:128 - 解析线程数据，规则：check_lint，线程：4，日期：20260517
2026-07-14 09:49:45 - ERROR - utils.multi_thread_parser - multi_thread_parser.py:128 - 解析线程数据，规则：check_lint，线程：4，日期：20260517
2026-07-14 09:49:45 - ERROR - utils.multi_thread_parser - multi_thread_parser.py:128 - 解析线程数据，规则：Overall，线程：4，日期：20260517
2026-07-14 09:49:45 - ERROR - utils.multi_thread_parser - multi_thread_parser.py:128 - 解析线程数据，规则：Overall，线程：4，日期：20260517
2026-07-14 09:49:45 - ERROR - utils.multi_thread_parser - multi_thread_parser.py:128 - 解析线程数据，规则：read_design，线程：4，日期：20260517
2026-07-14 09:49:45 - ERROR - utils.multi_thread_parser - multi_thread_parser.py:128 - 解析线程数据，规则：read_design，线程：4，日期：20260517
2026-07-14 09:49:45 - ERROR - utils.multi_thread_parser - multi_thread_parser.py:128 - 解析线程数据，规则：E0001，线程：2，日期：20260511
2026-07-14 09:49:45 - ERROR - utils.multi_thread_parser - multi_thread_parser.py:128 - 解析线程数据，规则：E0001，线程：4，日期：20260511
2026-07-14 09:49:45 - ERROR - utils.multi_thread_parser - multi_thread_parser.py:128 - 解析线程数据，规则：E0001，线程：2，日期：20260511
2026-07-14 09:49:45 - ERROR - utils.multi_thread_parser - multi_thread_parser.py:128 - 解析线程数据，规则：E0001，线程：4，日期：20260511
2026-07-14 09:49:45 - ERROR - utils.multi_thread_parser - multi_thread_parser.py:128 - 解析线程数据，规则：E0002，线程：2，日期：20260511
2026-07-14 09:49:45 - ERROR - utils.multi_thread_parser - multi_thread_parser.py:128 - 解析线程数据，规则：E0002，线程：4，日期：20260511
2026-07-14 09:49:45 - ERROR - utils.multi_thread_parser - multi_thread_parser.py:128 - 解析线程数据，规则：E0002，线程：2，日期：20260511
2026-07-14 09:49:45 - ERROR - utils.multi_thread_parser - multi_thread_parser.py:128 - 解析线程数据，规则：E0002，线程：4，日期：20260511
2026-07-14 09:49:45 - ERROR - utils.multi_thread_parser - multi_thread_parser.py:128 - 解析线程数据，规则：E0003，线程：2，日期：20260511
2026-07-14 09:49:45 - ERROR - utils.multi_thread_parser - multi_thread_parser.py:128 - 解析线程数据，规则：E0003，线程：4，日期：20260511
2026-07-14 09:49:45 - ERROR - utils.multi_thread_parser - multi_thread_parser.py:128 - 解析线程数据，规则：E0003，线程：2，日期：20260511
2026-07-14 09:49:45 - ERROR - utils.multi_thread_parser - multi_thread_parser.py:128 - 解析线程数据，规则：E0003，线程：4，日期：20260511
2026-07-14 09:49:45 - ERROR - utils.multi_thread_parser - multi_thread_parser.py:128 - 解析线程数据，规则：E0004，线程：2，日期：20260511
2026-07-14 09:49:45 - ERROR - utils.multi_thread_parser - multi_thread_parser.py:128 - 解析线程数据，规则：E0004，线程：4，日期：20260511
2026-07-14 09:49:45 - ERROR - utils.multi_thread_parser - multi_thread_parser.py:128 - 解析线程数据，规则：E0004，线程：2，日期：20260511
2026-07-14 09:49:45 - ERROR - utils.multi_thread_parser - multi_thread_parser.py:128 - 解析线程数据，规则：E0004，线程：4，日期：20260511
2026-07-14 09:49:45 - ERROR - utils.multi_thread_parser - multi_thread_parser.py:128 - 解析线程数据，规则：check_lint，线程：2，日期：20260511
2026-07-14 09:49:45 - ERROR - utils.multi_thread_parser - multi_thread_parser.py:128 - 解析线程数据，规则：check_lint，线程：4，日期：20260511
2026-07-14 09:49:45 - ERROR - utils.multi_thread_parser - multi_thread_parser.py:128 - 解析线程数据，规则：check_lint，线程：2，日期：20260511
2026-07-14 09:49:45 - ERROR - utils.multi_thread_parser - multi_thread_parser.py:128 - 解析线程数据，规则：check_lint，线程：4，日期：20260511
2026-07-14 09:49:45 - ERROR - utils.multi_thread_parser - multi_thread_parser.py:128 - 解析线程数据，规则：Overall，线程：2，日期：20260511
2026-07-14 09:49:45 - ERROR - utils.multi_thread_parser - multi_thread_parser.py:128 - 解析线程数据，规则：Overall，线程：4，日期：20260511
2026-07-14 09:49:45 - ERROR - utils.multi_thread_parser - multi_thread_parser.py:128 - 解析线程数据，规则：Overall，线程：2，日期：20260511
2026-07-14 09:49:45 - ERROR - utils.multi_thread_parser - multi_thread_parser.py:128 - 解析线程数据，规则：Overall，线程：4，日期：20260511
2026-07-14 09:49:45 - ERROR - utils.multi_thread_parser - multi_thread_parser.py:128 - 解析线程数据，规则：read_design，线程：2，日期：20260511
2026-07-14 09:49:45 - ERROR - utils.multi_thread_parser - multi_thread_parser.py:128 - 解析线程数据，规则：read_design，线程：4，日期：20260511
2026-07-14 09:49:45 - ERROR - utils.multi_thread_parser - multi_thread_parser.py:128 - 解析线程数据，规则：read_design，线程：2，日期：20260511
2026-07-14 09:49:45 - ERROR - utils.multi_thread_parser - multi_thread_parser.py:128 - 解析线程数据，规则：read_design，线程：4，日期：20260511
2026-07-14 09:49:45 - ERROR - utils.multi_thread_parser - multi_thread_parser.py:128 - 解析线程数据，规则：E0001，线程：2，日期：20260513
2026-07-14 09:49:45 - ERROR - utils.multi_thread_parser - multi_thread_parser.py:128 - 解析线程数据，规则：E0001，线程：4，日期：20260513
2026-07-14 09:49:45 - ERROR - utils.multi_thread_parser - multi_thread_parser.py:128 - 解析线程数据，规则：E0001，线程：2，日期：20260513
2026-07-14 09:49:45 - ERROR - utils.multi_thread_parser - multi_thread_parser.py:128 - 解析线程数据，规则：E0001，线程：4，日期：20260513
2026-07-14 09:49:45 - ERROR - utils.multi_thread_parser - multi_thread_parser.py:128 - 解析线程数据，规则：E0002，线程：2，日期：20260513
2026-07-14 09:49:45 - ERROR - utils.multi_thread_parser - multi_thread_parser.py:128 - 解析线程数据，规则：E0002，线程：4，日期：20260513
2026-07-14 09:49:45 - ERROR - utils.multi_thread_parser - multi_thread_parser.py:128 - 解析线程数据，规则：E0002，线程：2，日期：20260513
2026-07-14 09:49:45 - ERROR - utils.multi_thread_parser - multi_thread_parser.py:128 - 解析线程数据，规则：E0002，线程：4，日期：20260513
2026-07-14 09:49:45 - ERROR - utils.multi_thread_parser - multi_thread_parser.py:128 - 解析线程数据，规则：E0003，线程：2，日期：20260513
2026-07-14 09:49:45 - ERROR - utils.multi_thread_parser - multi_thread_parser.py:128 - 解析线程数据，规则：E0003，线程：4，日期：20260513
2026-07-14 09:49:45 - ERROR - utils.multi_thread_parser - multi_thread_parser.py:128 - 解析线程数据，规则：E0003，线程：2，日期：20260513
2026-07-14 09:49:45 - ERROR - utils.multi_thread_parser - multi_thread_parser.py:128 - 解析线程数据，规则：E0003，线程：4，日期：20260513
2026-07-14 09:49:45 - ERROR - utils.multi_thread_parser - multi_thread_parser.py:128 - 解析线程数据，规则：E0004，线程：2，日期：20260513
2026-07-14 09:49:45 - ERROR - utils.multi_thread_parser - multi_thread_parser.py:128 - 解析线程数据，规则：E0004，线程：4，日期：20260513
2026-07-14 09:49:45 - ERROR - utils.multi_thread_parser - multi_thread_parser.py:128 - 解析线程数据，规则：E0004，线程：2，日期：20260513
2026-07-14 09:49:45 - ERROR - utils.multi_thread_parser - multi_thread_parser.py:128 - 解析线程数据，规则：E0004，线程：4，日期：20260513
2026-07-14 09:49:45 - ERROR - utils.multi_thread_parser - multi_thread_parser.py:128 - 解析线程数据，规则：check_lint，线程：2，日期：20260513
2026-07-14 09:49:45 - ERROR - utils.multi_thread_parser - multi_thread_parser.py:128 - 解析线程数据，规则：check_lint，线程：4，日期：20260513
2026-07-14 09:49:45 - ERROR - utils.multi_thread_parser - multi_thread_parser.py:128 - 解析线程数据，规则：check_lint，线程：2，日期：20260513
2026-07-14 09:49:45 - ERROR - utils.multi_thread_parser - multi_thread_parser.py:128 - 解析线程数据，规则：check_lint，线程：4，日期：20260513
2026-07-14 09:49:45 - ERROR - utils.multi_thread_parser - multi_thread_parser.py:128 - 解析线程数据，规则：Overall，线程：2，日期：20260513
2026-07-14 09:49:45 - ERROR - utils.multi_thread_parser - multi_thread_parser.py:128 - 解析线程数据，规则：Overall，线程：4，日期：20260513
2026-07-14 09:49:45 - ERROR - utils.multi_thread_parser - multi_thread_parser.py:128 - 解析线程数据，规则：Overall，线程：2，日期：20260513
2026-07-14 09:49:45 - ERROR - utils.multi_thread_parser - multi_thread_parser.py:128 - 解析线程数据，规则：Overall，线程：4，日期：20260513
2026-07-14 09:49:45 - ERROR - utils.multi_thread_parser - multi_thread_parser.py:128 - 解析线程数据，规则：read_design，线程：2，日期：20260513
2026-07-14 09:49:45 - ERROR - utils.multi_thread_parser - multi_thread_parser.py:128 - 解析线程数据，规则：read_design，线程：4，日期：20260513
2026-07-14 09:49:45 - ERROR - utils.multi_thread_parser - multi_thread_parser.py:128 - 解析线程数据，规则：read_design，线程：2，日期：20260513
2026-07-14 09:49:45 - ERROR - utils.multi_thread_parser - multi_thread_parser.py:128 - 解析线程数据，规则：read_design，线程：4，日期：20260513
2026-07-14 09:49:45 - ERROR - utils.multi_thread_parser - multi_thread_parser.py:128 - 解析线程数据，规则：E0001，线程：2，日期：20260515
2026-07-14 09:49:45 - ERROR - utils.multi_thread_parser - multi_thread_parser.py:128 - 解析线程数据，规则：E0001，线程：4，日期：20260515
2026-07-14 09:49:45 - ERROR - utils.multi_thread_parser - multi_thread_parser.py:128 - 解析线程数据，规则：E0001，线程：2，日期：20260515
2026-07-14 09:49:45 - ERROR - utils.multi_thread_parser - multi_thread_parser.py:128 - 解析线程数据，规则：E0001，线程：4，日期：20260515
2026-07-14 09:49:45 - ERROR - utils.multi_thread_parser - multi_thread_parser.py:128 - 解析线程数据，规则：E0002，线程：2，日期：20260515
2026-07-14 09:49:45 - ERROR - utils.multi_thread_parser - multi_thread_parser.py:128 - 解析线程数据，规则：E0002，线程：4，日期：20260515
2026-07-14 09:49:45 - ERROR - utils.multi_thread_parser - multi_thread_parser.py:128 - 解析线程数据，规则：E0002，线程：2，日期：20260515
2026-07-14 09:49:45 - ERROR - utils.multi_thread_parser - multi_thread_parser.py:128 - 解析线程数据，规则：E0002，线程：4，日期：20260515
2026-07-14 09:49:45 - ERROR - utils.multi_thread_parser - multi_thread_parser.py:128 - 解析线程数据，规则：E0003，线程：2，日期：20260515
2026-07-14 09:49:45 - ERROR - utils.multi_thread_parser - multi_thread_parser.py:128 - 解析线程数据，规则：E0003，线程：4，日期：20260515
2026-07-14 09:49:45 - ERROR - utils.multi_thread_parser - multi_thread_parser.py:128 - 解析线程数据，规则：E0003，线程：2，日期：20260515
2026-07-14 09:49:45 - ERROR - utils.multi_thread_parser - multi_thread_parser.py:128 - 解析线程数据，规则：E0003，线程：4，日期：20260515
2026-07-14 09:49:45 - ERROR - utils.multi_thread_parser - multi_thread_parser.py:128 - 解析线程数据，规则：E0004，线程：2，日期：20260515
2026-07-14 09:49:45 - ERROR - utils.multi_thread_parser - multi_thread_parser.py:128 - 解析线程数据，规则：E0004，线程：4，日期：20260515
2026-07-14 09:49:45 - ERROR - utils.multi_thread_parser - multi_thread_parser.py:128 - 解析线程数据，规则：E0004，线程：2，日期：20260515
2026-07-14 09:49:45 - ERROR - utils.multi_thread_parser - multi_thread_parser.py:128 - 解析线程数据，规则：E0004，线程：4，日期：20260515
2026-07-14 09:49:45 - ERROR - utils.multi_thread_parser - multi_thread_parser.py:128 - 解析线程数据，规则：check_lint，线程：2，日期：20260515
2026-07-14 09:49:45 - ERROR - utils.multi_thread_parser - multi_thread_parser.py:128 - 解析线程数据，规则：check_lint，线程：4，日期：20260515
2026-07-14 09:49:45 - ERROR - utils.multi_thread_parser - multi_thread_parser.py:128 - 解析线程数据，规则：check_lint，线程：2，日期：20260515
2026-07-14 09:49:45 - ERROR - utils.multi_thread_parser - multi_thread_parser.py:128 - 解析线程数据，规则：check_lint，线程：4，日期：20260515
2026-07-14 09:49:45 - ERROR - utils.multi_thread_parser - multi_thread_parser.py:128 - 解析线程数据，规则：Overall，线程：2，日期：20260515
2026-07-14 09:49:45 - ERROR - utils.multi_thread_parser - multi_thread_parser.py:128 - 解析线程数据，规则：Overall，线程：4，日期：20260515
2026-07-14 09:49:45 - ERROR - utils.multi_thread_parser - multi_thread_parser.py:128 - 解析线程数据，规则：Overall，线程：2，日期：20260515
2026-07-14 09:49:45 - ERROR - utils.multi_thread_parser - multi_thread_parser.py:128 - 解析线程数据，规则：Overall，线程：4，日期：20260515
2026-07-14 09:49:45 - ERROR - utils.multi_thread_parser - multi_thread_parser.py:128 - 解析线程数据，规则：read_design，线程：2，日期：20260515
2026-07-14 09:49:45 - ERROR - utils.multi_thread_parser - multi_thread_parser.py:128 - 解析线程数据，规则：read_design，线程：4，日期：20260515
2026-07-14 09:49:45 - ERROR - utils.multi_thread_parser - multi_thread_parser.py:128 - 解析线程数据，规则：read_design，线程：2，日期：20260515
2026-07-14 09:49:45 - ERROR - utils.multi_thread_parser - multi_thread_parser.py:128 - 解析线程数据，规则：read_design，线程：4，日期：20260515
2026-07-14 09:49:45 - ERROR - utils.multi_thread_parser - multi_thread_parser.py:128 - 解析线程数据，规则：E0001，线程：2，日期：20260516
2026-07-14 09:49:45 - ERROR - utils.multi_thread_parser - multi_thread_parser.py:128 - 解析线程数据，规则：E0001，线程：4，日期：20260516
2026-07-14 09:49:45 - ERROR - utils.multi_thread_parser - multi_thread_parser.py:128 - 解析线程数据，规则：E0001，线程：2，日期：20260516
2026-07-14 09:49:45 - ERROR - utils.multi_thread_parser - multi_thread_parser.py:128 - 解析线程数据，规则：E0001，线程：4，日期：20260516
2026-07-14 09:49:45 - ERROR - utils.multi_thread_parser - multi_thread_parser.py:128 - 解析线程数据，规则：E0002，线程：2，日期：20260516
2026-07-14 09:49:45 - ERROR - utils.multi_thread_parser - multi_thread_parser.py:128 - 解析线程数据，规则：E0002，线程：4，日期：20260516
2026-07-14 09:49:45 - ERROR - utils.multi_thread_parser - multi_thread_parser.py:128 - 解析线程数据，规则：E0002，线程：2，日期：20260516
2026-07-14 09:49:45 - ERROR - utils.multi_thread_parser - multi_thread_parser.py:128 - 解析线程数据，规则：E0002，线程：4，日期：20260516
2026-07-14 09:49:45 - ERROR - utils.multi_thread_parser - multi_thread_parser.py:128 - 解析线程数据，规则：E0003，线程：2，日期：20260516
2026-07-14 09:49:45 - ERROR - utils.multi_thread_parser - multi_thread_parser.py:128 - 解析线程数据，规则：E0003，线程：4，日期：20260516
2026-07-14 09:49:45 - ERROR - utils.multi_thread_parser - multi_thread_parser.py:128 - 解析线程数据，规则：E0003，线程：2，日期：20260516
2026-07-14 09:49:45 - ERROR - utils.multi_thread_parser - multi_thread_parser.py:128 - 解析线程数据，规则：E0003，线程：4，日期：20260516
2026-07-14 09:49:45 - ERROR - utils.multi_thread_parser - multi_thread_parser.py:128 - 解析线程数据，规则：E0004，线程：2，日期：20260516
2026-07-14 09:49:45 - ERROR - utils.multi_thread_parser - multi_thread_parser.py:128 - 解析线程数据，规则：E0004，线程：4，日期：20260516
2026-07-14 09:49:45 - ERROR - utils.multi_thread_parser - multi_thread_parser.py:128 - 解析线程数据，规则：E0004，线程：2，日期：20260516
2026-07-14 09:49:45 - ERROR - utils.multi_thread_parser - multi_thread_parser.py:128 - 解析线程数据，规则：E0004，线程：4，日期：20260516
2026-07-14 09:49:45 - ERROR - utils.multi_thread_parser - multi_thread_parser.py:128 - 解析线程数据，规则：check_lint，线程：2，日期：20260516
2026-07-14 09:49:45 - ERROR - utils.multi_thread_parser - multi_thread_parser.py:128 - 解析线程数据，规则：check_lint，线程：4，日期：20260516
2026-07-14 09:49:45 - ERROR - utils.multi_thread_parser - multi_thread_parser.py:128 - 解析线程数据，规则：check_lint，线程：2，日期：20260516
2026-07-14 09:49:45 - ERROR - utils.multi_thread_parser - multi_thread_parser.py:128 - 解析线程数据，规则：check_lint，线程：4，日期：20260516
2026-07-14 09:49:45 - ERROR - utils.multi_thread_parser - multi_thread_parser.py:128 - 解析线程数据，规则：Overall，线程：2，日期：20260516
2026-07-14 09:49:45 - ERROR - utils.multi_thread_parser - multi_thread_parser.py:128 - 解析线程数据，规则：Overall，线程：4，日期：20260516
2026-07-14 09:49:45 - ERROR - utils.multi_thread_parser - multi_thread_parser.py:128 - 解析线程数据，规则：Overall，线程：2，日期：20260516
2026-07-14 09:49:45 - ERROR - utils.multi_thread_parser - multi_thread_parser.py:128 - 解析线程数据，规则：Overall，线程：4，日期：20260516
2026-07-14 09:49:45 - ERROR - utils.multi_thread_parser - multi_thread_parser.py:128 - 解析线程数据，规则：read_design，线程：2，日期：20260516
2026-07-14 09:49:45 - ERROR - utils.multi_thread_parser - multi_thread_parser.py:128 - 解析线程数据，规则：read_design，线程：4，日期：20260516
2026-07-14 09:49:45 - ERROR - utils.multi_thread_parser - multi_thread_parser.py:128 - 解析线程数据，规则：read_design，线程：2，日期：20260516
2026-07-14 09:49:45 - ERROR - utils.multi_thread_parser - multi_thread_parser.py:128 - 解析线程数据，规则：read_design，线程：4，日期：20260516
2026-07-14 09:49:45 - ERROR - utils.multi_thread_parser - multi_thread_parser.py:128 - 解析线程数据，规则：E0001，线程：2，日期：20260517
2026-07-14 09:49:45 - ERROR - utils.multi_thread_parser - multi_thread_parser.py:128 - 解析线程数据，规则：E0001，线程：4，日期：20260517
2026-07-14 09:49:45 - ERROR - utils.multi_thread_parser - multi_thread_parser.py:128 - 解析线程数据，规则：E0001，线程：2，日期：20260517
2026-07-14 09:49:45 - ERROR - utils.multi_thread_parser - multi_thread_parser.py:128 - 解析线程数据，规则：E0001，线程：4，日期：20260517
2026-07-14 09:49:45 - ERROR - utils.multi_thread_parser - multi_thread_parser.py:128 - 解析线程数据，规则：E0002，线程：2，日期：20260517
2026-07-14 09:49:45 - ERROR - utils.multi_thread_parser - multi_thread_parser.py:128 - 解析线程数据，规则：E0002，线程：4，日期：20260517
2026-07-14 09:49:45 - ERROR - utils.multi_thread_parser - multi_thread_parser.py:128 - 解析线程数据，规则：E0002，线程：2，日期：20260517
2026-07-14 09:49:45 - ERROR - utils.multi_thread_parser - multi_thread_parser.py:128 - 解析线程数据，规则：E0002，线程：4，日期：20260517
2026-07-14 09:49:45 - ERROR - utils.multi_thread_parser - multi_thread_parser.py:128 - 解析线程数据，规则：E0003，线程：2，日期：20260517
2026-07-14 09:49:45 - ERROR - utils.multi_thread_parser - multi_thread_parser.py:128 - 解析线程数据，规则：E0003，线程：4，日期：20260517
2026-07-14 09:49:45 - ERROR - utils.multi_thread_parser - multi_thread_parser.py:128 - 解析线程数据，规则：E0003，线程：2，日期：20260517
2026-07-14 09:49:45 - ERROR - utils.multi_thread_parser - multi_thread_parser.py:128 - 解析线程数据，规则：E0003，线程：4，日期：20260517
2026-07-14 09:49:45 - ERROR - utils.multi_thread_parser - multi_thread_parser.py:128 - 解析线程数据，规则：E0004，线程：2，日期：20260517
2026-07-14 09:49:45 - ERROR - utils.multi_thread_parser - multi_thread_parser.py:128 - 解析线程数据，规则：E0004，线程：4，日期：20260517
2026-07-14 09:49:45 - ERROR - utils.multi_thread_parser - multi_thread_parser.py:128 - 解析线程数据，规则：E0004，线程：2，日期：20260517
2026-07-14 09:49:45 - ERROR - utils.multi_thread_parser - multi_thread_parser.py:128 - 解析线程数据，规则：E0004，线程：4，日期：20260517
2026-07-14 09:49:45 - ERROR - utils.multi_thread_parser - multi_thread_parser.py:128 - 解析线程数据，规则：check_lint，线程：2，日期：20260517
2026-07-14 09:49:45 - ERROR - utils.multi_thread_parser - multi_thread_parser.py:128 - 解析线程数据，规则：check_lint，线程：4，日期：20260517
2026-07-14 09:49:45 - ERROR - utils.multi_thread_parser - multi_thread_parser.py:128 - 解析线程数据，规则：check_lint，线程：2，日期：20260517
2026-07-14 09:49:45 - ERROR - utils.multi_thread_parser - multi_thread_parser.py:128 - 解析线程数据，规则：check_lint，线程：4，日期：20260517
2026-07-14 09:49:45 - ERROR - utils.multi_thread_parser - multi_thread_parser.py:128 - 解析线程数据，规则：Overall，线程：2，日期：20260517
2026-07-14 09:49:45 - ERROR - utils.multi_thread_parser - multi_thread_parser.py:128 - 解析线程数据，规则：Overall，线程：4，日期：20260517
2026-07-14 09:49:45 - ERROR - utils.multi_thread_parser - multi_thread_parser.py:128 - 解析线程数据，规则：Overall，线程：2，日期：20260517
2026-07-14 09:49:45 - ERROR - utils.multi_thread_parser - multi_thread_parser.py:128 - 解析线程数据，规则：Overall，线程：4，日期：20260517
2026-07-14 09:49:45 - ERROR - utils.multi_thread_parser - multi_thread_parser.py:128 - 解析线程数据，规则：read_design，线程：2，日期：20260517
2026-07-14 09:49:45 - ERROR - utils.multi_thread_parser - multi_thread_parser.py:128 - 解析线程数据，规则：read_design，线程：4，日期：20260517
2026-07-14 09:49:45 - ERROR - utils.multi_thread_parser - multi_thread_parser.py:128 - 解析线程数据，规则：read_design，线程：2，日期：20260517
2026-07-14 09:49:45 - ERROR - utils.multi_thread_parser - multi_thread_parser.py:128 - 解析线程数据，规则：read_design，线程：4，日期：20260517
2026-07-14 09:50:03 - ERROR - utils.multi_thread_parser - multi_thread_parser.py:128 - 解析线程数据，规则：E0001，线程：2，日期：[]
2026-07-14 09:50:03 - ERROR - utils.multi_thread_parser - multi_thread_parser.py:128 - 解析线程数据，规则：E0001，线程：4，日期：['20260511']
2026-07-14 09:50:03 - ERROR - utils.multi_thread_parser - multi_thread_parser.py:128 - 解析线程数据，规则：E0001，线程：2，日期：[]
2026-07-14 09:50:03 - ERROR - utils.multi_thread_parser - multi_thread_parser.py:128 - 解析线程数据，规则：E0001，线程：4，日期：['20260511']
2026-07-14 09:50:03 - ERROR - utils.multi_thread_parser - multi_thread_parser.py:128 - 解析线程数据，规则：E0002，线程：2，日期：[]
2026-07-14 09:50:03 - ERROR - utils.multi_thread_parser - multi_thread_parser.py:128 - 解析线程数据，规则：E0002，线程：4，日期：['20260511']
2026-07-14 09:50:03 - ERROR - utils.multi_thread_parser - multi_thread_parser.py:128 - 解析线程数据，规则：E0002，线程：2，日期：[]
2026-07-14 09:50:03 - ERROR - utils.multi_thread_parser - multi_thread_parser.py:128 - 解析线程数据，规则：E0002，线程：4，日期：['20260511']
2026-07-14 09:50:03 - ERROR - utils.multi_thread_parser - multi_thread_parser.py:128 - 解析线程数据，规则：E0003，线程：2，日期：[]
2026-07-14 09:50:03 - ERROR - utils.multi_thread_parser - multi_thread_parser.py:128 - 解析线程数据，规则：E0003，线程：4，日期：['20260511']
2026-07-14 09:50:03 - ERROR - utils.multi_thread_parser - multi_thread_parser.py:128 - 解析线程数据，规则：E0003，线程：2，日期：[]
2026-07-14 09:50:03 - ERROR - utils.multi_thread_parser - multi_thread_parser.py:128 - 解析线程数据，规则：E0003，线程：4，日期：['20260511']
2026-07-14 09:50:03 - ERROR - utils.multi_thread_parser - multi_thread_parser.py:128 - 解析线程数据，规则：E0004，线程：2，日期：[]
2026-07-14 09:50:03 - ERROR - utils.multi_thread_parser - multi_thread_parser.py:128 - 解析线程数据，规则：E0004，线程：4，日期：['20260511']
2026-07-14 09:50:03 - ERROR - utils.multi_thread_parser - multi_thread_parser.py:128 - 解析线程数据，规则：E0004，线程：2，日期：[]
2026-07-14 09:50:03 - ERROR - utils.multi_thread_parser - multi_thread_parser.py:128 - 解析线程数据，规则：E0004，线程：4，日期：['20260511']
2026-07-14 09:50:03 - ERROR - utils.multi_thread_parser - multi_thread_parser.py:128 - 解析线程数据，规则：check_lint，线程：2，日期：[]
2026-07-14 09:50:03 - ERROR - utils.multi_thread_parser - multi_thread_parser.py:128 - 解析线程数据，规则：check_lint，线程：4，日期：['20260511']
2026-07-14 09:50:03 - ERROR - utils.multi_thread_parser - multi_thread_parser.py:128 - 解析线程数据，规则：check_lint，线程：2，日期：[]
2026-07-14 09:50:03 - ERROR - utils.multi_thread_parser - multi_thread_parser.py:128 - 解析线程数据，规则：check_lint，线程：4，日期：['20260511']
2026-07-14 09:50:03 - ERROR - utils.multi_thread_parser - multi_thread_parser.py:128 - 解析线程数据，规则：Overall，线程：2，日期：[]
2026-07-14 09:50:03 - ERROR - utils.multi_thread_parser - multi_thread_parser.py:128 - 解析线程数据，规则：Overall，线程：4，日期：['20260511']
2026-07-14 09:50:03 - ERROR - utils.multi_thread_parser - multi_thread_parser.py:128 - 解析线程数据，规则：Overall，线程：2，日期：[]
2026-07-14 09:50:03 - ERROR - utils.multi_thread_parser - multi_thread_parser.py:128 - 解析线程数据，规则：Overall，线程：4，日期：['20260511']
2026-07-14 09:50:03 - ERROR - utils.multi_thread_parser - multi_thread_parser.py:128 - 解析线程数据，规则：read_design，线程：2，日期：[]
2026-07-14 09:50:03 - ERROR - utils.multi_thread_parser - multi_thread_parser.py:128 - 解析线程数据，规则：read_design，线程：4，日期：['20260511']
2026-07-14 09:50:03 - ERROR - utils.multi_thread_parser - multi_thread_parser.py:128 - 解析线程数据，规则：read_design，线程：2，日期：[]
2026-07-14 09:50:03 - ERROR - utils.multi_thread_parser - multi_thread_parser.py:128 - 解析线程数据，规则：read_design，线程：4，日期：['20260511']
2026-07-14 09:50:03 - ERROR - utils.multi_thread_parser - multi_thread_parser.py:128 - 解析线程数据，规则：save_session，线程：2，日期：[]
2026-07-14 09:50:03 - ERROR - utils.multi_thread_parser - multi_thread_parser.py:128 - 解析线程数据，规则：save_session，线程：2，日期：[]
2026-07-14 09:50:03 - ERROR - utils.multi_thread_parser - multi_thread_parser.py:128 - 解析线程数据，规则：E0001，线程：2，日期：[]
2026-07-14 09:50:03 - ERROR - utils.multi_thread_parser - multi_thread_parser.py:128 - 解析线程数据，规则：E0001，线程：4，日期：['20260513']
2026-07-14 09:50:03 - ERROR - utils.multi_thread_parser - multi_thread_parser.py:128 - 解析线程数据，规则：E0001，线程：2，日期：[]
2026-07-14 09:50:03 - ERROR - utils.multi_thread_parser - multi_thread_parser.py:128 - 解析线程数据，规则：E0001，线程：4，日期：['20260513']
2026-07-14 09:50:03 - ERROR - utils.multi_thread_parser - multi_thread_parser.py:128 - 解析线程数据，规则：E0002，线程：2，日期：[]
2026-07-14 09:50:03 - ERROR - utils.multi_thread_parser - multi_thread_parser.py:128 - 解析线程数据，规则：E0002，线程：4，日期：['20260513']
2026-07-14 09:50:03 - ERROR - utils.multi_thread_parser - multi_thread_parser.py:128 - 解析线程数据，规则：E0002，线程：2，日期：[]
2026-07-14 09:50:03 - ERROR - utils.multi_thread_parser - multi_thread_parser.py:128 - 解析线程数据，规则：E0002，线程：4，日期：['20260513']
2026-07-14 09:50:03 - ERROR - utils.multi_thread_parser - multi_thread_parser.py:128 - 解析线程数据，规则：E0003，线程：2，日期：[]
2026-07-14 09:50:03 - ERROR - utils.multi_thread_parser - multi_thread_parser.py:128 - 解析线程数据，规则：E0003，线程：4，日期：['20260513']
2026-07-14 09:50:03 - ERROR - utils.multi_thread_parser - multi_thread_parser.py:128 - 解析线程数据，规则：E0003，线程：2，日期：[]
2026-07-14 09:50:03 - ERROR - utils.multi_thread_parser - multi_thread_parser.py:128 - 解析线程数据，规则：E0003，线程：4，日期：['20260513']
2026-07-14 09:50:03 - ERROR - utils.multi_thread_parser - multi_thread_parser.py:128 - 解析线程数据，规则：E0004，线程：2，日期：[]
2026-07-14 09:50:03 - ERROR - utils.multi_thread_parser - multi_thread_parser.py:128 - 解析线程数据，规则：E0004，线程：4，日期：['20260513']
2026-07-14 09:50:03 - ERROR - utils.multi_thread_parser - multi_thread_parser.py:128 - 解析线程数据，规则：E0004，线程：2，日期：[]
2026-07-14 09:50:03 - ERROR - utils.multi_thread_parser - multi_thread_parser.py:128 - 解析线程数据，规则：E0004，线程：4，日期：['20260513']
2026-07-14 09:50:03 - ERROR - utils.multi_thread_parser - multi_thread_parser.py:128 - 解析线程数据，规则：check_lint，线程：2，日期：[]
2026-07-14 09:50:03 - ERROR - utils.multi_thread_parser - multi_thread_parser.py:128 - 解析线程数据，规则：check_lint，线程：4，日期：['20260513']
2026-07-14 09:50:03 - ERROR - utils.multi_thread_parser - multi_thread_parser.py:128 - 解析线程数据，规则：check_lint，线程：2，日期：[]
2026-07-14 09:50:03 - ERROR - utils.multi_thread_parser - multi_thread_parser.py:128 - 解析线程数据，规则：check_lint，线程：4，日期：['20260513']
2026-07-14 09:50:03 - ERROR - utils.multi_thread_parser - multi_thread_parser.py:128 - 解析线程数据，规则：Overall，线程：2，日期：[]
2026-07-14 09:50:03 - ERROR - utils.multi_thread_parser - multi_thread_parser.py:128 - 解析线程数据，规则：Overall，线程：4，日期：['20260513']
2026-07-14 09:50:03 - ERROR - utils.multi_thread_parser - multi_thread_parser.py:128 - 解析线程数据，规则：Overall，线程：2，日期：[]
2026-07-14 09:50:03 - ERROR - utils.multi_thread_parser - multi_thread_parser.py:128 - 解析线程数据，规则：Overall，线程：4，日期：['20260513']
2026-07-14 09:50:03 - ERROR - utils.multi_thread_parser - multi_thread_parser.py:128 - 解析线程数据，规则：read_design，线程：2，日期：[]
2026-07-14 09:50:03 - ERROR - utils.multi_thread_parser - multi_thread_parser.py:128 - 解析线程数据，规则：read_design，线程：4，日期：['20260513']
2026-07-14 09:50:03 - ERROR - utils.multi_thread_parser - multi_thread_parser.py:128 - 解析线程数据，规则：read_design，线程：2，日期：[]
2026-07-14 09:50:03 - ERROR - utils.multi_thread_parser - multi_thread_parser.py:128 - 解析线程数据，规则：read_design，线程：4，日期：['20260513']
2026-07-14 09:50:03 - ERROR - utils.multi_thread_parser - multi_thread_parser.py:128 - 解析线程数据，规则：E0001，线程：2，日期：[]
2026-07-14 09:50:03 - ERROR - utils.multi_thread_parser - multi_thread_parser.py:128 - 解析线程数据，规则：E0001，线程：4，日期：['20260515']
2026-07-14 09:50:03 - ERROR - utils.multi_thread_parser - multi_thread_parser.py:128 - 解析线程数据，规则：E0001，线程：2，日期：[]
2026-07-14 09:50:03 - ERROR - utils.multi_thread_parser - multi_thread_parser.py:128 - 解析线程数据，规则：E0001，线程：4，日期：['20260515']
2026-07-14 09:50:03 - ERROR - utils.multi_thread_parser - multi_thread_parser.py:128 - 解析线程数据，规则：E0002，线程：2，日期：[]
2026-07-14 09:50:03 - ERROR - utils.multi_thread_parser - multi_thread_parser.py:128 - 解析线程数据，规则：E0002，线程：4，日期：['20260515']
2026-07-14 09:50:03 - ERROR - utils.multi_thread_parser - multi_thread_parser.py:128 - 解析线程数据，规则：E0002，线程：2，日期：[]
2026-07-14 09:50:03 - ERROR - utils.multi_thread_parser - multi_thread_parser.py:128 - 解析线程数据，规则：E0002，线程：4，日期：['20260515']
2026-07-14 09:50:03 - ERROR - utils.multi_thread_parser - multi_thread_parser.py:128 - 解析线程数据，规则：E0003，线程：2，日期：[]
2026-07-14 09:50:03 - ERROR - utils.multi_thread_parser - multi_thread_parser.py:128 - 解析线程数据，规则：E0003，线程：4，日期：['20260515']
2026-07-14 09:50:03 - ERROR - utils.multi_thread_parser - multi_thread_parser.py:128 - 解析线程数据，规则：E0003，线程：2，日期：[]
2026-07-14 09:50:03 - ERROR - utils.multi_thread_parser - multi_thread_parser.py:128 - 解析线程数据，规则：E0003，线程：4，日期：['20260515']
2026-07-14 09:50:03 - ERROR - utils.multi_thread_parser - multi_thread_parser.py:128 - 解析线程数据，规则：E0004，线程：2，日期：[]
2026-07-14 09:50:03 - ERROR - utils.multi_thread_parser - multi_thread_parser.py:128 - 解析线程数据，规则：E0004，线程：4，日期：['20260515']
2026-07-14 09:50:03 - ERROR - utils.multi_thread_parser - multi_thread_parser.py:128 - 解析线程数据，规则：E0004，线程：2，日期：[]
2026-07-14 09:50:03 - ERROR - utils.multi_thread_parser - multi_thread_parser.py:128 - 解析线程数据，规则：E0004，线程：4，日期：['20260515']
2026-07-14 09:50:03 - ERROR - utils.multi_thread_parser - multi_thread_parser.py:128 - 解析线程数据，规则：check_lint，线程：4，日期：[]
2026-07-14 09:50:03 - ERROR - utils.multi_thread_parser - multi_thread_parser.py:128 - 解析线程数据，规则：check_lint，线程：4，日期：[]
2026-07-14 09:50:03 - ERROR - utils.multi_thread_parser - multi_thread_parser.py:128 - 解析线程数据，规则：Overall，线程：4，日期：[]
2026-07-14 09:50:03 - ERROR - utils.multi_thread_parser - multi_thread_parser.py:128 - 解析线程数据，规则：Overall，线程：4，日期：[]
2026-07-14 09:50:03 - ERROR - utils.multi_thread_parser - multi_thread_parser.py:128 - 解析线程数据，规则：read_design，线程：4，日期：[]
2026-07-14 09:50:03 - ERROR - utils.multi_thread_parser - multi_thread_parser.py:128 - 解析线程数据，规则：read_design，线程：4，日期：[]
2026-07-14 09:50:03 - ERROR - utils.multi_thread_parser - multi_thread_parser.py:128 - 解析线程数据，规则：E0001，线程：2，日期：[]
2026-07-14 09:50:03 - ERROR - utils.multi_thread_parser - multi_thread_parser.py:128 - 解析线程数据，规则：E0001，线程：4，日期：['20260516']
2026-07-14 09:50:03 - ERROR - utils.multi_thread_parser - multi_thread_parser.py:128 - 解析线程数据，规则：E0001，线程：2，日期：[]
2026-07-14 09:50:03 - ERROR - utils.multi_thread_parser - multi_thread_parser.py:128 - 解析线程数据，规则：E0001，线程：4，日期：['20260516']
2026-07-14 09:50:03 - ERROR - utils.multi_thread_parser - multi_thread_parser.py:128 - 解析线程数据，规则：E0002，线程：2，日期：[]
2026-07-14 09:50:03 - ERROR - utils.multi_thread_parser - multi_thread_parser.py:128 - 解析线程数据，规则：E0002，线程：4，日期：['20260516']
2026-07-14 09:50:03 - ERROR - utils.multi_thread_parser - multi_thread_parser.py:128 - 解析线程数据，规则：E0002，线程：2，日期：[]
2026-07-14 09:50:03 - ERROR - utils.multi_thread_parser - multi_thread_parser.py:128 - 解析线程数据，规则：E0002，线程：4，日期：['20260516']
2026-07-14 09:50:03 - ERROR - utils.multi_thread_parser - multi_thread_parser.py:128 - 解析线程数据，规则：E0003，线程：2，日期：[]
2026-07-14 09:50:03 - ERROR - utils.multi_thread_parser - multi_thread_parser.py:128 - 解析线程数据，规则：E0003，线程：4，日期：['20260516']
2026-07-14 09:50:03 - ERROR - utils.multi_thread_parser - multi_thread_parser.py:128 - 解析线程数据，规则：E0003，线程：2，日期：[]
2026-07-14 09:50:03 - ERROR - utils.multi_thread_parser - multi_thread_parser.py:128 - 解析线程数据，规则：E0003，线程：4，日期：['20260516']
2026-07-14 09:50:03 - ERROR - utils.multi_thread_parser - multi_thread_parser.py:128 - 解析线程数据，规则：E0004，线程：2，日期：[]
2026-07-14 09:50:03 - ERROR - utils.multi_thread_parser - multi_thread_parser.py:128 - 解析线程数据，规则：E0004，线程：4，日期：['20260516']
2026-07-14 09:50:03 - ERROR - utils.multi_thread_parser - multi_thread_parser.py:128 - 解析线程数据，规则：E0004，线程：2，日期：[]
2026-07-14 09:50:03 - ERROR - utils.multi_thread_parser - multi_thread_parser.py:128 - 解析线程数据，规则：E0004，线程：4，日期：['20260516']
2026-07-14 09:50:03 - ERROR - utils.multi_thread_parser - multi_thread_parser.py:128 - 解析线程数据，规则：check_lint，线程：4，日期：[]
2026-07-14 09:50:03 - ERROR - utils.multi_thread_parser - multi_thread_parser.py:128 - 解析线程数据，规则：check_lint，线程：4，日期：[]
2026-07-14 09:50:03 - ERROR - utils.multi_thread_parser - multi_thread_parser.py:128 - 解析线程数据，规则：Overall，线程：4，日期：[]
2026-07-14 09:50:03 - ERROR - utils.multi_thread_parser - multi_thread_parser.py:128 - 解析线程数据，规则：Overall，线程：4，日期：[]
2026-07-14 09:50:03 - ERROR - utils.multi_thread_parser - multi_thread_parser.py:128 - 解析线程数据，规则：read_design，线程：4，日期：[]
2026-07-14 09:50:03 - ERROR - utils.multi_thread_parser - multi_thread_parser.py:128 - 解析线程数据，规则：read_design，线程：4，日期：[]
2026-07-14 09:50:03 - ERROR - utils.multi_thread_parser - multi_thread_parser.py:128 - 解析线程数据，规则：E0001，线程：2，日期：[]
2026-07-14 09:50:03 - ERROR - utils.multi_thread_parser - multi_thread_parser.py:128 - 解析线程数据，规则：E0001，线程：4，日期：['20260517']
2026-07-14 09:50:03 - ERROR - utils.multi_thread_parser - multi_thread_parser.py:128 - 解析线程数据，规则：E0001，线程：2，日期：[]
2026-07-14 09:50:03 - ERROR - utils.multi_thread_parser - multi_thread_parser.py:128 - 解析线程数据，规则：E0001，线程：4，日期：['20260517']
2026-07-14 09:50:03 - ERROR - utils.multi_thread_parser - multi_thread_parser.py:128 - 解析线程数据，规则：E0002，线程：2，日期：[]
2026-07-14 09:50:03 - ERROR - utils.multi_thread_parser - multi_thread_parser.py:128 - 解析线程数据，规则：E0002，线程：4，日期：['20260517']
2026-07-14 09:50:03 - ERROR - utils.multi_thread_parser - multi_thread_parser.py:128 - 解析线程数据，规则：E0002，线程：2，日期：[]
2026-07-14 09:50:03 - ERROR - utils.multi_thread_parser - multi_thread_parser.py:128 - 解析线程数据，规则：E0002，线程：4，日期：['20260517']
2026-07-14 09:50:03 - ERROR - utils.multi_thread_parser - multi_thread_parser.py:128 - 解析线程数据，规则：E0003，线程：2，日期：[]
2026-07-14 09:50:03 - ERROR - utils.multi_thread_parser - multi_thread_parser.py:128 - 解析线程数据，规则：E0003，线程：4，日期：['20260517']
2026-07-14 09:50:03 - ERROR - utils.multi_thread_parser - multi_thread_parser.py:128 - 解析线程数据，规则：E0003，线程：2，日期：[]
2026-07-14 09:50:03 - ERROR - utils.multi_thread_parser - multi_thread_parser.py:128 - 解析线程数据，规则：E0003，线程：4，日期：['20260517']
2026-07-14 09:50:03 - ERROR - utils.multi_thread_parser - multi_thread_parser.py:128 - 解析线程数据，规则：E0004，线程：2，日期：[]
2026-07-14 09:50:03 - ERROR - utils.multi_thread_parser - multi_thread_parser.py:128 - 解析线程数据，规则：E0004，线程：4，日期：['20260517']
2026-07-14 09:50:03 - ERROR - utils.multi_thread_parser - multi_thread_parser.py:128 - 解析线程数据，规则：E0004，线程：2，日期：[]
2026-07-14 09:50:03 - ERROR - utils.multi_thread_parser - multi_thread_parser.py:128 - 解析线程数据，规则：E0004，线程：4，日期：['20260517']
2026-07-14 09:50:03 - ERROR - utils.multi_thread_parser - multi_thread_parser.py:128 - 解析线程数据，规则：check_lint，线程：4，日期：[]
2026-07-14 09:50:03 - ERROR - utils.multi_thread_parser - multi_thread_parser.py:128 - 解析线程数据，规则：check_lint，线程：4，日期：[]
2026-07-14 09:50:03 - ERROR - utils.multi_thread_parser - multi_thread_parser.py:128 - 解析线程数据，规则：Overall，线程：4，日期：[]
2026-07-14 09:50:03 - ERROR - utils.multi_thread_parser - multi_thread_parser.py:128 - 解析线程数据，规则：Overall，线程：4，日期：[]
2026-07-14 09:50:03 - ERROR - utils.multi_thread_parser - multi_thread_parser.py:128 - 解析线程数据，规则：read_design，线程：4，日期：[]
2026-07-14 09:50:03 - ERROR - utils.multi_thread_parser - multi_thread_parser.py:128 - 解析线程数据，规则：read_design，线程：4，日期：[]
2026-07-14 09:50:03 - ERROR - utils.multi_thread_parser - multi_thread_parser.py:128 - 解析线程数据，规则：E0001，线程：2，日期：[]
2026-07-14 09:50:03 - ERROR - utils.multi_thread_parser - multi_thread_parser.py:128 - 解析线程数据，规则：E0001，线程：4，日期：['20260511']
2026-07-14 09:50:03 - ERROR - utils.multi_thread_parser - multi_thread_parser.py:128 - 解析线程数据，规则：E0001，线程：2，日期：[]
2026-07-14 09:50:03 - ERROR - utils.multi_thread_parser - multi_thread_parser.py:128 - 解析线程数据，规则：E0001，线程：4，日期：['20260511']
2026-07-14 09:50:03 - ERROR - utils.multi_thread_parser - multi_thread_parser.py:128 - 解析线程数据，规则：E0002，线程：2，日期：[]
2026-07-14 09:50:03 - ERROR - utils.multi_thread_parser - multi_thread_parser.py:128 - 解析线程数据，规则：E0002，线程：4，日期：['20260511']
2026-07-14 09:50:03 - ERROR - utils.multi_thread_parser - multi_thread_parser.py:128 - 解析线程数据，规则：E0002，线程：2，日期：[]
2026-07-14 09:50:03 - ERROR - utils.multi_thread_parser - multi_thread_parser.py:128 - 解析线程数据，规则：E0002，线程：4，日期：['20260511']
2026-07-14 09:50:03 - ERROR - utils.multi_thread_parser - multi_thread_parser.py:128 - 解析线程数据，规则：E0003，线程：2，日期：[]
2026-07-14 09:50:03 - ERROR - utils.multi_thread_parser - multi_thread_parser.py:128 - 解析线程数据，规则：E0003，线程：4，日期：['20260511']
2026-07-14 09:50:03 - ERROR - utils.multi_thread_parser - multi_thread_parser.py:128 - 解析线程数据，规则：E0003，线程：2，日期：[]
2026-07-14 09:50:03 - ERROR - utils.multi_thread_parser - multi_thread_parser.py:128 - 解析线程数据，规则：E0003，线程：4，日期：['20260511']
2026-07-14 09:50:03 - ERROR - utils.multi_thread_parser - multi_thread_parser.py:128 - 解析线程数据，规则：E0004，线程：2，日期：[]
2026-07-14 09:50:03 - ERROR - utils.multi_thread_parser - multi_thread_parser.py:128 - 解析线程数据，规则：E0004，线程：4，日期：['20260511']
2026-07-14 09:50:03 - ERROR - utils.multi_thread_parser - multi_thread_parser.py:128 - 解析线程数据，规则：E0004，线程：2，日期：[]
2026-07-14 09:50:03 - ERROR - utils.multi_thread_parser - multi_thread_parser.py:128 - 解析线程数据，规则：E0004，线程：4，日期：['20260511']
2026-07-14 09:50:03 - ERROR - utils.multi_thread_parser - multi_thread_parser.py:128 - 解析线程数据，规则：check_lint，线程：2，日期：[]
2026-07-14 09:50:03 - ERROR - utils.multi_thread_parser - multi_thread_parser.py:128 - 解析线程数据，规则：check_lint，线程：4，日期：['20260511']
2026-07-14 09:50:03 - ERROR - utils.multi_thread_parser - multi_thread_parser.py:128 - 解析线程数据，规则：check_lint，线程：2，日期：[]
2026-07-14 09:50:03 - ERROR - utils.multi_thread_parser - multi_thread_parser.py:128 - 解析线程数据，规则：check_lint，线程：4，日期：['20260511']
2026-07-14 09:50:03 - ERROR - utils.multi_thread_parser - multi_thread_parser.py:128 - 解析线程数据，规则：Overall，线程：2，日期：[]
2026-07-14 09:50:03 - ERROR - utils.multi_thread_parser - multi_thread_parser.py:128 - 解析线程数据，规则：Overall，线程：4，日期：['20260511']
2026-07-14 09:50:03 - ERROR - utils.multi_thread_parser - multi_thread_parser.py:128 - 解析线程数据，规则：Overall，线程：2，日期：[]
2026-07-14 09:50:03 - ERROR - utils.multi_thread_parser - multi_thread_parser.py:128 - 解析线程数据，规则：Overall，线程：4，日期：['20260511']
2026-07-14 09:50:03 - ERROR - utils.multi_thread_parser - multi_thread_parser.py:128 - 解析线程数据，规则：read_design，线程：2，日期：[]
2026-07-14 09:50:03 - ERROR - utils.multi_thread_parser - multi_thread_parser.py:128 - 解析线程数据，规则：read_design，线程：4，日期：['20260511']
2026-07-14 09:50:03 - ERROR - utils.multi_thread_parser - multi_thread_parser.py:128 - 解析线程数据，规则：read_design，线程：2，日期：[]
2026-07-14 09:50:03 - ERROR - utils.multi_thread_parser - multi_thread_parser.py:128 - 解析线程数据，规则：read_design，线程：4，日期：['20260511']
2026-07-14 09:50:03 - ERROR - utils.multi_thread_parser - multi_thread_parser.py:128 - 解析线程数据，规则：E0001，线程：2，日期：[]
2026-07-14 09:50:03 - ERROR - utils.multi_thread_parser - multi_thread_parser.py:128 - 解析线程数据，规则：E0001，线程：4，日期：['20260513']
2026-07-14 09:50:03 - ERROR - utils.multi_thread_parser - multi_thread_parser.py:128 - 解析线程数据，规则：E0001，线程：2，日期：[]
2026-07-14 09:50:03 - ERROR - utils.multi_thread_parser - multi_thread_parser.py:128 - 解析线程数据，规则：E0001，线程：4，日期：['20260513']
2026-07-14 09:50:03 - ERROR - utils.multi_thread_parser - multi_thread_parser.py:128 - 解析线程数据，规则：E0002，线程：2，日期：[]
2026-07-14 09:50:03 - ERROR - utils.multi_thread_parser - multi_thread_parser.py:128 - 解析线程数据，规则：E0002，线程：4，日期：['20260513']
2026-07-14 09:50:03 - ERROR - utils.multi_thread_parser - multi_thread_parser.py:128 - 解析线程数据，规则：E0002，线程：2，日期：[]
2026-07-14 09:50:03 - ERROR - utils.multi_thread_parser - multi_thread_parser.py:128 - 解析线程数据，规则：E0002，线程：4，日期：['20260513']
2026-07-14 09:50:03 - ERROR - utils.multi_thread_parser - multi_thread_parser.py:128 - 解析线程数据，规则：E0003，线程：2，日期：[]
2026-07-14 09:50:03 - ERROR - utils.multi_thread_parser - multi_thread_parser.py:128 - 解析线程数据，规则：E0003，线程：4，日期：['20260513']
2026-07-14 09:50:03 - ERROR - utils.multi_thread_parser - multi_thread_parser.py:128 - 解析线程数据，规则：E0003，线程：2，日期：[]
2026-07-14 09:50:03 - ERROR - utils.multi_thread_parser - multi_thread_parser.py:128 - 解析线程数据，规则：E0003，线程：4，日期：['20260513']
2026-07-14 09:50:03 - ERROR - utils.multi_thread_parser - multi_thread_parser.py:128 - 解析线程数据，规则：E0004，线程：2，日期：[]
2026-07-14 09:50:03 - ERROR - utils.multi_thread_parser - multi_thread_parser.py:128 - 解析线程数据，规则：E0004，线程：4，日期：['20260513']
2026-07-14 09:50:03 - ERROR - utils.multi_thread_parser - multi_thread_parser.py:128 - 解析线程数据，规则：E0004，线程：2，日期：[]
2026-07-14 09:50:03 - ERROR - utils.multi_thread_parser - multi_thread_parser.py:128 - 解析线程数据，规则：E0004，线程：4，日期：['20260513']
2026-07-14 09:50:03 - ERROR - utils.multi_thread_parser - multi_thread_parser.py:128 - 解析线程数据，规则：check_lint，线程：2，日期：[]
2026-07-14 09:50:03 - ERROR - utils.multi_thread_parser - multi_thread_parser.py:128 - 解析线程数据，规则：check_lint，线程：4，日期：['20260513']
2026-07-14 09:50:03 - ERROR - utils.multi_thread_parser - multi_thread_parser.py:128 - 解析线程数据，规则：check_lint，线程：2，日期：[]
2026-07-14 09:50:03 - ERROR - utils.multi_thread_parser - multi_thread_parser.py:128 - 解析线程数据，规则：check_lint，线程：4，日期：['20260513']
2026-07-14 09:50:03 - ERROR - utils.multi_thread_parser - multi_thread_parser.py:128 - 解析线程数据，规则：Overall，线程：2，日期：[]
2026-07-14 09:50:03 - ERROR - utils.multi_thread_parser - multi_thread_parser.py:128 - 解析线程数据，规则：Overall，线程：4，日期：['20260513']
2026-07-14 09:50:03 - ERROR - utils.multi_thread_parser - multi_thread_parser.py:128 - 解析线程数据，规则：Overall，线程：2，日期：[]
2026-07-14 09:50:03 - ERROR - utils.multi_thread_parser - multi_thread_parser.py:128 - 解析线程数据，规则：Overall，线程：4，日期：['20260513']
2026-07-14 09:50:03 - ERROR - utils.multi_thread_parser - multi_thread_parser.py:128 - 解析线程数据，规则：read_design，线程：2，日期：[]
2026-07-14 09:50:03 - ERROR - utils.multi_thread_parser - multi_thread_parser.py:128 - 解析线程数据，规则：read_design，线程：4，日期：['20260513']
2026-07-14 09:50:03 - ERROR - utils.multi_thread_parser - multi_thread_parser.py:128 - 解析线程数据，规则：read_design，线程：2，日期：[]
2026-07-14 09:50:03 - ERROR - utils.multi_thread_parser - multi_thread_parser.py:128 - 解析线程数据，规则：read_design，线程：4，日期：['20260513']
2026-07-14 09:50:03 - ERROR - utils.multi_thread_parser - multi_thread_parser.py:128 - 解析线程数据，规则：E0001，线程：2，日期：[]
2026-07-14 09:50:03 - ERROR - utils.multi_thread_parser - multi_thread_parser.py:128 - 解析线程数据，规则：E0001，线程：4，日期：['20260515']
2026-07-14 09:50:03 - ERROR - utils.multi_thread_parser - multi_thread_parser.py:128 - 解析线程数据，规则：E0001，线程：2，日期：[]
2026-07-14 09:50:03 - ERROR - utils.multi_thread_parser - multi_thread_parser.py:128 - 解析线程数据，规则：E0001，线程：4，日期：['20260515']
2026-07-14 09:50:03 - ERROR - utils.multi_thread_parser - multi_thread_parser.py:128 - 解析线程数据，规则：E0002，线程：2，日期：[]
2026-07-14 09:50:03 - ERROR - utils.multi_thread_parser - multi_thread_parser.py:128 - 解析线程数据，规则：E0002，线程：4，日期：['20260515']
2026-07-14 09:50:03 - ERROR - utils.multi_thread_parser - multi_thread_parser.py:128 - 解析线程数据，规则：E0002，线程：2，日期：[]
2026-07-14 09:50:03 - ERROR - utils.multi_thread_parser - multi_thread_parser.py:128 - 解析线程数据，规则：E0002，线程：4，日期：['20260515']
2026-07-14 09:50:03 - ERROR - utils.multi_thread_parser - multi_thread_parser.py:128 - 解析线程数据，规则：E0003，线程：2，日期：[]
2026-07-14 09:50:03 - ERROR - utils.multi_thread_parser - multi_thread_parser.py:128 - 解析线程数据，规则：E0003，线程：4，日期：['20260515']
2026-07-14 09:50:03 - ERROR - utils.multi_thread_parser - multi_thread_parser.py:128 - 解析线程数据，规则：E0003，线程：2，日期：[]
2026-07-14 09:50:03 - ERROR - utils.multi_thread_parser - multi_thread_parser.py:128 - 解析线程数据，规则：E0003，线程：4，日期：['20260515']
2026-07-14 09:50:03 - ERROR - utils.multi_thread_parser - multi_thread_parser.py:128 - 解析线程数据，规则：E0004，线程：2，日期：[]
2026-07-14 09:50:03 - ERROR - utils.multi_thread_parser - multi_thread_parser.py:128 - 解析线程数据，规则：E0004，线程：4，日期：['20260515']
2026-07-14 09:50:03 - ERROR - utils.multi_thread_parser - multi_thread_parser.py:128 - 解析线程数据，规则：E0004，线程：2，日期：[]
2026-07-14 09:50:03 - ERROR - utils.multi_thread_parser - multi_thread_parser.py:128 - 解析线程数据，规则：E0004，线程：4，日期：['20260515']
2026-07-14 09:50:03 - ERROR - utils.multi_thread_parser - multi_thread_parser.py:128 - 解析线程数据，规则：check_lint，线程：2，日期：[]
2026-07-14 09:50:03 - ERROR - utils.multi_thread_parser - multi_thread_parser.py:128 - 解析线程数据，规则：check_lint，线程：4，日期：['20260515']
2026-07-14 09:50:03 - ERROR - utils.multi_thread_parser - multi_thread_parser.py:128 - 解析线程数据，规则：check_lint，线程：2，日期：[]
2026-07-14 09:50:03 - ERROR - utils.multi_thread_parser - multi_thread_parser.py:128 - 解析线程数据，规则：check_lint，线程：4，日期：['20260515']
2026-07-14 09:50:03 - ERROR - utils.multi_thread_parser - multi_thread_parser.py:128 - 解析线程数据，规则：Overall，线程：2，日期：[]
2026-07-14 09:50:03 - ERROR - utils.multi_thread_parser - multi_thread_parser.py:128 - 解析线程数据，规则：Overall，线程：4，日期：['20260515']
2026-07-14 09:50:03 - ERROR - utils.multi_thread_parser - multi_thread_parser.py:128 - 解析线程数据，规则：Overall，线程：2，日期：[]
2026-07-14 09:50:03 - ERROR - utils.multi_thread_parser - multi_thread_parser.py:128 - 解析线程数据，规则：Overall，线程：4，日期：['20260515']
2026-07-14 09:50:03 - ERROR - utils.multi_thread_parser - multi_thread_parser.py:128 - 解析线程数据，规则：read_design，线程：2，日期：[]
2026-07-14 09:50:03 - ERROR - utils.multi_thread_parser - multi_thread_parser.py:128 - 解析线程数据，规则：read_design，线程：4，日期：['20260515']
2026-07-14 09:50:03 - ERROR - utils.multi_thread_parser - multi_thread_parser.py:128 - 解析线程数据，规则：read_design，线程：2，日期：[]
2026-07-14 09:50:03 - ERROR - utils.multi_thread_parser - multi_thread_parser.py:128 - 解析线程数据，规则：read_design，线程：4，日期：['20260515']
2026-07-14 09:50:03 - ERROR - utils.multi_thread_parser - multi_thread_parser.py:128 - 解析线程数据，规则：E0001，线程：2，日期：[]
2026-07-14 09:50:03 - ERROR - utils.multi_thread_parser - multi_thread_parser.py:128 - 解析线程数据，规则：E0001，线程：4，日期：['20260516']
2026-07-14 09:50:03 - ERROR - utils.multi_thread_parser - multi_thread_parser.py:128 - 解析线程数据，规则：E0001，线程：2，日期：[]
2026-07-14 09:50:03 - ERROR - utils.multi_thread_parser - multi_thread_parser.py:128 - 解析线程数据，规则：E0001，线程：4，日期：['20260516']
2026-07-14 09:50:03 - ERROR - utils.multi_thread_parser - multi_thread_parser.py:128 - 解析线程数据，规则：E0002，线程：2，日期：[]
2026-07-14 09:50:03 - ERROR - utils.multi_thread_parser - multi_thread_parser.py:128 - 解析线程数据，规则：E0002，线程：4，日期：['20260516']
2026-07-14 09:50:03 - ERROR - utils.multi_thread_parser - multi_thread_parser.py:128 - 解析线程数据，规则：E0002，线程：2，日期：[]
2026-07-14 09:50:03 - ERROR - utils.multi_thread_parser - multi_thread_parser.py:128 - 解析线程数据，规则：E0002，线程：4，日期：['20260516']
2026-07-14 09:50:03 - ERROR - utils.multi_thread_parser - multi_thread_parser.py:128 - 解析线程数据，规则：E0003，线程：2，日期：[]
2026-07-14 09:50:03 - ERROR - utils.multi_thread_parser - multi_thread_parser.py:128 - 解析线程数据，规则：E0003，线程：4，日期：['20260516']
2026-07-14 09:50:03 - ERROR - utils.multi_thread_parser - multi_thread_parser.py:128 - 解析线程数据，规则：E0003，线程：2，日期：[]
2026-07-14 09:50:03 - ERROR - utils.multi_thread_parser - multi_thread_parser.py:128 - 解析线程数据，规则：E0003，线程：4，日期：['20260516']
2026-07-14 09:50:03 - ERROR - utils.multi_thread_parser - multi_thread_parser.py:128 - 解析线程数据，规则：E0004，线程：2，日期：[]
2026-07-14 09:50:03 - ERROR - utils.multi_thread_parser - multi_thread_parser.py:128 - 解析线程数据，规则：E0004，线程：4，日期：['20260516']
2026-07-14 09:50:03 - ERROR - utils.multi_thread_parser - multi_thread_parser.py:128 - 解析线程数据，规则：E0004，线程：2，日期：[]
2026-07-14 09:50:03 - ERROR - utils.multi_thread_parser - multi_thread_parser.py:128 - 解析线程数据，规则：E0004，线程：4，日期：['20260516']
2026-07-14 09:50:03 - ERROR - utils.multi_thread_parser - multi_thread_parser.py:128 - 解析线程数据，规则：check_lint，线程：2，日期：[]
2026-07-14 09:50:03 - ERROR - utils.multi_thread_parser - multi_thread_parser.py:128 - 解析线程数据，规则：check_lint，线程：4，日期：['20260516']
2026-07-14 09:50:03 - ERROR - utils.multi_thread_parser - multi_thread_parser.py:128 - 解析线程数据，规则：check_lint，线程：2，日期：[]
2026-07-14 09:50:03 - ERROR - utils.multi_thread_parser - multi_thread_parser.py:128 - 解析线程数据，规则：check_lint，线程：4，日期：['20260516']
2026-07-14 09:50:03 - ERROR - utils.multi_thread_parser - multi_thread_parser.py:128 - 解析线程数据，规则：Overall，线程：2，日期：[]
2026-07-14 09:50:03 - ERROR - utils.multi_thread_parser - multi_thread_parser.py:128 - 解析线程数据，规则：Overall，线程：4，日期：['20260516']
2026-07-14 09:50:03 - ERROR - utils.multi_thread_parser - multi_thread_parser.py:128 - 解析线程数据，规则：Overall，线程：2，日期：[]
2026-07-14 09:50:03 - ERROR - utils.multi_thread_parser - multi_thread_parser.py:128 - 解析线程数据，规则：Overall，线程：4，日期：['20260516']
2026-07-14 09:50:03 - ERROR - utils.multi_thread_parser - multi_thread_parser.py:128 - 解析线程数据，规则：read_design，线程：2，日期：[]
2026-07-14 09:50:03 - ERROR - utils.multi_thread_parser - multi_thread_parser.py:128 - 解析线程数据，规则：read_design，线程：4，日期：['20260516']
2026-07-14 09:50:03 - ERROR - utils.multi_thread_parser - multi_thread_parser.py:128 - 解析线程数据，规则：read_design，线程：2，日期：[]
2026-07-14 09:50:03 - ERROR - utils.multi_thread_parser - multi_thread_parser.py:128 - 解析线程数据，规则：read_design，线程：4，日期：['20260516']
2026-07-14 09:50:03 - ERROR - utils.multi_thread_parser - multi_thread_parser.py:128 - 解析线程数据，规则：E0001，线程：2，日期：[]
2026-07-14 09:50:03 - ERROR - utils.multi_thread_parser - multi_thread_parser.py:128 - 解析线程数据，规则：E0001，线程：4，日期：['20260517']
2026-07-14 09:50:03 - ERROR - utils.multi_thread_parser - multi_thread_parser.py:128 - 解析线程数据，规则：E0001，线程：2，日期：[]
2026-07-14 09:50:03 - ERROR - utils.multi_thread_parser - multi_thread_parser.py:128 - 解析线程数据，规则：E0001，线程：4，日期：['20260517']
2026-07-14 09:50:03 - ERROR - utils.multi_thread_parser - multi_thread_parser.py:128 - 解析线程数据，规则：E0002，线程：2，日期：[]
2026-07-14 09:50:03 - ERROR - utils.multi_thread_parser - multi_thread_parser.py:128 - 解析线程数据，规则：E0002，线程：4，日期：['20260517']
2026-07-14 09:50:03 - ERROR - utils.multi_thread_parser - multi_thread_parser.py:128 - 解析线程数据，规则：E0002，线程：2，日期：[]
2026-07-14 09:50:03 - ERROR - utils.multi_thread_parser - multi_thread_parser.py:128 - 解析线程数据，规则：E0002，线程：4，日期：['20260517']
2026-07-14 09:50:03 - ERROR - utils.multi_thread_parser - multi_thread_parser.py:128 - 解析线程数据，规则：E0003，线程：2，日期：[]
2026-07-14 09:50:03 - ERROR - utils.multi_thread_parser - multi_thread_parser.py:128 - 解析线程数据，规则：E0003，线程：4，日期：['20260517']
2026-07-14 09:50:03 - ERROR - utils.multi_thread_parser - multi_thread_parser.py:128 - 解析线程数据，规则：E0003，线程：2，日期：[]
2026-07-14 09:50:03 - ERROR - utils.multi_thread_parser - multi_thread_parser.py:128 - 解析线程数据，规则：E0003，线程：4，日期：['20260517']
2026-07-14 09:50:03 - ERROR - utils.multi_thread_parser - multi_thread_parser.py:128 - 解析线程数据，规则：E0004，线程：2，日期：[]
2026-07-14 09:50:03 - ERROR - utils.multi_thread_parser - multi_thread_parser.py:128 - 解析线程数据，规则：E0004，线程：4，日期：['20260517']
2026-07-14 09:50:03 - ERROR - utils.multi_thread_parser - multi_thread_parser.py:128 - 解析线程数据，规则：E0004，线程：2，日期：[]
2026-07-14 09:50:03 - ERROR - utils.multi_thread_parser - multi_thread_parser.py:128 - 解析线程数据，规则：E0004，线程：4，日期：['20260517']
2026-07-14 09:50:03 - ERROR - utils.multi_thread_parser - multi_thread_parser.py:128 - 解析线程数据，规则：check_lint，线程：2，日期：[]
2026-07-14 09:50:03 - ERROR - utils.multi_thread_parser - multi_thread_parser.py:128 - 解析线程数据，规则：check_lint，线程：4，日期：['20260517']
2026-07-14 09:50:03 - ERROR - utils.multi_thread_parser - multi_thread_parser.py:128 - 解析线程数据，规则：check_lint，线程：2，日期：[]
2026-07-14 09:50:03 - ERROR - utils.multi_thread_parser - multi_thread_parser.py:128 - 解析线程数据，规则：check_lint，线程：4，日期：['20260517']
2026-07-14 09:50:03 - ERROR - utils.multi_thread_parser - multi_thread_parser.py:128 - 解析线程数据，规则：Overall，线程：2，日期：[]
2026-07-14 09:50:03 - ERROR - utils.multi_thread_parser - multi_thread_parser.py:128 - 解析线程数据，规则：Overall，线程：4，日期：['20260517']
2026-07-14 09:50:03 - ERROR - utils.multi_thread_parser - multi_thread_parser.py:128 - 解析线程数据，规则：Overall，线程：2，日期：[]
2026-07-14 09:50:03 - ERROR - utils.multi_thread_parser - multi_thread_parser.py:128 - 解析线程数据，规则：Overall，线程：4，日期：['20260517']
2026-07-14 09:50:03 - ERROR - utils.multi_thread_parser - multi_thread_parser.py:128 - 解析线程数据，规则：read_design，线程：2，日期：[]
2026-07-14 09:50:03 - ERROR - utils.multi_thread_parser - multi_thread_parser.py:128 - 解析线程数据，规则：read_design，线程：4，日期：['20260517']
2026-07-14 09:50:03 - ERROR - utils.multi_thread_parser - multi_thread_parser.py:128 - 解析线程数据，规则：read_design，线程：2，日期：[]
2026-07-14 09:50:03 - ERROR - utils.multi_thread_parser - multi_thread_parser.py:128 - 解析线程数据，规则：read_design，线程：4，日期：['20260517']
2026-07-14 09:51:04 - ERROR - utils.multi_thread_parser - multi_thread_parser.py:129 - 解析线程数据，规则：E0001，线程：2，日期：[]
2026-07-14 09:51:04 - ERROR - utils.multi_thread_parser - multi_thread_parser.py:129 - 解析线程数据，规则：E0001，线程：4，日期：['20260511']
2026-07-14 09:51:04 - ERROR - utils.multi_thread_parser - multi_thread_parser.py:129 - 解析线程数据，规则：E0001，线程：2，日期：[]
2026-07-14 09:51:04 - ERROR - utils.multi_thread_parser - multi_thread_parser.py:129 - 解析线程数据，规则：E0001，线程：4，日期：['20260511']
2026-07-14 09:51:04 - ERROR - utils.multi_thread_parser - multi_thread_parser.py:129 - 解析线程数据，规则：E0002，线程：2，日期：[]
2026-07-14 09:51:04 - ERROR - utils.multi_thread_parser - multi_thread_parser.py:129 - 解析线程数据，规则：E0002，线程：4，日期：['20260511']
2026-07-14 09:51:04 - ERROR - utils.multi_thread_parser - multi_thread_parser.py:129 - 解析线程数据，规则：E0002，线程：2，日期：[]
2026-07-14 09:51:04 - ERROR - utils.multi_thread_parser - multi_thread_parser.py:129 - 解析线程数据，规则：E0002，线程：4，日期：['20260511']
2026-07-14 09:51:04 - ERROR - utils.multi_thread_parser - multi_thread_parser.py:129 - 解析线程数据，规则：E0003，线程：2，日期：[]
2026-07-14 09:51:04 - ERROR - utils.multi_thread_parser - multi_thread_parser.py:129 - 解析线程数据，规则：E0003，线程：4，日期：['20260511']
2026-07-14 09:51:04 - ERROR - utils.multi_thread_parser - multi_thread_parser.py:129 - 解析线程数据，规则：E0003，线程：2，日期：[]
2026-07-14 09:51:04 - ERROR - utils.multi_thread_parser - multi_thread_parser.py:129 - 解析线程数据，规则：E0003，线程：4，日期：['20260511']
2026-07-14 09:51:04 - ERROR - utils.multi_thread_parser - multi_thread_parser.py:129 - 解析线程数据，规则：E0004，线程：2，日期：[]
2026-07-14 09:51:04 - ERROR - utils.multi_thread_parser - multi_thread_parser.py:129 - 解析线程数据，规则：E0004，线程：4，日期：['20260511']
2026-07-14 09:51:04 - ERROR - utils.multi_thread_parser - multi_thread_parser.py:129 - 解析线程数据，规则：E0004，线程：2，日期：[]
2026-07-14 09:51:04 - ERROR - utils.multi_thread_parser - multi_thread_parser.py:129 - 解析线程数据，规则：E0004，线程：4，日期：['20260511']
2026-07-14 09:51:04 - ERROR - utils.multi_thread_parser - multi_thread_parser.py:129 - 解析线程数据，规则：check_lint，线程：2，日期：[]
2026-07-14 09:51:04 - ERROR - utils.multi_thread_parser - multi_thread_parser.py:129 - 解析线程数据，规则：check_lint，线程：4，日期：['20260511']
2026-07-14 09:51:04 - ERROR - utils.multi_thread_parser - multi_thread_parser.py:129 - 解析线程数据，规则：check_lint，线程：2，日期：[]
2026-07-14 09:51:04 - ERROR - utils.multi_thread_parser - multi_thread_parser.py:129 - 解析线程数据，规则：check_lint，线程：4，日期：['20260511']
2026-07-14 09:51:04 - ERROR - utils.multi_thread_parser - multi_thread_parser.py:129 - 解析线程数据，规则：Overall，线程：2，日期：[]
2026-07-14 09:51:04 - ERROR - utils.multi_thread_parser - multi_thread_parser.py:129 - 解析线程数据，规则：Overall，线程：4，日期：['20260511']
2026-07-14 09:51:04 - ERROR - utils.multi_thread_parser - multi_thread_parser.py:129 - 解析线程数据，规则：Overall，线程：2，日期：[]
2026-07-14 09:51:04 - ERROR - utils.multi_thread_parser - multi_thread_parser.py:129 - 解析线程数据，规则：Overall，线程：4，日期：['20260511']
2026-07-14 09:51:04 - ERROR - utils.multi_thread_parser - multi_thread_parser.py:129 - 解析线程数据，规则：read_design，线程：2，日期：[]
2026-07-14 09:51:04 - ERROR - utils.multi_thread_parser - multi_thread_parser.py:129 - 解析线程数据，规则：read_design，线程：4，日期：['20260511']
2026-07-14 09:51:04 - ERROR - utils.multi_thread_parser - multi_thread_parser.py:129 - 解析线程数据，规则：read_design，线程：2，日期：[]
2026-07-14 09:51:04 - ERROR - utils.multi_thread_parser - multi_thread_parser.py:129 - 解析线程数据，规则：read_design，线程：4，日期：['20260511']
2026-07-14 09:51:04 - ERROR - utils.multi_thread_parser - multi_thread_parser.py:129 - 解析线程数据，规则：save_session，线程：2，日期：[]
2026-07-14 09:51:04 - ERROR - utils.multi_thread_parser - multi_thread_parser.py:129 - 解析线程数据，规则：save_session，线程：2，日期：[]
2026-07-14 09:51:04 - ERROR - utils.multi_thread_parser - multi_thread_parser.py:129 - 解析线程数据，规则：E0001，线程：2，日期：['20260511']
2026-07-14 09:51:04 - ERROR - utils.multi_thread_parser - multi_thread_parser.py:129 - 解析线程数据，规则：E0001，线程：4，日期：['20260511', '20260513']
2026-07-14 09:51:04 - ERROR - utils.multi_thread_parser - multi_thread_parser.py:129 - 解析线程数据，规则：E0001，线程：2，日期：['20260511']
2026-07-14 09:51:04 - ERROR - utils.multi_thread_parser - multi_thread_parser.py:129 - 解析线程数据，规则：E0001，线程：4，日期：['20260511', '20260513']
2026-07-14 09:51:04 - ERROR - utils.multi_thread_parser - multi_thread_parser.py:129 - 解析线程数据，规则：E0002，线程：2，日期：['20260511']
2026-07-14 09:51:04 - ERROR - utils.multi_thread_parser - multi_thread_parser.py:129 - 解析线程数据，规则：E0002，线程：4，日期：['20260511', '20260513']
2026-07-14 09:51:04 - ERROR - utils.multi_thread_parser - multi_thread_parser.py:129 - 解析线程数据，规则：E0002，线程：2，日期：['20260511']
2026-07-14 09:51:04 - ERROR - utils.multi_thread_parser - multi_thread_parser.py:129 - 解析线程数据，规则：E0002，线程：4，日期：['20260511', '20260513']
2026-07-14 09:51:04 - ERROR - utils.multi_thread_parser - multi_thread_parser.py:129 - 解析线程数据，规则：E0003，线程：2，日期：['20260511']
2026-07-14 09:51:04 - ERROR - utils.multi_thread_parser - multi_thread_parser.py:129 - 解析线程数据，规则：E0003，线程：4，日期：['20260511', '20260513']
2026-07-14 09:51:04 - ERROR - utils.multi_thread_parser - multi_thread_parser.py:129 - 解析线程数据，规则：E0003，线程：2，日期：['20260511']
2026-07-14 09:51:04 - ERROR - utils.multi_thread_parser - multi_thread_parser.py:129 - 解析线程数据，规则：E0003，线程：4，日期：['20260511', '20260513']
2026-07-14 09:51:04 - ERROR - utils.multi_thread_parser - multi_thread_parser.py:129 - 解析线程数据，规则：E0004，线程：2，日期：['20260511']
2026-07-14 09:51:04 - ERROR - utils.multi_thread_parser - multi_thread_parser.py:129 - 解析线程数据，规则：E0004，线程：4，日期：['20260511', '20260513']
2026-07-14 09:51:04 - ERROR - utils.multi_thread_parser - multi_thread_parser.py:129 - 解析线程数据，规则：E0004，线程：2，日期：['20260511']
2026-07-14 09:51:04 - ERROR - utils.multi_thread_parser - multi_thread_parser.py:129 - 解析线程数据，规则：E0004，线程：4，日期：['20260511', '20260513']
2026-07-14 09:51:04 - ERROR - utils.multi_thread_parser - multi_thread_parser.py:129 - 解析线程数据，规则：check_lint，线程：2，日期：['20260511']
2026-07-14 09:51:04 - ERROR - utils.multi_thread_parser - multi_thread_parser.py:129 - 解析线程数据，规则：check_lint，线程：4，日期：['20260511', '20260513']
2026-07-14 09:51:04 - ERROR - utils.multi_thread_parser - multi_thread_parser.py:129 - 解析线程数据，规则：check_lint，线程：2，日期：['20260511']
2026-07-14 09:51:04 - ERROR - utils.multi_thread_parser - multi_thread_parser.py:129 - 解析线程数据，规则：check_lint，线程：4，日期：['20260511', '20260513']
2026-07-14 09:51:04 - ERROR - utils.multi_thread_parser - multi_thread_parser.py:129 - 解析线程数据，规则：Overall，线程：2，日期：['20260511']
2026-07-14 09:51:04 - ERROR - utils.multi_thread_parser - multi_thread_parser.py:129 - 解析线程数据，规则：Overall，线程：4，日期：['20260511', '20260513']
2026-07-14 09:51:04 - ERROR - utils.multi_thread_parser - multi_thread_parser.py:129 - 解析线程数据，规则：Overall，线程：2，日期：['20260511']
2026-07-14 09:51:04 - ERROR - utils.multi_thread_parser - multi_thread_parser.py:129 - 解析线程数据，规则：Overall，线程：4，日期：['20260511', '20260513']
2026-07-14 09:51:04 - ERROR - utils.multi_thread_parser - multi_thread_parser.py:129 - 解析线程数据，规则：read_design，线程：2，日期：['20260511']
2026-07-14 09:51:04 - ERROR - utils.multi_thread_parser - multi_thread_parser.py:129 - 解析线程数据，规则：read_design，线程：4，日期：['20260511', '20260513']
2026-07-14 09:51:04 - ERROR - utils.multi_thread_parser - multi_thread_parser.py:129 - 解析线程数据，规则：read_design，线程：2，日期：['20260511']
2026-07-14 09:51:04 - ERROR - utils.multi_thread_parser - multi_thread_parser.py:129 - 解析线程数据，规则：read_design，线程：4，日期：['20260511', '20260513']
2026-07-14 09:51:04 - ERROR - utils.multi_thread_parser - multi_thread_parser.py:129 - 解析线程数据，规则：E0001，线程：2，日期：['20260511', '20260513']
2026-07-14 09:51:04 - ERROR - utils.multi_thread_parser - multi_thread_parser.py:129 - 解析线程数据，规则：E0001，线程：4，日期：['20260511', '20260513', '20260515']
2026-07-14 09:51:04 - ERROR - utils.multi_thread_parser - multi_thread_parser.py:129 - 解析线程数据，规则：E0001，线程：2，日期：['20260511', '20260513']
2026-07-14 09:51:04 - ERROR - utils.multi_thread_parser - multi_thread_parser.py:129 - 解析线程数据，规则：E0001，线程：4，日期：['20260511', '20260513', '20260515']
2026-07-14 09:51:04 - ERROR - utils.multi_thread_parser - multi_thread_parser.py:129 - 解析线程数据，规则：E0002，线程：2，日期：['20260511', '20260513']
2026-07-14 09:51:04 - ERROR - utils.multi_thread_parser - multi_thread_parser.py:129 - 解析线程数据，规则：E0002，线程：4，日期：['20260511', '20260513', '20260515']
2026-07-14 09:51:04 - ERROR - utils.multi_thread_parser - multi_thread_parser.py:129 - 解析线程数据，规则：E0002，线程：2，日期：['20260511', '20260513']
2026-07-14 09:51:04 - ERROR - utils.multi_thread_parser - multi_thread_parser.py:129 - 解析线程数据，规则：E0002，线程：4，日期：['20260511', '20260513', '20260515']
2026-07-14 09:51:04 - ERROR - utils.multi_thread_parser - multi_thread_parser.py:129 - 解析线程数据，规则：E0003，线程：2，日期：['20260511', '20260513']
2026-07-14 09:51:04 - ERROR - utils.multi_thread_parser - multi_thread_parser.py:129 - 解析线程数据，规则：E0003，线程：4，日期：['20260511', '20260513', '20260515']
2026-07-14 09:51:04 - ERROR - utils.multi_thread_parser - multi_thread_parser.py:129 - 解析线程数据，规则：E0003，线程：2，日期：['20260511', '20260513']
2026-07-14 09:51:04 - ERROR - utils.multi_thread_parser - multi_thread_parser.py:129 - 解析线程数据，规则：E0003，线程：4，日期：['20260511', '20260513', '20260515']
2026-07-14 09:51:04 - ERROR - utils.multi_thread_parser - multi_thread_parser.py:129 - 解析线程数据，规则：E0004，线程：2，日期：['20260511', '20260513']
2026-07-14 09:51:04 - ERROR - utils.multi_thread_parser - multi_thread_parser.py:129 - 解析线程数据，规则：E0004，线程：4，日期：['20260511', '20260513', '20260515']
2026-07-14 09:51:04 - ERROR - utils.multi_thread_parser - multi_thread_parser.py:129 - 解析线程数据，规则：E0004，线程：2，日期：['20260511', '20260513']
2026-07-14 09:51:04 - ERROR - utils.multi_thread_parser - multi_thread_parser.py:129 - 解析线程数据，规则：E0004，线程：4，日期：['20260511', '20260513', '20260515']
2026-07-14 09:51:04 - ERROR - utils.multi_thread_parser - multi_thread_parser.py:129 - 解析线程数据，规则：check_lint，线程：4，日期：['20260511', '20260513']
2026-07-14 09:51:04 - ERROR - utils.multi_thread_parser - multi_thread_parser.py:129 - 解析线程数据，规则：check_lint，线程：4，日期：['20260511', '20260513']
2026-07-14 09:51:04 - ERROR - utils.multi_thread_parser - multi_thread_parser.py:129 - 解析线程数据，规则：Overall，线程：4，日期：['20260511', '20260513']
2026-07-14 09:51:04 - ERROR - utils.multi_thread_parser - multi_thread_parser.py:129 - 解析线程数据，规则：Overall，线程：4，日期：['20260511', '20260513']
2026-07-14 09:51:04 - ERROR - utils.multi_thread_parser - multi_thread_parser.py:129 - 解析线程数据，规则：read_design，线程：4，日期：['20260511', '20260513']
2026-07-14 09:51:04 - ERROR - utils.multi_thread_parser - multi_thread_parser.py:129 - 解析线程数据，规则：read_design，线程：4，日期：['20260511', '20260513']
2026-07-14 09:51:04 - ERROR - utils.multi_thread_parser - multi_thread_parser.py:129 - 解析线程数据，规则：E0001，线程：2，日期：['20260511', '20260513', '20260515']
2026-07-14 09:51:04 - ERROR - utils.multi_thread_parser - multi_thread_parser.py:129 - 解析线程数据，规则：E0001，线程：4，日期：['20260511', '20260513', '20260515', '20260516']
2026-07-14 09:51:04 - ERROR - utils.multi_thread_parser - multi_thread_parser.py:129 - 解析线程数据，规则：E0001，线程：2，日期：['20260511', '20260513', '20260515']
2026-07-14 09:51:04 - ERROR - utils.multi_thread_parser - multi_thread_parser.py:129 - 解析线程数据，规则：E0001，线程：4，日期：['20260511', '20260513', '20260515', '20260516']
2026-07-14 09:51:04 - ERROR - utils.multi_thread_parser - multi_thread_parser.py:129 - 解析线程数据，规则：E0002，线程：2，日期：['20260511', '20260513', '20260515']
2026-07-14 09:51:04 - ERROR - utils.multi_thread_parser - multi_thread_parser.py:129 - 解析线程数据，规则：E0002，线程：4，日期：['20260511', '20260513', '20260515', '20260516']
2026-07-14 09:51:04 - ERROR - utils.multi_thread_parser - multi_thread_parser.py:129 - 解析线程数据，规则：E0002，线程：2，日期：['20260511', '20260513', '20260515']
2026-07-14 09:51:04 - ERROR - utils.multi_thread_parser - multi_thread_parser.py:129 - 解析线程数据，规则：E0002，线程：4，日期：['20260511', '20260513', '20260515', '20260516']
2026-07-14 09:51:04 - ERROR - utils.multi_thread_parser - multi_thread_parser.py:129 - 解析线程数据，规则：E0003，线程：2，日期：['20260511', '20260513', '20260515']
2026-07-14 09:51:04 - ERROR - utils.multi_thread_parser - multi_thread_parser.py:129 - 解析线程数据，规则：E0003，线程：4，日期：['20260511', '20260513', '20260515', '20260516']
2026-07-14 09:51:04 - ERROR - utils.multi_thread_parser - multi_thread_parser.py:129 - 解析线程数据，规则：E0003，线程：2，日期：['20260511', '20260513', '20260515']
2026-07-14 09:51:04 - ERROR - utils.multi_thread_parser - multi_thread_parser.py:129 - 解析线程数据，规则：E0003，线程：4，日期：['20260511', '20260513', '20260515', '20260516']
2026-07-14 09:51:04 - ERROR - utils.multi_thread_parser - multi_thread_parser.py:129 - 解析线程数据，规则：E0004，线程：2，日期：['20260511', '20260513', '20260515']
2026-07-14 09:51:04 - ERROR - utils.multi_thread_parser - multi_thread_parser.py:129 - 解析线程数据，规则：E0004，线程：4，日期：['20260511', '20260513', '20260515', '20260516']
2026-07-14 09:51:04 - ERROR - utils.multi_thread_parser - multi_thread_parser.py:129 - 解析线程数据，规则：E0004，线程：2，日期：['20260511', '20260513', '20260515']
2026-07-14 09:51:04 - ERROR - utils.multi_thread_parser - multi_thread_parser.py:129 - 解析线程数据，规则：E0004，线程：4，日期：['20260511', '20260513', '20260515', '20260516']
2026-07-14 09:51:04 - ERROR - utils.multi_thread_parser - multi_thread_parser.py:129 - 解析线程数据，规则：check_lint，线程：4，日期：['20260511', '20260513', '20260515']
2026-07-14 09:51:04 - ERROR - utils.multi_thread_parser - multi_thread_parser.py:129 - 解析线程数据，规则：check_lint，线程：4，日期：['20260511', '20260513', '20260515']
2026-07-14 09:51:04 - ERROR - utils.multi_thread_parser - multi_thread_parser.py:129 - 解析线程数据，规则：Overall，线程：4，日期：['20260511', '20260513', '20260515']
2026-07-14 09:51:04 - ERROR - utils.multi_thread_parser - multi_thread_parser.py:129 - 解析线程数据，规则：Overall，线程：4，日期：['20260511', '20260513', '20260515']
2026-07-14 09:51:04 - ERROR - utils.multi_thread_parser - multi_thread_parser.py:129 - 解析线程数据，规则：read_design，线程：4，日期：['20260511', '20260513', '20260515']
2026-07-14 09:51:04 - ERROR - utils.multi_thread_parser - multi_thread_parser.py:129 - 解析线程数据，规则：read_design，线程：4，日期：['20260511', '20260513', '20260515']
2026-07-14 09:51:04 - ERROR - utils.multi_thread_parser - multi_thread_parser.py:129 - 解析线程数据，规则：E0001，线程：2，日期：['20260511', '20260513', '20260515', '20260516']
2026-07-14 09:51:04 - ERROR - utils.multi_thread_parser - multi_thread_parser.py:129 - 解析线程数据，规则：E0001，线程：4，日期：['20260511', '20260513', '20260515', '20260516', '20260517']
2026-07-14 09:51:04 - ERROR - utils.multi_thread_parser - multi_thread_parser.py:129 - 解析线程数据，规则：E0001，线程：2，日期：['20260511', '20260513', '20260515', '20260516']
2026-07-14 09:51:04 - ERROR - utils.multi_thread_parser - multi_thread_parser.py:129 - 解析线程数据，规则：E0001，线程：4，日期：['20260511', '20260513', '20260515', '20260516', '20260517']
2026-07-14 09:51:04 - ERROR - utils.multi_thread_parser - multi_thread_parser.py:129 - 解析线程数据，规则：E0002，线程：2，日期：['20260511', '20260513', '20260515', '20260516']
2026-07-14 09:51:04 - ERROR - utils.multi_thread_parser - multi_thread_parser.py:129 - 解析线程数据，规则：E0002，线程：4，日期：['20260511', '20260513', '20260515', '20260516', '20260517']
2026-07-14 09:51:04 - ERROR - utils.multi_thread_parser - multi_thread_parser.py:129 - 解析线程数据，规则：E0002，线程：2，日期：['20260511', '20260513', '20260515', '20260516']
2026-07-14 09:51:04 - ERROR - utils.multi_thread_parser - multi_thread_parser.py:129 - 解析线程数据，规则：E0002，线程：4，日期：['20260511', '20260513', '20260515', '20260516', '20260517']
2026-07-14 09:51:04 - ERROR - utils.multi_thread_parser - multi_thread_parser.py:129 - 解析线程数据，规则：E0003，线程：2，日期：['20260511', '20260513', '20260515', '20260516']
2026-07-14 09:51:04 - ERROR - utils.multi_thread_parser - multi_thread_parser.py:129 - 解析线程数据，规则：E0003，线程：4，日期：['20260511', '20260513', '20260515', '20260516', '20260517']
2026-07-14 09:51:04 - ERROR - utils.multi_thread_parser - multi_thread_parser.py:129 - 解析线程数据，规则：E0003，线程：2，日期：['20260511', '20260513', '20260515', '20260516']
2026-07-14 09:51:04 - ERROR - utils.multi_thread_parser - multi_thread_parser.py:129 - 解析线程数据，规则：E0003，线程：4，日期：['20260511', '20260513', '20260515', '20260516', '20260517']
2026-07-14 09:51:04 - ERROR - utils.multi_thread_parser - multi_thread_parser.py:129 - 解析线程数据，规则：E0004，线程：2，日期：['20260511', '20260513', '20260515', '20260516']
2026-07-14 09:51:04 - ERROR - utils.multi_thread_parser - multi_thread_parser.py:129 - 解析线程数据，规则：E0004，线程：4，日期：['20260511', '20260513', '20260515', '20260516', '20260517']
2026-07-14 09:51:04 - ERROR - utils.multi_thread_parser - multi_thread_parser.py:129 - 解析线程数据，规则：E0004，线程：2，日期：['20260511', '20260513', '20260515', '20260516']
2026-07-14 09:51:04 - ERROR - utils.multi_thread_parser - multi_thread_parser.py:129 - 解析线程数据，规则：E0004，线程：4，日期：['20260511', '20260513', '20260515', '20260516', '20260517']
2026-07-14 09:51:04 - ERROR - utils.multi_thread_parser - multi_thread_parser.py:129 - 解析线程数据，规则：check_lint，线程：4，日期：['20260511', '20260513', '20260515', '20260516']
2026-07-14 09:51:04 - ERROR - utils.multi_thread_parser - multi_thread_parser.py:129 - 解析线程数据，规则：check_lint，线程：4，日期：['20260511', '20260513', '20260515', '20260516']
2026-07-14 09:51:04 - ERROR - utils.multi_thread_parser - multi_thread_parser.py:129 - 解析线程数据，规则：Overall，线程：4，日期：['20260511', '20260513', '20260515', '20260516']
2026-07-14 09:51:04 - ERROR - utils.multi_thread_parser - multi_thread_parser.py:129 - 解析线程数据，规则：Overall，线程：4，日期：['20260511', '20260513', '20260515', '20260516']
2026-07-14 09:51:04 - ERROR - utils.multi_thread_parser - multi_thread_parser.py:129 - 解析线程数据，规则：read_design，线程：4，日期：['20260511', '20260513', '20260515', '20260516']
2026-07-14 09:51:04 - ERROR - utils.multi_thread_parser - multi_thread_parser.py:129 - 解析线程数据，规则：read_design，线程：4，日期：['20260511', '20260513', '20260515', '20260516']
2026-07-14 09:51:04 - ERROR - utils.multi_thread_parser - multi_thread_parser.py:129 - 解析线程数据，规则：E0001，线程：2，日期：[]
2026-07-14 09:51:04 - ERROR - utils.multi_thread_parser - multi_thread_parser.py:129 - 解析线程数据，规则：E0001，线程：4，日期：['20260511']
2026-07-14 09:51:04 - ERROR - utils.multi_thread_parser - multi_thread_parser.py:129 - 解析线程数据，规则：E0001，线程：2，日期：[]
2026-07-14 09:51:04 - ERROR - utils.multi_thread_parser - multi_thread_parser.py:129 - 解析线程数据，规则：E0001，线程：4，日期：['20260511']
2026-07-14 09:51:04 - ERROR - utils.multi_thread_parser - multi_thread_parser.py:129 - 解析线程数据，规则：E0002，线程：2，日期：[]
2026-07-14 09:51:04 - ERROR - utils.multi_thread_parser - multi_thread_parser.py:129 - 解析线程数据，规则：E0002，线程：4，日期：['20260511']
2026-07-14 09:51:04 - ERROR - utils.multi_thread_parser - multi_thread_parser.py:129 - 解析线程数据，规则：E0002，线程：2，日期：[]
2026-07-14 09:51:04 - ERROR - utils.multi_thread_parser - multi_thread_parser.py:129 - 解析线程数据，规则：E0002，线程：4，日期：['20260511']
2026-07-14 09:51:04 - ERROR - utils.multi_thread_parser - multi_thread_parser.py:129 - 解析线程数据，规则：E0003，线程：2，日期：[]
2026-07-14 09:51:04 - ERROR - utils.multi_thread_parser - multi_thread_parser.py:129 - 解析线程数据，规则：E0003，线程：4，日期：['20260511']
2026-07-14 09:51:04 - ERROR - utils.multi_thread_parser - multi_thread_parser.py:129 - 解析线程数据，规则：E0003，线程：2，日期：[]
2026-07-14 09:51:04 - ERROR - utils.multi_thread_parser - multi_thread_parser.py:129 - 解析线程数据，规则：E0003，线程：4，日期：['20260511']
2026-07-14 09:51:04 - ERROR - utils.multi_thread_parser - multi_thread_parser.py:129 - 解析线程数据，规则：E0004，线程：2，日期：[]
2026-07-14 09:51:04 - ERROR - utils.multi_thread_parser - multi_thread_parser.py:129 - 解析线程数据，规则：E0004，线程：4，日期：['20260511']
2026-07-14 09:51:04 - ERROR - utils.multi_thread_parser - multi_thread_parser.py:129 - 解析线程数据，规则：E0004，线程：2，日期：[]
2026-07-14 09:51:04 - ERROR - utils.multi_thread_parser - multi_thread_parser.py:129 - 解析线程数据，规则：E0004，线程：4，日期：['20260511']
2026-07-14 09:51:04 - ERROR - utils.multi_thread_parser - multi_thread_parser.py:129 - 解析线程数据，规则：check_lint，线程：2，日期：[]
2026-07-14 09:51:04 - ERROR - utils.multi_thread_parser - multi_thread_parser.py:129 - 解析线程数据，规则：check_lint，线程：4，日期：['20260511']
2026-07-14 09:51:04 - ERROR - utils.multi_thread_parser - multi_thread_parser.py:129 - 解析线程数据，规则：check_lint，线程：2，日期：[]
2026-07-14 09:51:04 - ERROR - utils.multi_thread_parser - multi_thread_parser.py:129 - 解析线程数据，规则：check_lint，线程：4，日期：['20260511']
2026-07-14 09:51:04 - ERROR - utils.multi_thread_parser - multi_thread_parser.py:129 - 解析线程数据，规则：Overall，线程：2，日期：[]
2026-07-14 09:51:04 - ERROR - utils.multi_thread_parser - multi_thread_parser.py:129 - 解析线程数据，规则：Overall，线程：4，日期：['20260511']
2026-07-14 09:51:04 - ERROR - utils.multi_thread_parser - multi_thread_parser.py:129 - 解析线程数据，规则：Overall，线程：2，日期：[]
2026-07-14 09:51:04 - ERROR - utils.multi_thread_parser - multi_thread_parser.py:129 - 解析线程数据，规则：Overall，线程：4，日期：['20260511']
2026-07-14 09:51:04 - ERROR - utils.multi_thread_parser - multi_thread_parser.py:129 - 解析线程数据，规则：read_design，线程：2，日期：[]
2026-07-14 09:51:04 - ERROR - utils.multi_thread_parser - multi_thread_parser.py:129 - 解析线程数据，规则：read_design，线程：4，日期：['20260511']
2026-07-14 09:51:04 - ERROR - utils.multi_thread_parser - multi_thread_parser.py:129 - 解析线程数据，规则：read_design，线程：2，日期：[]
2026-07-14 09:51:04 - ERROR - utils.multi_thread_parser - multi_thread_parser.py:129 - 解析线程数据，规则：read_design，线程：4，日期：['20260511']
2026-07-14 09:51:04 - ERROR - utils.multi_thread_parser - multi_thread_parser.py:129 - 解析线程数据，规则：E0001，线程：2，日期：['20260511']
2026-07-14 09:51:04 - ERROR - utils.multi_thread_parser - multi_thread_parser.py:129 - 解析线程数据，规则：E0001，线程：4，日期：['20260511', '20260513']
2026-07-14 09:51:04 - ERROR - utils.multi_thread_parser - multi_thread_parser.py:129 - 解析线程数据，规则：E0001，线程：2，日期：['20260511']
2026-07-14 09:51:04 - ERROR - utils.multi_thread_parser - multi_thread_parser.py:129 - 解析线程数据，规则：E0001，线程：4，日期：['20260511', '20260513']
2026-07-14 09:51:04 - ERROR - utils.multi_thread_parser - multi_thread_parser.py:129 - 解析线程数据，规则：E0002，线程：2，日期：['20260511']
2026-07-14 09:51:04 - ERROR - utils.multi_thread_parser - multi_thread_parser.py:129 - 解析线程数据，规则：E0002，线程：4，日期：['20260511', '20260513']
2026-07-14 09:51:04 - ERROR - utils.multi_thread_parser - multi_thread_parser.py:129 - 解析线程数据，规则：E0002，线程：2，日期：['20260511']
2026-07-14 09:51:04 - ERROR - utils.multi_thread_parser - multi_thread_parser.py:129 - 解析线程数据，规则：E0002，线程：4，日期：['20260511', '20260513']
2026-07-14 09:51:04 - ERROR - utils.multi_thread_parser - multi_thread_parser.py:129 - 解析线程数据，规则：E0003，线程：2，日期：['20260511']
2026-07-14 09:51:04 - ERROR - utils.multi_thread_parser - multi_thread_parser.py:129 - 解析线程数据，规则：E0003，线程：4，日期：['20260511', '20260513']
2026-07-14 09:51:04 - ERROR - utils.multi_thread_parser - multi_thread_parser.py:129 - 解析线程数据，规则：E0003，线程：2，日期：['20260511']
2026-07-14 09:51:04 - ERROR - utils.multi_thread_parser - multi_thread_parser.py:129 - 解析线程数据，规则：E0003，线程：4，日期：['20260511', '20260513']
2026-07-14 09:51:04 - ERROR - utils.multi_thread_parser - multi_thread_parser.py:129 - 解析线程数据，规则：E0004，线程：2，日期：['20260511']
2026-07-14 09:51:04 - ERROR - utils.multi_thread_parser - multi_thread_parser.py:129 - 解析线程数据，规则：E0004，线程：4，日期：['20260511', '20260513']
2026-07-14 09:51:04 - ERROR - utils.multi_thread_parser - multi_thread_parser.py:129 - 解析线程数据，规则：E0004，线程：2，日期：['20260511']
2026-07-14 09:51:04 - ERROR - utils.multi_thread_parser - multi_thread_parser.py:129 - 解析线程数据，规则：E0004，线程：4，日期：['20260511', '20260513']
2026-07-14 09:51:04 - ERROR - utils.multi_thread_parser - multi_thread_parser.py:129 - 解析线程数据，规则：check_lint，线程：2，日期：['20260511']
2026-07-14 09:51:04 - ERROR - utils.multi_thread_parser - multi_thread_parser.py:129 - 解析线程数据，规则：check_lint，线程：4，日期：['20260511', '20260513']
2026-07-14 09:51:04 - ERROR - utils.multi_thread_parser - multi_thread_parser.py:129 - 解析线程数据，规则：check_lint，线程：2，日期：['20260511']
2026-07-14 09:51:04 - ERROR - utils.multi_thread_parser - multi_thread_parser.py:129 - 解析线程数据，规则：check_lint，线程：4，日期：['20260511', '20260513']
2026-07-14 09:51:04 - ERROR - utils.multi_thread_parser - multi_thread_parser.py:129 - 解析线程数据，规则：Overall，线程：2，日期：['20260511']
2026-07-14 09:51:04 - ERROR - utils.multi_thread_parser - multi_thread_parser.py:129 - 解析线程数据，规则：Overall，线程：4，日期：['20260511', '20260513']
2026-07-14 09:51:04 - ERROR - utils.multi_thread_parser - multi_thread_parser.py:129 - 解析线程数据，规则：Overall，线程：2，日期：['20260511']
2026-07-14 09:51:04 - ERROR - utils.multi_thread_parser - multi_thread_parser.py:129 - 解析线程数据，规则：Overall，线程：4，日期：['20260511', '20260513']
2026-07-14 09:51:04 - ERROR - utils.multi_thread_parser - multi_thread_parser.py:129 - 解析线程数据，规则：read_design，线程：2，日期：['20260511']
2026-07-14 09:51:04 - ERROR - utils.multi_thread_parser - multi_thread_parser.py:129 - 解析线程数据，规则：read_design，线程：4，日期：['20260511', '20260513']
2026-07-14 09:51:04 - ERROR - utils.multi_thread_parser - multi_thread_parser.py:129 - 解析线程数据，规则：read_design，线程：2，日期：['20260511']
2026-07-14 09:51:04 - ERROR - utils.multi_thread_parser - multi_thread_parser.py:129 - 解析线程数据，规则：read_design，线程：4，日期：['20260511', '20260513']
2026-07-14 09:51:04 - ERROR - utils.multi_thread_parser - multi_thread_parser.py:129 - 解析线程数据，规则：E0001，线程：2，日期：['20260511', '20260513']
2026-07-14 09:51:04 - ERROR - utils.multi_thread_parser - multi_thread_parser.py:129 - 解析线程数据，规则：E0001，线程：4，日期：['20260511', '20260513', '20260515']
2026-07-14 09:51:04 - ERROR - utils.multi_thread_parser - multi_thread_parser.py:129 - 解析线程数据，规则：E0001，线程：2，日期：['20260511', '20260513']
2026-07-14 09:51:04 - ERROR - utils.multi_thread_parser - multi_thread_parser.py:129 - 解析线程数据，规则：E0001，线程：4，日期：['20260511', '20260513', '20260515']
2026-07-14 09:51:04 - ERROR - utils.multi_thread_parser - multi_thread_parser.py:129 - 解析线程数据，规则：E0002，线程：2，日期：['20260511', '20260513']
2026-07-14 09:51:04 - ERROR - utils.multi_thread_parser - multi_thread_parser.py:129 - 解析线程数据，规则：E0002，线程：4，日期：['20260511', '20260513', '20260515']
2026-07-14 09:51:04 - ERROR - utils.multi_thread_parser - multi_thread_parser.py:129 - 解析线程数据，规则：E0002，线程：2，日期：['20260511', '20260513']
2026-07-14 09:51:04 - ERROR - utils.multi_thread_parser - multi_thread_parser.py:129 - 解析线程数据，规则：E0002，线程：4，日期：['20260511', '20260513', '20260515']
2026-07-14 09:51:04 - ERROR - utils.multi_thread_parser - multi_thread_parser.py:129 - 解析线程数据，规则：E0003，线程：2，日期：['20260511', '20260513']
2026-07-14 09:51:04 - ERROR - utils.multi_thread_parser - multi_thread_parser.py:129 - 解析线程数据，规则：E0003，线程：4，日期：['20260511', '20260513', '20260515']
2026-07-14 09:51:04 - ERROR - utils.multi_thread_parser - multi_thread_parser.py:129 - 解析线程数据，规则：E0003，线程：2，日期：['20260511', '20260513']
2026-07-14 09:51:04 - ERROR - utils.multi_thread_parser - multi_thread_parser.py:129 - 解析线程数据，规则：E0003，线程：4，日期：['20260511', '20260513', '20260515']
2026-07-14 09:51:04 - ERROR - utils.multi_thread_parser - multi_thread_parser.py:129 - 解析线程数据，规则：E0004，线程：2，日期：['20260511', '20260513']
2026-07-14 09:51:04 - ERROR - utils.multi_thread_parser - multi_thread_parser.py:129 - 解析线程数据，规则：E0004，线程：4，日期：['20260511', '20260513', '20260515']
2026-07-14 09:51:04 - ERROR - utils.multi_thread_parser - multi_thread_parser.py:129 - 解析线程数据，规则：E0004，线程：2，日期：['20260511', '20260513']
2026-07-14 09:51:04 - ERROR - utils.multi_thread_parser - multi_thread_parser.py:129 - 解析线程数据，规则：E0004，线程：4，日期：['20260511', '20260513', '20260515']
2026-07-14 09:51:04 - ERROR - utils.multi_thread_parser - multi_thread_parser.py:129 - 解析线程数据，规则：check_lint，线程：2，日期：['20260511', '20260513']
2026-07-14 09:51:04 - ERROR - utils.multi_thread_parser - multi_thread_parser.py:129 - 解析线程数据，规则：check_lint，线程：4，日期：['20260511', '20260513', '20260515']
2026-07-14 09:51:04 - ERROR - utils.multi_thread_parser - multi_thread_parser.py:129 - 解析线程数据，规则：check_lint，线程：2，日期：['20260511', '20260513']
2026-07-14 09:51:04 - ERROR - utils.multi_thread_parser - multi_thread_parser.py:129 - 解析线程数据，规则：check_lint，线程：4，日期：['20260511', '20260513', '20260515']
2026-07-14 09:51:04 - ERROR - utils.multi_thread_parser - multi_thread_parser.py:129 - 解析线程数据，规则：Overall，线程：2，日期：['20260511', '20260513']
2026-07-14 09:51:04 - ERROR - utils.multi_thread_parser - multi_thread_parser.py:129 - 解析线程数据，规则：Overall，线程：4，日期：['20260511', '20260513', '20260515']
2026-07-14 09:51:04 - ERROR - utils.multi_thread_parser - multi_thread_parser.py:129 - 解析线程数据，规则：Overall，线程：2，日期：['20260511', '20260513']
2026-07-14 09:51:04 - ERROR - utils.multi_thread_parser - multi_thread_parser.py:129 - 解析线程数据，规则：Overall，线程：4，日期：['20260511', '20260513', '20260515']
2026-07-14 09:51:04 - ERROR - utils.multi_thread_parser - multi_thread_parser.py:129 - 解析线程数据，规则：read_design，线程：2，日期：['20260511', '20260513']
2026-07-14 09:51:04 - ERROR - utils.multi_thread_parser - multi_thread_parser.py:129 - 解析线程数据，规则：read_design，线程：4，日期：['20260511', '20260513', '20260515']
2026-07-14 09:51:04 - ERROR - utils.multi_thread_parser - multi_thread_parser.py:129 - 解析线程数据，规则：read_design，线程：2，日期：['20260511', '20260513']
2026-07-14 09:51:04 - ERROR - utils.multi_thread_parser - multi_thread_parser.py:129 - 解析线程数据，规则：read_design，线程：4，日期：['20260511', '20260513', '20260515']
2026-07-14 09:51:04 - ERROR - utils.multi_thread_parser - multi_thread_parser.py:129 - 解析线程数据，规则：E0001，线程：2，日期：['20260511', '20260513', '20260515']
2026-07-14 09:51:04 - ERROR - utils.multi_thread_parser - multi_thread_parser.py:129 - 解析线程数据，规则：E0001，线程：4，日期：['20260511', '20260513', '20260515', '20260516']
2026-07-14 09:51:04 - ERROR - utils.multi_thread_parser - multi_thread_parser.py:129 - 解析线程数据，规则：E0001，线程：2，日期：['20260511', '20260513', '20260515']
2026-07-14 09:51:04 - ERROR - utils.multi_thread_parser - multi_thread_parser.py:129 - 解析线程数据，规则：E0001，线程：4，日期：['20260511', '20260513', '20260515', '20260516']
2026-07-14 09:51:04 - ERROR - utils.multi_thread_parser - multi_thread_parser.py:129 - 解析线程数据，规则：E0002，线程：2，日期：['20260511', '20260513', '20260515']
2026-07-14 09:51:04 - ERROR - utils.multi_thread_parser - multi_thread_parser.py:129 - 解析线程数据，规则：E0002，线程：4，日期：['20260511', '20260513', '20260515', '20260516']
2026-07-14 09:51:04 - ERROR - utils.multi_thread_parser - multi_thread_parser.py:129 - 解析线程数据，规则：E0002，线程：2，日期：['20260511', '20260513', '20260515']
2026-07-14 09:51:04 - ERROR - utils.multi_thread_parser - multi_thread_parser.py:129 - 解析线程数据，规则：E0002，线程：4，日期：['20260511', '20260513', '20260515', '20260516']
2026-07-14 09:51:04 - ERROR - utils.multi_thread_parser - multi_thread_parser.py:129 - 解析线程数据，规则：E0003，线程：2，日期：['20260511', '20260513', '20260515']
2026-07-14 09:51:04 - ERROR - utils.multi_thread_parser - multi_thread_parser.py:129 - 解析线程数据，规则：E0003，线程：4，日期：['20260511', '20260513', '20260515', '20260516']
2026-07-14 09:51:04 - ERROR - utils.multi_thread_parser - multi_thread_parser.py:129 - 解析线程数据，规则：E0003，线程：2，日期：['20260511', '20260513', '20260515']
2026-07-14 09:51:04 - ERROR - utils.multi_thread_parser - multi_thread_parser.py:129 - 解析线程数据，规则：E0003，线程：4，日期：['20260511', '20260513', '20260515', '20260516']
2026-07-14 09:51:04 - ERROR - utils.multi_thread_parser - multi_thread_parser.py:129 - 解析线程数据，规则：E0004，线程：2，日期：['20260511', '20260513', '20260515']
2026-07-14 09:51:04 - ERROR - utils.multi_thread_parser - multi_thread_parser.py:129 - 解析线程数据，规则：E0004，线程：4，日期：['20260511', '20260513', '20260515', '20260516']
2026-07-14 09:51:04 - ERROR - utils.multi_thread_parser - multi_thread_parser.py:129 - 解析线程数据，规则：E0004，线程：2，日期：['20260511', '20260513', '20260515']
2026-07-14 09:51:04 - ERROR - utils.multi_thread_parser - multi_thread_parser.py:129 - 解析线程数据，规则：E0004，线程：4，日期：['20260511', '20260513', '20260515', '20260516']
2026-07-14 09:51:04 - ERROR - utils.multi_thread_parser - multi_thread_parser.py:129 - 解析线程数据，规则：check_lint，线程：2，日期：['20260511', '20260513', '20260515']
2026-07-14 09:51:04 - ERROR - utils.multi_thread_parser - multi_thread_parser.py:129 - 解析线程数据，规则：check_lint，线程：4，日期：['20260511', '20260513', '20260515', '20260516']
2026-07-14 09:51:04 - ERROR - utils.multi_thread_parser - multi_thread_parser.py:129 - 解析线程数据，规则：check_lint，线程：2，日期：['20260511', '20260513', '20260515']
2026-07-14 09:51:04 - ERROR - utils.multi_thread_parser - multi_thread_parser.py:129 - 解析线程数据，规则：check_lint，线程：4，日期：['20260511', '20260513', '20260515', '20260516']
2026-07-14 09:51:04 - ERROR - utils.multi_thread_parser - multi_thread_parser.py:129 - 解析线程数据，规则：Overall，线程：2，日期：['20260511', '20260513', '20260515']
2026-07-14 09:51:04 - ERROR - utils.multi_thread_parser - multi_thread_parser.py:129 - 解析线程数据，规则：Overall，线程：4，日期：['20260511', '20260513', '20260515', '20260516']
2026-07-14 09:51:04 - ERROR - utils.multi_thread_parser - multi_thread_parser.py:129 - 解析线程数据，规则：Overall，线程：2，日期：['20260511', '20260513', '20260515']
2026-07-14 09:51:04 - ERROR - utils.multi_thread_parser - multi_thread_parser.py:129 - 解析线程数据，规则：Overall，线程：4，日期：['20260511', '20260513', '20260515', '20260516']
2026-07-14 09:51:04 - ERROR - utils.multi_thread_parser - multi_thread_parser.py:129 - 解析线程数据，规则：read_design，线程：2，日期：['20260511', '20260513', '20260515']
2026-07-14 09:51:04 - ERROR - utils.multi_thread_parser - multi_thread_parser.py:129 - 解析线程数据，规则：read_design，线程：4，日期：['20260511', '20260513', '20260515', '20260516']
2026-07-14 09:51:04 - ERROR - utils.multi_thread_parser - multi_thread_parser.py:129 - 解析线程数据，规则：read_design，线程：2，日期：['20260511', '20260513', '20260515']
2026-07-14 09:51:04 - ERROR - utils.multi_thread_parser - multi_thread_parser.py:129 - 解析线程数据，规则：read_design，线程：4，日期：['20260511', '20260513', '20260515', '20260516']
2026-07-14 09:51:04 - ERROR - utils.multi_thread_parser - multi_thread_parser.py:129 - 解析线程数据，规则：E0001，线程：2，日期：['20260511', '20260513', '20260515', '20260516']
2026-07-14 09:51:04 - ERROR - utils.multi_thread_parser - multi_thread_parser.py:129 - 解析线程数据，规则：E0001，线程：4，日期：['20260511', '20260513', '20260515', '20260516', '20260517']
2026-07-14 09:51:04 - ERROR - utils.multi_thread_parser - multi_thread_parser.py:129 - 解析线程数据，规则：E0001，线程：2，日期：['20260511', '20260513', '20260515', '20260516']
2026-07-14 09:51:04 - ERROR - utils.multi_thread_parser - multi_thread_parser.py:129 - 解析线程数据，规则：E0001，线程：4，日期：['20260511', '20260513', '20260515', '20260516', '20260517']
2026-07-14 09:51:04 - ERROR - utils.multi_thread_parser - multi_thread_parser.py:129 - 解析线程数据，规则：E0002，线程：2，日期：['20260511', '20260513', '20260515', '20260516']
2026-07-14 09:51:04 - ERROR - utils.multi_thread_parser - multi_thread_parser.py:129 - 解析线程数据，规则：E0002，线程：4，日期：['20260511', '20260513', '20260515', '20260516', '20260517']
2026-07-14 09:51:04 - ERROR - utils.multi_thread_parser - multi_thread_parser.py:129 - 解析线程数据，规则：E0002，线程：2，日期：['20260511', '20260513', '20260515', '20260516']
2026-07-14 09:51:04 - ERROR - utils.multi_thread_parser - multi_thread_parser.py:129 - 解析线程数据，规则：E0002，线程：4，日期：['20260511', '20260513', '20260515', '20260516', '20260517']
2026-07-14 09:51:04 - ERROR - utils.multi_thread_parser - multi_thread_parser.py:129 - 解析线程数据，规则：E0003，线程：2，日期：['20260511', '20260513', '20260515', '20260516']
2026-07-14 09:51:04 - ERROR - utils.multi_thread_parser - multi_thread_parser.py:129 - 解析线程数据，规则：E0003，线程：4，日期：['20260511', '20260513', '20260515', '20260516', '20260517']
2026-07-14 09:51:04 - ERROR - utils.multi_thread_parser - multi_thread_parser.py:129 - 解析线程数据，规则：E0003，线程：2，日期：['20260511', '20260513', '20260515', '20260516']
2026-07-14 09:51:04 - ERROR - utils.multi_thread_parser - multi_thread_parser.py:129 - 解析线程数据，规则：E0003，线程：4，日期：['20260511', '20260513', '20260515', '20260516', '20260517']
2026-07-14 09:51:04 - ERROR - utils.multi_thread_parser - multi_thread_parser.py:129 - 解析线程数据，规则：E0004，线程：2，日期：['20260511', '20260513', '20260515', '20260516']
2026-07-14 09:51:04 - ERROR - utils.multi_thread_parser - multi_thread_parser.py:129 - 解析线程数据，规则：E0004，线程：4，日期：['20260511', '20260513', '20260515', '20260516', '20260517']
2026-07-14 09:51:04 - ERROR - utils.multi_thread_parser - multi_thread_parser.py:129 - 解析线程数据，规则：E0004，线程：2，日期：['20260511', '20260513', '20260515', '20260516']
2026-07-14 09:51:04 - ERROR - utils.multi_thread_parser - multi_thread_parser.py:129 - 解析线程数据，规则：E0004，线程：4，日期：['20260511', '20260513', '20260515', '20260516', '20260517']
2026-07-14 09:51:04 - ERROR - utils.multi_thread_parser - multi_thread_parser.py:129 - 解析线程数据，规则：check_lint，线程：2，日期：['20260511', '20260513', '20260515', '20260516']
2026-07-14 09:51:04 - ERROR - utils.multi_thread_parser - multi_thread_parser.py:129 - 解析线程数据，规则：check_lint，线程：4，日期：['20260511', '20260513', '20260515', '20260516', '20260517']
2026-07-14 09:51:04 - ERROR - utils.multi_thread_parser - multi_thread_parser.py:129 - 解析线程数据，规则：check_lint，线程：2，日期：['20260511', '20260513', '20260515', '20260516']
2026-07-14 09:51:04 - ERROR - utils.multi_thread_parser - multi_thread_parser.py:129 - 解析线程数据，规则：check_lint，线程：4，日期：['20260511', '20260513', '20260515', '20260516', '20260517']
2026-07-14 09:51:04 - ERROR - utils.multi_thread_parser - multi_thread_parser.py:129 - 解析线程数据，规则：Overall，线程：2，日期：['20260511', '20260513', '20260515', '20260516']
2026-07-14 09:51:04 - ERROR - utils.multi_thread_parser - multi_thread_parser.py:129 - 解析线程数据，规则：Overall，线程：4，日期：['20260511', '20260513', '20260515', '20260516', '20260517']
2026-07-14 09:51:04 - ERROR - utils.multi_thread_parser - multi_thread_parser.py:129 - 解析线程数据，规则：Overall，线程：2，日期：['20260511', '20260513', '20260515', '20260516']
2026-07-14 09:51:04 - ERROR - utils.multi_thread_parser - multi_thread_parser.py:129 - 解析线程数据，规则：Overall，线程：4，日期：['20260511', '20260513', '20260515', '20260516', '20260517']
2026-07-14 09:51:04 - ERROR - utils.multi_thread_parser - multi_thread_parser.py:129 - 解析线程数据，规则：read_design，线程：2，日期：['20260511', '20260513', '20260515', '20260516']
2026-07-14 09:51:04 - ERROR - utils.multi_thread_parser - multi_thread_parser.py:129 - 解析线程数据，规则：read_design，线程：4，日期：['20260511', '20260513', '20260515', '20260516', '20260517']
2026-07-14 09:51:04 - ERROR - utils.multi_thread_parser - multi_thread_parser.py:129 - 解析线程数据，规则：read_design，线程：2，日期：['20260511', '20260513', '20260515', '20260516']
2026-07-14 09:51:04 - ERROR - utils.multi_thread_parser - multi_thread_parser.py:129 - 解析线程数据，规则：read_design，线程：4，日期：['20260511', '20260513', '20260515', '20260516', '20260517']
2026-07-14 09:51:27 - ERROR - utils.multi_thread_parser - multi_thread_parser.py:129 - 解析线程数据，规则：E0001，线程：2，日期：[]
2026-07-14 09:51:27 - ERROR - utils.multi_thread_parser - multi_thread_parser.py:129 - 解析线程数据，规则：E0001，线程：4，日期：['20260511']
2026-07-14 09:51:27 - ERROR - utils.multi_thread_parser - multi_thread_parser.py:129 - 解析线程数据，规则：E0001，线程：2，日期：[]
2026-07-14 09:51:27 - ERROR - utils.multi_thread_parser - multi_thread_parser.py:129 - 解析线程数据，规则：E0001，线程：4，日期：['20260511']
2026-07-14 09:51:27 - ERROR - utils.multi_thread_parser - multi_thread_parser.py:129 - 解析线程数据，规则：E0002，线程：2，日期：[]
2026-07-14 09:51:27 - ERROR - utils.multi_thread_parser - multi_thread_parser.py:129 - 解析线程数据，规则：E0002，线程：4，日期：['20260511']
2026-07-14 09:51:27 - ERROR - utils.multi_thread_parser - multi_thread_parser.py:129 - 解析线程数据，规则：E0002，线程：2，日期：[]
2026-07-14 09:51:27 - ERROR - utils.multi_thread_parser - multi_thread_parser.py:129 - 解析线程数据，规则：E0002，线程：4，日期：['20260511']
2026-07-14 09:51:27 - ERROR - utils.multi_thread_parser - multi_thread_parser.py:129 - 解析线程数据，规则：E0003，线程：2，日期：[]
2026-07-14 09:51:27 - ERROR - utils.multi_thread_parser - multi_thread_parser.py:129 - 解析线程数据，规则：E0003，线程：4，日期：['20260511']
2026-07-14 09:51:27 - ERROR - utils.multi_thread_parser - multi_thread_parser.py:129 - 解析线程数据，规则：E0003，线程：2，日期：[]
2026-07-14 09:51:27 - ERROR - utils.multi_thread_parser - multi_thread_parser.py:129 - 解析线程数据，规则：E0003，线程：4，日期：['20260511']
2026-07-14 09:51:27 - ERROR - utils.multi_thread_parser - multi_thread_parser.py:129 - 解析线程数据，规则：E0004，线程：2，日期：[]
2026-07-14 09:51:27 - ERROR - utils.multi_thread_parser - multi_thread_parser.py:129 - 解析线程数据，规则：E0004，线程：4，日期：['20260511']
2026-07-14 09:51:27 - ERROR - utils.multi_thread_parser - multi_thread_parser.py:129 - 解析线程数据，规则：E0004，线程：2，日期：[]
2026-07-14 09:51:27 - ERROR - utils.multi_thread_parser - multi_thread_parser.py:129 - 解析线程数据，规则：E0004，线程：4，日期：['20260511']
2026-07-14 09:51:27 - ERROR - utils.multi_thread_parser - multi_thread_parser.py:129 - 解析线程数据，规则：check_lint，线程：2，日期：[]
2026-07-14 09:51:27 - ERROR - utils.multi_thread_parser - multi_thread_parser.py:129 - 解析线程数据，规则：check_lint，线程：4，日期：['20260511']
2026-07-14 09:51:27 - ERROR - utils.multi_thread_parser - multi_thread_parser.py:129 - 解析线程数据，规则：check_lint，线程：2，日期：[]
2026-07-14 09:51:27 - ERROR - utils.multi_thread_parser - multi_thread_parser.py:129 - 解析线程数据，规则：check_lint，线程：4，日期：['20260511']
2026-07-14 09:51:27 - ERROR - utils.multi_thread_parser - multi_thread_parser.py:129 - 解析线程数据，规则：Overall，线程：2，日期：[]
2026-07-14 09:51:27 - ERROR - utils.multi_thread_parser - multi_thread_parser.py:129 - 解析线程数据，规则：Overall，线程：4，日期：['20260511']
2026-07-14 09:51:27 - ERROR - utils.multi_thread_parser - multi_thread_parser.py:129 - 解析线程数据，规则：Overall，线程：2，日期：[]
2026-07-14 09:51:27 - ERROR - utils.multi_thread_parser - multi_thread_parser.py:129 - 解析线程数据，规则：Overall，线程：4，日期：['20260511']
2026-07-14 09:51:27 - ERROR - utils.multi_thread_parser - multi_thread_parser.py:129 - 解析线程数据，规则：read_design，线程：2，日期：[]
2026-07-14 09:51:27 - ERROR - utils.multi_thread_parser - multi_thread_parser.py:129 - 解析线程数据，规则：read_design，线程：4，日期：['20260511']
2026-07-14 09:51:27 - ERROR - utils.multi_thread_parser - multi_thread_parser.py:129 - 解析线程数据，规则：read_design，线程：2，日期：[]
2026-07-14 09:51:27 - ERROR - utils.multi_thread_parser - multi_thread_parser.py:129 - 解析线程数据，规则：read_design，线程：4，日期：['20260511']
2026-07-14 09:51:27 - ERROR - utils.multi_thread_parser - multi_thread_parser.py:129 - 解析线程数据，规则：save_session，线程：2，日期：[]
2026-07-14 09:51:27 - ERROR - utils.multi_thread_parser - multi_thread_parser.py:129 - 解析线程数据，规则：save_session，线程：2，日期：[]
2026-07-14 09:51:27 - ERROR - utils.multi_thread_parser - multi_thread_parser.py:129 - 解析线程数据，规则：E0001，线程：2，日期：['20260511']
2026-07-14 09:51:27 - ERROR - utils.multi_thread_parser - multi_thread_parser.py:129 - 解析线程数据，规则：E0001，线程：4，日期：['20260511', '20260513']
2026-07-14 09:51:27 - ERROR - utils.multi_thread_parser - multi_thread_parser.py:129 - 解析线程数据，规则：E0001，线程：2，日期：['20260511']
2026-07-14 09:51:27 - ERROR - utils.multi_thread_parser - multi_thread_parser.py:129 - 解析线程数据，规则：E0001，线程：4，日期：['20260511', '20260513']
2026-07-14 09:51:27 - ERROR - utils.multi_thread_parser - multi_thread_parser.py:129 - 解析线程数据，规则：E0002，线程：2，日期：['20260511']
2026-07-14 09:51:27 - ERROR - utils.multi_thread_parser - multi_thread_parser.py:129 - 解析线程数据，规则：E0002，线程：4，日期：['20260511', '20260513']
2026-07-14 09:51:27 - ERROR - utils.multi_thread_parser - multi_thread_parser.py:129 - 解析线程数据，规则：E0002，线程：2，日期：['20260511']
2026-07-14 09:51:27 - ERROR - utils.multi_thread_parser - multi_thread_parser.py:129 - 解析线程数据，规则：E0002，线程：4，日期：['20260511', '20260513']
2026-07-14 09:51:27 - ERROR - utils.multi_thread_parser - multi_thread_parser.py:129 - 解析线程数据，规则：E0003，线程：2，日期：['20260511']
2026-07-14 09:51:27 - ERROR - utils.multi_thread_parser - multi_thread_parser.py:129 - 解析线程数据，规则：E0003，线程：4，日期：['20260511', '20260513']
2026-07-14 09:51:27 - ERROR - utils.multi_thread_parser - multi_thread_parser.py:129 - 解析线程数据，规则：E0003，线程：2，日期：['20260511']
2026-07-14 09:51:27 - ERROR - utils.multi_thread_parser - multi_thread_parser.py:129 - 解析线程数据，规则：E0003，线程：4，日期：['20260511', '20260513']
2026-07-14 09:51:27 - ERROR - utils.multi_thread_parser - multi_thread_parser.py:129 - 解析线程数据，规则：E0004，线程：2，日期：['20260511']
2026-07-14 09:51:27 - ERROR - utils.multi_thread_parser - multi_thread_parser.py:129 - 解析线程数据，规则：E0004，线程：4，日期：['20260511', '20260513']
2026-07-14 09:51:27 - ERROR - utils.multi_thread_parser - multi_thread_parser.py:129 - 解析线程数据，规则：E0004，线程：2，日期：['20260511']
2026-07-14 09:51:27 - ERROR - utils.multi_thread_parser - multi_thread_parser.py:129 - 解析线程数据，规则：E0004，线程：4，日期：['20260511', '20260513']
2026-07-14 09:51:27 - ERROR - utils.multi_thread_parser - multi_thread_parser.py:129 - 解析线程数据，规则：check_lint，线程：2，日期：['20260511']
2026-07-14 09:51:27 - ERROR - utils.multi_thread_parser - multi_thread_parser.py:129 - 解析线程数据，规则：check_lint，线程：4，日期：['20260511', '20260513']
2026-07-14 09:51:27 - ERROR - utils.multi_thread_parser - multi_thread_parser.py:129 - 解析线程数据，规则：check_lint，线程：2，日期：['20260511']
2026-07-14 09:51:27 - ERROR - utils.multi_thread_parser - multi_thread_parser.py:129 - 解析线程数据，规则：check_lint，线程：4，日期：['20260511', '20260513']
2026-07-14 09:51:27 - ERROR - utils.multi_thread_parser - multi_thread_parser.py:129 - 解析线程数据，规则：Overall，线程：2，日期：['20260511']
2026-07-14 09:51:27 - ERROR - utils.multi_thread_parser - multi_thread_parser.py:129 - 解析线程数据，规则：Overall，线程：4，日期：['20260511', '20260513']
2026-07-14 09:51:27 - ERROR - utils.multi_thread_parser - multi_thread_parser.py:129 - 解析线程数据，规则：Overall，线程：2，日期：['20260511']
2026-07-14 09:51:27 - ERROR - utils.multi_thread_parser - multi_thread_parser.py:129 - 解析线程数据，规则：Overall，线程：4，日期：['20260511', '20260513']
2026-07-14 09:51:27 - ERROR - utils.multi_thread_parser - multi_thread_parser.py:129 - 解析线程数据，规则：read_design，线程：2，日期：['20260511']
2026-07-14 09:51:27 - ERROR - utils.multi_thread_parser - multi_thread_parser.py:129 - 解析线程数据，规则：read_design，线程：4，日期：['20260511', '20260513']
2026-07-14 09:51:27 - ERROR - utils.multi_thread_parser - multi_thread_parser.py:129 - 解析线程数据，规则：read_design，线程：2，日期：['20260511']
2026-07-14 09:51:27 - ERROR - utils.multi_thread_parser - multi_thread_parser.py:129 - 解析线程数据，规则：read_design，线程：4，日期：['20260511', '20260513']
2026-07-14 09:51:27 - ERROR - utils.multi_thread_parser - multi_thread_parser.py:129 - 解析线程数据，规则：E0001，线程：2，日期：['20260511', '20260513']
2026-07-14 09:51:27 - ERROR - utils.multi_thread_parser - multi_thread_parser.py:129 - 解析线程数据，规则：E0001，线程：4，日期：['20260511', '20260513', '20260515']
2026-07-14 09:51:27 - ERROR - utils.multi_thread_parser - multi_thread_parser.py:129 - 解析线程数据，规则：E0001，线程：2，日期：['20260511', '20260513']
2026-07-14 09:51:27 - ERROR - utils.multi_thread_parser - multi_thread_parser.py:129 - 解析线程数据，规则：E0001，线程：4，日期：['20260511', '20260513', '20260515']
2026-07-14 09:51:27 - ERROR - utils.multi_thread_parser - multi_thread_parser.py:129 - 解析线程数据，规则：E0002，线程：2，日期：['20260511', '20260513']
2026-07-14 09:51:27 - ERROR - utils.multi_thread_parser - multi_thread_parser.py:129 - 解析线程数据，规则：E0002，线程：4，日期：['20260511', '20260513', '20260515']
2026-07-14 09:51:27 - ERROR - utils.multi_thread_parser - multi_thread_parser.py:129 - 解析线程数据，规则：E0002，线程：2，日期：['20260511', '20260513']
2026-07-14 09:51:27 - ERROR - utils.multi_thread_parser - multi_thread_parser.py:129 - 解析线程数据，规则：E0002，线程：4，日期：['20260511', '20260513', '20260515']
2026-07-14 09:51:27 - ERROR - utils.multi_thread_parser - multi_thread_parser.py:129 - 解析线程数据，规则：E0003，线程：2，日期：['20260511', '20260513']
2026-07-14 09:51:27 - ERROR - utils.multi_thread_parser - multi_thread_parser.py:129 - 解析线程数据，规则：E0003，线程：4，日期：['20260511', '20260513', '20260515']
2026-07-14 09:51:27 - ERROR - utils.multi_thread_parser - multi_thread_parser.py:129 - 解析线程数据，规则：E0003，线程：2，日期：['20260511', '20260513']
2026-07-14 09:51:27 - ERROR - utils.multi_thread_parser - multi_thread_parser.py:129 - 解析线程数据，规则：E0003，线程：4，日期：['20260511', '20260513', '20260515']
2026-07-14 09:51:27 - ERROR - utils.multi_thread_parser - multi_thread_parser.py:129 - 解析线程数据，规则：E0004，线程：2，日期：['20260511', '20260513']
2026-07-14 09:51:27 - ERROR - utils.multi_thread_parser - multi_thread_parser.py:129 - 解析线程数据，规则：E0004，线程：4，日期：['20260511', '20260513', '20260515']
2026-07-14 09:51:27 - ERROR - utils.multi_thread_parser - multi_thread_parser.py:129 - 解析线程数据，规则：E0004，线程：2，日期：['20260511', '20260513']
2026-07-14 09:51:27 - ERROR - utils.multi_thread_parser - multi_thread_parser.py:129 - 解析线程数据，规则：E0004，线程：4，日期：['20260511', '20260513', '20260515']
2026-07-14 09:51:27 - ERROR - utils.multi_thread_parser - multi_thread_parser.py:129 - 解析线程数据，规则：check_lint，线程：4，日期：['20260511', '20260513']
2026-07-14 09:51:27 - ERROR - utils.multi_thread_parser - multi_thread_parser.py:129 - 解析线程数据，规则：check_lint，线程：4，日期：['20260511', '20260513']
2026-07-14 09:51:27 - ERROR - utils.multi_thread_parser - multi_thread_parser.py:129 - 解析线程数据，规则：Overall，线程：4，日期：['20260511', '20260513']
2026-07-14 09:51:27 - ERROR - utils.multi_thread_parser - multi_thread_parser.py:129 - 解析线程数据，规则：Overall，线程：4，日期：['20260511', '20260513']
2026-07-14 09:51:27 - ERROR - utils.multi_thread_parser - multi_thread_parser.py:129 - 解析线程数据，规则：read_design，线程：4，日期：['20260511', '20260513']
2026-07-14 09:51:27 - ERROR - utils.multi_thread_parser - multi_thread_parser.py:129 - 解析线程数据，规则：read_design，线程：4，日期：['20260511', '20260513']
2026-07-14 09:51:27 - ERROR - utils.multi_thread_parser - multi_thread_parser.py:129 - 解析线程数据，规则：E0001，线程：2，日期：['20260511', '20260513', '20260515']
2026-07-14 09:51:27 - ERROR - utils.multi_thread_parser - multi_thread_parser.py:129 - 解析线程数据，规则：E0001，线程：4，日期：['20260511', '20260513', '20260515', '20260516']
2026-07-14 09:51:27 - ERROR - utils.multi_thread_parser - multi_thread_parser.py:129 - 解析线程数据，规则：E0001，线程：2，日期：['20260511', '20260513', '20260515']
2026-07-14 09:51:27 - ERROR - utils.multi_thread_parser - multi_thread_parser.py:129 - 解析线程数据，规则：E0001，线程：4，日期：['20260511', '20260513', '20260515', '20260516']
2026-07-14 09:51:27 - ERROR - utils.multi_thread_parser - multi_thread_parser.py:129 - 解析线程数据，规则：E0002，线程：2，日期：['20260511', '20260513', '20260515']
2026-07-14 09:51:27 - ERROR - utils.multi_thread_parser - multi_thread_parser.py:129 - 解析线程数据，规则：E0002，线程：4，日期：['20260511', '20260513', '20260515', '20260516']
2026-07-14 09:51:27 - ERROR - utils.multi_thread_parser - multi_thread_parser.py:129 - 解析线程数据，规则：E0002，线程：2，日期：['20260511', '20260513', '20260515']
2026-07-14 09:51:27 - ERROR - utils.multi_thread_parser - multi_thread_parser.py:129 - 解析线程数据，规则：E0002，线程：4，日期：['20260511', '20260513', '20260515', '20260516']
2026-07-14 09:51:27 - ERROR - utils.multi_thread_parser - multi_thread_parser.py:129 - 解析线程数据，规则：E0003，线程：2，日期：['20260511', '20260513', '20260515']
2026-07-14 09:51:27 - ERROR - utils.multi_thread_parser - multi_thread_parser.py:129 - 解析线程数据，规则：E0003，线程：4，日期：['20260511', '20260513', '20260515', '20260516']
2026-07-14 09:51:27 - ERROR - utils.multi_thread_parser - multi_thread_parser.py:129 - 解析线程数据，规则：E0003，线程：2，日期：['20260511', '20260513', '20260515']
2026-07-14 09:51:27 - ERROR - utils.multi_thread_parser - multi_thread_parser.py:129 - 解析线程数据，规则：E0003，线程：4，日期：['20260511', '20260513', '20260515', '20260516']
2026-07-14 09:51:27 - ERROR - utils.multi_thread_parser - multi_thread_parser.py:129 - 解析线程数据，规则：E0004，线程：2，日期：['20260511', '20260513', '20260515']
2026-07-14 09:51:27 - ERROR - utils.multi_thread_parser - multi_thread_parser.py:129 - 解析线程数据，规则：E0004，线程：4，日期：['20260511', '20260513', '20260515', '20260516']
2026-07-14 09:51:27 - ERROR - utils.multi_thread_parser - multi_thread_parser.py:129 - 解析线程数据，规则：E0004，线程：2，日期：['20260511', '20260513', '20260515']
2026-07-14 09:51:27 - ERROR - utils.multi_thread_parser - multi_thread_parser.py:129 - 解析线程数据，规则：E0004，线程：4，日期：['20260511', '20260513', '20260515', '20260516']
2026-07-14 09:51:27 - ERROR - utils.multi_thread_parser - multi_thread_parser.py:129 - 解析线程数据，规则：check_lint，线程：4，日期：['20260511', '20260513', '20260515']
2026-07-14 09:51:27 - ERROR - utils.multi_thread_parser - multi_thread_parser.py:129 - 解析线程数据，规则：check_lint，线程：4，日期：['20260511', '20260513', '20260515']
2026-07-14 09:51:27 - ERROR - utils.multi_thread_parser - multi_thread_parser.py:129 - 解析线程数据，规则：Overall，线程：4，日期：['20260511', '20260513', '20260515']
2026-07-14 09:51:27 - ERROR - utils.multi_thread_parser - multi_thread_parser.py:129 - 解析线程数据，规则：Overall，线程：4，日期：['20260511', '20260513', '20260515']
2026-07-14 09:51:27 - ERROR - utils.multi_thread_parser - multi_thread_parser.py:129 - 解析线程数据，规则：read_design，线程：4，日期：['20260511', '20260513', '20260515']
2026-07-14 09:51:27 - ERROR - utils.multi_thread_parser - multi_thread_parser.py:129 - 解析线程数据，规则：read_design，线程：4，日期：['20260511', '20260513', '20260515']
2026-07-14 09:51:27 - ERROR - utils.multi_thread_parser - multi_thread_parser.py:129 - 解析线程数据，规则：E0001，线程：2，日期：['20260511', '20260513', '20260515', '20260516']
2026-07-14 09:51:27 - ERROR - utils.multi_thread_parser - multi_thread_parser.py:129 - 解析线程数据，规则：E0001，线程：4，日期：['20260511', '20260513', '20260515', '20260516', '20260517']
2026-07-14 09:51:27 - ERROR - utils.multi_thread_parser - multi_thread_parser.py:129 - 解析线程数据，规则：E0001，线程：2，日期：['20260511', '20260513', '20260515', '20260516']
2026-07-14 09:51:27 - ERROR - utils.multi_thread_parser - multi_thread_parser.py:129 - 解析线程数据，规则：E0001，线程：4，日期：['20260511', '20260513', '20260515', '20260516', '20260517']
2026-07-14 09:51:27 - ERROR - utils.multi_thread_parser - multi_thread_parser.py:129 - 解析线程数据，规则：E0002，线程：2，日期：['20260511', '20260513', '20260515', '20260516']
2026-07-14 09:51:27 - ERROR - utils.multi_thread_parser - multi_thread_parser.py:129 - 解析线程数据，规则：E0002，线程：4，日期：['20260511', '20260513', '20260515', '20260516', '20260517']
2026-07-14 09:51:27 - ERROR - utils.multi_thread_parser - multi_thread_parser.py:129 - 解析线程数据，规则：E0002，线程：2，日期：['20260511', '20260513', '20260515', '20260516']
2026-07-14 09:51:27 - ERROR - utils.multi_thread_parser - multi_thread_parser.py:129 - 解析线程数据，规则：E0002，线程：4，日期：['20260511', '20260513', '20260515', '20260516', '20260517']
2026-07-14 09:51:27 - ERROR - utils.multi_thread_parser - multi_thread_parser.py:129 - 解析线程数据，规则：E0003，线程：2，日期：['20260511', '20260513', '20260515', '20260516']
2026-07-14 09:51:27 - ERROR - utils.multi_thread_parser - multi_thread_parser.py:129 - 解析线程数据，规则：E0003，线程：4，日期：['20260511', '20260513', '20260515', '20260516', '20260517']
2026-07-14 09:51:27 - ERROR - utils.multi_thread_parser - multi_thread_parser.py:129 - 解析线程数据，规则：E0003，线程：2，日期：['20260511', '20260513', '20260515', '20260516']
2026-07-14 09:51:27 - ERROR - utils.multi_thread_parser - multi_thread_parser.py:129 - 解析线程数据，规则：E0003，线程：4，日期：['20260511', '20260513', '20260515', '20260516', '20260517']
2026-07-14 09:51:27 - ERROR - utils.multi_thread_parser - multi_thread_parser.py:129 - 解析线程数据，规则：E0004，线程：2，日期：['20260511', '20260513', '20260515', '20260516']
2026-07-14 09:51:27 - ERROR - utils.multi_thread_parser - multi_thread_parser.py:129 - 解析线程数据，规则：E0004，线程：4，日期：['20260511', '20260513', '20260515', '20260516', '20260517']
2026-07-14 09:51:27 - ERROR - utils.multi_thread_parser - multi_thread_parser.py:129 - 解析线程数据，规则：E0004，线程：2，日期：['20260511', '20260513', '20260515', '20260516']
2026-07-14 09:51:27 - ERROR - utils.multi_thread_parser - multi_thread_parser.py:129 - 解析线程数据，规则：E0004，线程：4，日期：['20260511', '20260513', '20260515', '20260516', '20260517']
2026-07-14 09:51:27 - ERROR - utils.multi_thread_parser - multi_thread_parser.py:129 - 解析线程数据，规则：check_lint，线程：4，日期：['20260511', '20260513', '20260515', '20260516']
2026-07-14 09:51:27 - ERROR - utils.multi_thread_parser - multi_thread_parser.py:129 - 解析线程数据，规则：check_lint，线程：4，日期：['20260511', '20260513', '20260515', '20260516']
2026-07-14 09:51:27 - ERROR - utils.multi_thread_parser - multi_thread_parser.py:129 - 解析线程数据，规则：Overall，线程：4，日期：['20260511', '20260513', '20260515', '20260516']
2026-07-14 09:51:27 - ERROR - utils.multi_thread_parser - multi_thread_parser.py:129 - 解析线程数据，规则：Overall，线程：4，日期：['20260511', '20260513', '20260515', '20260516']
2026-07-14 09:51:27 - ERROR - utils.multi_thread_parser - multi_thread_parser.py:129 - 解析线程数据，规则：read_design，线程：4，日期：['20260511', '20260513', '20260515', '20260516']
2026-07-14 09:51:27 - ERROR - utils.multi_thread_parser - multi_thread_parser.py:129 - 解析线程数据，规则：read_design，线程：4，日期：['20260511', '20260513', '20260515', '20260516']
2026-07-14 09:51:27 - ERROR - utils.multi_thread_parser - multi_thread_parser.py:129 - 解析线程数据，规则：E0001，线程：2，日期：[]
2026-07-14 09:51:27 - ERROR - utils.multi_thread_parser - multi_thread_parser.py:129 - 解析线程数据，规则：E0001，线程：4，日期：['20260511']
2026-07-14 09:51:27 - ERROR - utils.multi_thread_parser - multi_thread_parser.py:129 - 解析线程数据，规则：E0001，线程：2，日期：[]
2026-07-14 09:51:27 - ERROR - utils.multi_thread_parser - multi_thread_parser.py:129 - 解析线程数据，规则：E0001，线程：4，日期：['20260511']
2026-07-14 09:51:27 - ERROR - utils.multi_thread_parser - multi_thread_parser.py:129 - 解析线程数据，规则：E0002，线程：2，日期：[]
2026-07-14 09:51:27 - ERROR - utils.multi_thread_parser - multi_thread_parser.py:129 - 解析线程数据，规则：E0002，线程：4，日期：['20260511']
2026-07-14 09:51:27 - ERROR - utils.multi_thread_parser - multi_thread_parser.py:129 - 解析线程数据，规则：E0002，线程：2，日期：[]
2026-07-14 09:51:27 - ERROR - utils.multi_thread_parser - multi_thread_parser.py:129 - 解析线程数据，规则：E0002，线程：4，日期：['20260511']
2026-07-14 09:51:27 - ERROR - utils.multi_thread_parser - multi_thread_parser.py:129 - 解析线程数据，规则：E0003，线程：2，日期：[]
2026-07-14 09:51:27 - ERROR - utils.multi_thread_parser - multi_thread_parser.py:129 - 解析线程数据，规则：E0003，线程：4，日期：['20260511']
2026-07-14 09:51:27 - ERROR - utils.multi_thread_parser - multi_thread_parser.py:129 - 解析线程数据，规则：E0003，线程：2，日期：[]
2026-07-14 09:51:27 - ERROR - utils.multi_thread_parser - multi_thread_parser.py:129 - 解析线程数据，规则：E0003，线程：4，日期：['20260511']
2026-07-14 09:51:27 - ERROR - utils.multi_thread_parser - multi_thread_parser.py:129 - 解析线程数据，规则：E0004，线程：2，日期：[]
2026-07-14 09:51:27 - ERROR - utils.multi_thread_parser - multi_thread_parser.py:129 - 解析线程数据，规则：E0004，线程：4，日期：['20260511']
2026-07-14 09:51:27 - ERROR - utils.multi_thread_parser - multi_thread_parser.py:129 - 解析线程数据，规则：E0004，线程：2，日期：[]
2026-07-14 09:51:27 - ERROR - utils.multi_thread_parser - multi_thread_parser.py:129 - 解析线程数据，规则：E0004，线程：4，日期：['20260511']
2026-07-14 09:51:27 - ERROR - utils.multi_thread_parser - multi_thread_parser.py:129 - 解析线程数据，规则：check_lint，线程：2，日期：[]
2026-07-14 09:51:27 - ERROR - utils.multi_thread_parser - multi_thread_parser.py:129 - 解析线程数据，规则：check_lint，线程：4，日期：['20260511']
2026-07-14 09:51:27 - ERROR - utils.multi_thread_parser - multi_thread_parser.py:129 - 解析线程数据，规则：check_lint，线程：2，日期：[]
2026-07-14 09:51:27 - ERROR - utils.multi_thread_parser - multi_thread_parser.py:129 - 解析线程数据，规则：check_lint，线程：4，日期：['20260511']
2026-07-14 09:51:27 - ERROR - utils.multi_thread_parser - multi_thread_parser.py:129 - 解析线程数据，规则：Overall，线程：2，日期：[]
2026-07-14 09:51:27 - ERROR - utils.multi_thread_parser - multi_thread_parser.py:129 - 解析线程数据，规则：Overall，线程：4，日期：['20260511']
2026-07-14 09:51:27 - ERROR - utils.multi_thread_parser - multi_thread_parser.py:129 - 解析线程数据，规则：Overall，线程：2，日期：[]
2026-07-14 09:51:27 - ERROR - utils.multi_thread_parser - multi_thread_parser.py:129 - 解析线程数据，规则：Overall，线程：4，日期：['20260511']
2026-07-14 09:51:27 - ERROR - utils.multi_thread_parser - multi_thread_parser.py:129 - 解析线程数据，规则：read_design，线程：2，日期：[]
2026-07-14 09:51:27 - ERROR - utils.multi_thread_parser - multi_thread_parser.py:129 - 解析线程数据，规则：read_design，线程：4，日期：['20260511']
2026-07-14 09:51:27 - ERROR - utils.multi_thread_parser - multi_thread_parser.py:129 - 解析线程数据，规则：read_design，线程：2，日期：[]
2026-07-14 09:51:27 - ERROR - utils.multi_thread_parser - multi_thread_parser.py:129 - 解析线程数据，规则：read_design，线程：4，日期：['20260511']
2026-07-14 09:51:27 - ERROR - utils.multi_thread_parser - multi_thread_parser.py:129 - 解析线程数据，规则：E0001，线程：2，日期：['20260511']
2026-07-14 09:51:27 - ERROR - utils.multi_thread_parser - multi_thread_parser.py:129 - 解析线程数据，规则：E0001，线程：4，日期：['20260511', '20260513']
2026-07-14 09:51:27 - ERROR - utils.multi_thread_parser - multi_thread_parser.py:129 - 解析线程数据，规则：E0001，线程：2，日期：['20260511']
2026-07-14 09:51:27 - ERROR - utils.multi_thread_parser - multi_thread_parser.py:129 - 解析线程数据，规则：E0001，线程：4，日期：['20260511', '20260513']
2026-07-14 09:51:27 - ERROR - utils.multi_thread_parser - multi_thread_parser.py:129 - 解析线程数据，规则：E0002，线程：2，日期：['20260511']
2026-07-14 09:51:27 - ERROR - utils.multi_thread_parser - multi_thread_parser.py:129 - 解析线程数据，规则：E0002，线程：4，日期：['20260511', '20260513']
2026-07-14 09:51:27 - ERROR - utils.multi_thread_parser - multi_thread_parser.py:129 - 解析线程数据，规则：E0002，线程：2，日期：['20260511']
2026-07-14 09:51:27 - ERROR - utils.multi_thread_parser - multi_thread_parser.py:129 - 解析线程数据，规则：E0002，线程：4，日期：['20260511', '20260513']
2026-07-14 09:51:27 - ERROR - utils.multi_thread_parser - multi_thread_parser.py:129 - 解析线程数据，规则：E0003，线程：2，日期：['20260511']
2026-07-14 09:51:27 - ERROR - utils.multi_thread_parser - multi_thread_parser.py:129 - 解析线程数据，规则：E0003，线程：4，日期：['20260511', '20260513']
2026-07-14 09:51:27 - ERROR - utils.multi_thread_parser - multi_thread_parser.py:129 - 解析线程数据，规则：E0003，线程：2，日期：['20260511']
2026-07-14 09:51:27 - ERROR - utils.multi_thread_parser - multi_thread_parser.py:129 - 解析线程数据，规则：E0003，线程：4，日期：['20260511', '20260513']
2026-07-14 09:51:27 - ERROR - utils.multi_thread_parser - multi_thread_parser.py:129 - 解析线程数据，规则：E0004，线程：2，日期：['20260511']
2026-07-14 09:51:27 - ERROR - utils.multi_thread_parser - multi_thread_parser.py:129 - 解析线程数据，规则：E0004，线程：4，日期：['20260511', '20260513']
2026-07-14 09:51:27 - ERROR - utils.multi_thread_parser - multi_thread_parser.py:129 - 解析线程数据，规则：E0004，线程：2，日期：['20260511']
2026-07-14 09:51:27 - ERROR - utils.multi_thread_parser - multi_thread_parser.py:129 - 解析线程数据，规则：E0004，线程：4，日期：['20260511', '20260513']
2026-07-14 09:51:27 - ERROR - utils.multi_thread_parser - multi_thread_parser.py:129 - 解析线程数据，规则：check_lint，线程：2，日期：['20260511']
2026-07-14 09:51:27 - ERROR - utils.multi_thread_parser - multi_thread_parser.py:129 - 解析线程数据，规则：check_lint，线程：4，日期：['20260511', '20260513']
2026-07-14 09:51:27 - ERROR - utils.multi_thread_parser - multi_thread_parser.py:129 - 解析线程数据，规则：check_lint，线程：2，日期：['20260511']
2026-07-14 09:51:27 - ERROR - utils.multi_thread_parser - multi_thread_parser.py:129 - 解析线程数据，规则：check_lint，线程：4，日期：['20260511', '20260513']
2026-07-14 09:51:27 - ERROR - utils.multi_thread_parser - multi_thread_parser.py:129 - 解析线程数据，规则：Overall，线程：2，日期：['20260511']
2026-07-14 09:51:27 - ERROR - utils.multi_thread_parser - multi_thread_parser.py:129 - 解析线程数据，规则：Overall，线程：4，日期：['20260511', '20260513']
2026-07-14 09:51:27 - ERROR - utils.multi_thread_parser - multi_thread_parser.py:129 - 解析线程数据，规则：Overall，线程：2，日期：['20260511']
2026-07-14 09:51:27 - ERROR - utils.multi_thread_parser - multi_thread_parser.py:129 - 解析线程数据，规则：Overall，线程：4，日期：['20260511', '20260513']
2026-07-14 09:51:27 - ERROR - utils.multi_thread_parser - multi_thread_parser.py:129 - 解析线程数据，规则：read_design，线程：2，日期：['20260511']
2026-07-14 09:51:27 - ERROR - utils.multi_thread_parser - multi_thread_parser.py:129 - 解析线程数据，规则：read_design，线程：4，日期：['20260511', '20260513']
2026-07-14 09:51:27 - ERROR - utils.multi_thread_parser - multi_thread_parser.py:129 - 解析线程数据，规则：read_design，线程：2，日期：['20260511']
2026-07-14 09:51:27 - ERROR - utils.multi_thread_parser - multi_thread_parser.py:129 - 解析线程数据，规则：read_design，线程：4，日期：['20260511', '20260513']
2026-07-14 09:51:27 - ERROR - utils.multi_thread_parser - multi_thread_parser.py:129 - 解析线程数据，规则：E0001，线程：2，日期：['20260511', '20260513']
2026-07-14 09:51:27 - ERROR - utils.multi_thread_parser - multi_thread_parser.py:129 - 解析线程数据，规则：E0001，线程：4，日期：['20260511', '20260513', '20260515']
2026-07-14 09:51:27 - ERROR - utils.multi_thread_parser - multi_thread_parser.py:129 - 解析线程数据，规则：E0001，线程：2，日期：['20260511', '20260513']
2026-07-14 09:51:27 - ERROR - utils.multi_thread_parser - multi_thread_parser.py:129 - 解析线程数据，规则：E0001，线程：4，日期：['20260511', '20260513', '20260515']
2026-07-14 09:51:27 - ERROR - utils.multi_thread_parser - multi_thread_parser.py:129 - 解析线程数据，规则：E0002，线程：2，日期：['20260511', '20260513']
2026-07-14 09:51:27 - ERROR - utils.multi_thread_parser - multi_thread_parser.py:129 - 解析线程数据，规则：E0002，线程：4，日期：['20260511', '20260513', '20260515']
2026-07-14 09:51:27 - ERROR - utils.multi_thread_parser - multi_thread_parser.py:129 - 解析线程数据，规则：E0002，线程：2，日期：['20260511', '20260513']
2026-07-14 09:51:27 - ERROR - utils.multi_thread_parser - multi_thread_parser.py:129 - 解析线程数据，规则：E0002，线程：4，日期：['20260511', '20260513', '20260515']
2026-07-14 09:51:27 - ERROR - utils.multi_thread_parser - multi_thread_parser.py:129 - 解析线程数据，规则：E0003，线程：2，日期：['20260511', '20260513']
2026-07-14 09:51:27 - ERROR - utils.multi_thread_parser - multi_thread_parser.py:129 - 解析线程数据，规则：E0003，线程：4，日期：['20260511', '20260513', '20260515']
2026-07-14 09:51:27 - ERROR - utils.multi_thread_parser - multi_thread_parser.py:129 - 解析线程数据，规则：E0003，线程：2，日期：['20260511', '20260513']
2026-07-14 09:51:27 - ERROR - utils.multi_thread_parser - multi_thread_parser.py:129 - 解析线程数据，规则：E0003，线程：4，日期：['20260511', '20260513', '20260515']
2026-07-14 09:51:27 - ERROR - utils.multi_thread_parser - multi_thread_parser.py:129 - 解析线程数据，规则：E0004，线程：2，日期：['20260511', '20260513']
2026-07-14 09:51:27 - ERROR - utils.multi_thread_parser - multi_thread_parser.py:129 - 解析线程数据，规则：E0004，线程：4，日期：['20260511', '20260513', '20260515']
2026-07-14 09:51:27 - ERROR - utils.multi_thread_parser - multi_thread_parser.py:129 - 解析线程数据，规则：E0004，线程：2，日期：['20260511', '20260513']
2026-07-14 09:51:27 - ERROR - utils.multi_thread_parser - multi_thread_parser.py:129 - 解析线程数据，规则：E0004，线程：4，日期：['20260511', '20260513', '20260515']
2026-07-14 09:51:27 - ERROR - utils.multi_thread_parser - multi_thread_parser.py:129 - 解析线程数据，规则：check_lint，线程：2，日期：['20260511', '20260513']
2026-07-14 09:51:27 - ERROR - utils.multi_thread_parser - multi_thread_parser.py:129 - 解析线程数据，规则：check_lint，线程：4，日期：['20260511', '20260513', '20260515']
2026-07-14 09:51:27 - ERROR - utils.multi_thread_parser - multi_thread_parser.py:129 - 解析线程数据，规则：check_lint，线程：2，日期：['20260511', '20260513']
2026-07-14 09:51:27 - ERROR - utils.multi_thread_parser - multi_thread_parser.py:129 - 解析线程数据，规则：check_lint，线程：4，日期：['20260511', '20260513', '20260515']
2026-07-14 09:51:27 - ERROR - utils.multi_thread_parser - multi_thread_parser.py:129 - 解析线程数据，规则：Overall，线程：2，日期：['20260511', '20260513']
2026-07-14 09:51:27 - ERROR - utils.multi_thread_parser - multi_thread_parser.py:129 - 解析线程数据，规则：Overall，线程：4，日期：['20260511', '20260513', '20260515']
2026-07-14 09:51:27 - ERROR - utils.multi_thread_parser - multi_thread_parser.py:129 - 解析线程数据，规则：Overall，线程：2，日期：['20260511', '20260513']
2026-07-14 09:51:27 - ERROR - utils.multi_thread_parser - multi_thread_parser.py:129 - 解析线程数据，规则：Overall，线程：4，日期：['20260511', '20260513', '20260515']
2026-07-14 09:51:27 - ERROR - utils.multi_thread_parser - multi_thread_parser.py:129 - 解析线程数据，规则：read_design，线程：2，日期：['20260511', '20260513']
2026-07-14 09:51:27 - ERROR - utils.multi_thread_parser - multi_thread_parser.py:129 - 解析线程数据，规则：read_design，线程：4，日期：['20260511', '20260513', '20260515']
2026-07-14 09:51:27 - ERROR - utils.multi_thread_parser - multi_thread_parser.py:129 - 解析线程数据，规则：read_design，线程：2，日期：['20260511', '20260513']
2026-07-14 09:51:27 - ERROR - utils.multi_thread_parser - multi_thread_parser.py:129 - 解析线程数据，规则：read_design，线程：4，日期：['20260511', '20260513', '20260515']
2026-07-14 09:51:27 - ERROR - utils.multi_thread_parser - multi_thread_parser.py:129 - 解析线程数据，规则：E0001，线程：2，日期：['20260511', '20260513', '20260515']
2026-07-14 09:51:27 - ERROR - utils.multi_thread_parser - multi_thread_parser.py:129 - 解析线程数据，规则：E0001，线程：4，日期：['20260511', '20260513', '20260515', '20260516']
2026-07-14 09:51:27 - ERROR - utils.multi_thread_parser - multi_thread_parser.py:129 - 解析线程数据，规则：E0001，线程：2，日期：['20260511', '20260513', '20260515']
2026-07-14 09:51:27 - ERROR - utils.multi_thread_parser - multi_thread_parser.py:129 - 解析线程数据，规则：E0001，线程：4，日期：['20260511', '20260513', '20260515', '20260516']
2026-07-14 09:51:27 - ERROR - utils.multi_thread_parser - multi_thread_parser.py:129 - 解析线程数据，规则：E0002，线程：2，日期：['20260511', '20260513', '20260515']
2026-07-14 09:51:27 - ERROR - utils.multi_thread_parser - multi_thread_parser.py:129 - 解析线程数据，规则：E0002，线程：4，日期：['20260511', '20260513', '20260515', '20260516']
2026-07-14 09:51:27 - ERROR - utils.multi_thread_parser - multi_thread_parser.py:129 - 解析线程数据，规则：E0002，线程：2，日期：['20260511', '20260513', '20260515']
2026-07-14 09:51:27 - ERROR - utils.multi_thread_parser - multi_thread_parser.py:129 - 解析线程数据，规则：E0002，线程：4，日期：['20260511', '20260513', '20260515', '20260516']
2026-07-14 09:51:27 - ERROR - utils.multi_thread_parser - multi_thread_parser.py:129 - 解析线程数据，规则：E0003，线程：2，日期：['20260511', '20260513', '20260515']
2026-07-14 09:51:27 - ERROR - utils.multi_thread_parser - multi_thread_parser.py:129 - 解析线程数据，规则：E0003，线程：4，日期：['20260511', '20260513', '20260515', '20260516']
2026-07-14 09:51:27 - ERROR - utils.multi_thread_parser - multi_thread_parser.py:129 - 解析线程数据，规则：E0003，线程：2，日期：['20260511', '20260513', '20260515']
2026-07-14 09:51:27 - ERROR - utils.multi_thread_parser - multi_thread_parser.py:129 - 解析线程数据，规则：E0003，线程：4，日期：['20260511', '20260513', '20260515', '20260516']
2026-07-14 09:51:27 - ERROR - utils.multi_thread_parser - multi_thread_parser.py:129 - 解析线程数据，规则：E0004，线程：2，日期：['20260511', '20260513', '20260515']
2026-07-14 09:51:27 - ERROR - utils.multi_thread_parser - multi_thread_parser.py:129 - 解析线程数据，规则：E0004，线程：4，日期：['20260511', '20260513', '20260515', '20260516']
2026-07-14 09:51:27 - ERROR - utils.multi_thread_parser - multi_thread_parser.py:129 - 解析线程数据，规则：E0004，线程：2，日期：['20260511', '20260513', '20260515']
2026-07-14 09:51:27 - ERROR - utils.multi_thread_parser - multi_thread_parser.py:129 - 解析线程数据，规则：E0004，线程：4，日期：['20260511', '20260513', '20260515', '20260516']
2026-07-14 09:51:27 - ERROR - utils.multi_thread_parser - multi_thread_parser.py:129 - 解析线程数据，规则：check_lint，线程：2，日期：['20260511', '20260513', '20260515']
2026-07-14 09:51:27 - ERROR - utils.multi_thread_parser - multi_thread_parser.py:129 - 解析线程数据，规则：check_lint，线程：4，日期：['20260511', '20260513', '20260515', '20260516']
2026-07-14 09:51:27 - ERROR - utils.multi_thread_parser - multi_thread_parser.py:129 - 解析线程数据，规则：check_lint，线程：2，日期：['20260511', '20260513', '20260515']
2026-07-14 09:51:27 - ERROR - utils.multi_thread_parser - multi_thread_parser.py:129 - 解析线程数据，规则：check_lint，线程：4，日期：['20260511', '20260513', '20260515', '20260516']
2026-07-14 09:51:27 - ERROR - utils.multi_thread_parser - multi_thread_parser.py:129 - 解析线程数据，规则：Overall，线程：2，日期：['20260511', '20260513', '20260515']
2026-07-14 09:51:27 - ERROR - utils.multi_thread_parser - multi_thread_parser.py:129 - 解析线程数据，规则：Overall，线程：4，日期：['20260511', '20260513', '20260515', '20260516']
2026-07-14 09:51:27 - ERROR - utils.multi_thread_parser - multi_thread_parser.py:129 - 解析线程数据，规则：Overall，线程：2，日期：['20260511', '20260513', '20260515']
2026-07-14 09:51:27 - ERROR - utils.multi_thread_parser - multi_thread_parser.py:129 - 解析线程数据，规则：Overall，线程：4，日期：['20260511', '20260513', '20260515', '20260516']
2026-07-14 09:51:27 - ERROR - utils.multi_thread_parser - multi_thread_parser.py:129 - 解析线程数据，规则：read_design，线程：2，日期：['20260511', '20260513', '20260515']
2026-07-14 09:51:27 - ERROR - utils.multi_thread_parser - multi_thread_parser.py:129 - 解析线程数据，规则：read_design，线程：4，日期：['20260511', '20260513', '20260515', '20260516']
2026-07-14 09:51:27 - ERROR - utils.multi_thread_parser - multi_thread_parser.py:129 - 解析线程数据，规则：read_design，线程：2，日期：['20260511', '20260513', '20260515']
2026-07-14 09:51:27 - ERROR - utils.multi_thread_parser - multi_thread_parser.py:129 - 解析线程数据，规则：read_design，线程：4，日期：['20260511', '20260513', '20260515', '20260516']
2026-07-14 09:51:27 - ERROR - utils.multi_thread_parser - multi_thread_parser.py:129 - 解析线程数据，规则：E0001，线程：2，日期：['20260511', '20260513', '20260515', '20260516']
2026-07-14 09:51:27 - ERROR - utils.multi_thread_parser - multi_thread_parser.py:129 - 解析线程数据，规则：E0001，线程：4，日期：['20260511', '20260513', '20260515', '20260516', '20260517']
2026-07-14 09:51:27 - ERROR - utils.multi_thread_parser - multi_thread_parser.py:129 - 解析线程数据，规则：E0001，线程：2，日期：['20260511', '20260513', '20260515', '20260516']
2026-07-14 09:51:27 - ERROR - utils.multi_thread_parser - multi_thread_parser.py:129 - 解析线程数据，规则：E0001，线程：4，日期：['20260511', '20260513', '20260515', '20260516', '20260517']
2026-07-14 09:51:27 - ERROR - utils.multi_thread_parser - multi_thread_parser.py:129 - 解析线程数据，规则：E0002，线程：2，日期：['20260511', '20260513', '20260515', '20260516']
2026-07-14 09:51:27 - ERROR - utils.multi_thread_parser - multi_thread_parser.py:129 - 解析线程数据，规则：E0002，线程：4，日期：['20260511', '20260513', '20260515', '20260516', '20260517']
2026-07-14 09:51:27 - ERROR - utils.multi_thread_parser - multi_thread_parser.py:129 - 解析线程数据，规则：E0002，线程：2，日期：['20260511', '20260513', '20260515', '20260516']
2026-07-14 09:51:27 - ERROR - utils.multi_thread_parser - multi_thread_parser.py:129 - 解析线程数据，规则：E0002，线程：4，日期：['20260511', '20260513', '20260515', '20260516', '20260517']
2026-07-14 09:51:27 - ERROR - utils.multi_thread_parser - multi_thread_parser.py:129 - 解析线程数据，规则：E0003，线程：2，日期：['20260511', '20260513', '20260515', '20260516']
2026-07-14 09:51:27 - ERROR - utils.multi_thread_parser - multi_thread_parser.py:129 - 解析线程数据，规则：E0003，线程：4，日期：['20260511', '20260513', '20260515', '20260516', '20260517']
2026-07-14 09:51:27 - ERROR - utils.multi_thread_parser - multi_thread_parser.py:129 - 解析线程数据，规则：E0003，线程：2，日期：['20260511', '20260513', '20260515', '20260516']
2026-07-14 09:51:27 - ERROR - utils.multi_thread_parser - multi_thread_parser.py:129 - 解析线程数据，规则：E0003，线程：4，日期：['20260511', '20260513', '20260515', '20260516', '20260517']
2026-07-14 09:51:27 - ERROR - utils.multi_thread_parser - multi_thread_parser.py:129 - 解析线程数据，规则：E0004，线程：2，日期：['20260511', '20260513', '20260515', '20260516']
2026-07-14 09:51:27 - ERROR - utils.multi_thread_parser - multi_thread_parser.py:129 - 解析线程数据，规则：E0004，线程：4，日期：['20260511', '20260513', '20260515', '20260516', '20260517']
2026-07-14 09:51:27 - ERROR - utils.multi_thread_parser - multi_thread_parser.py:129 - 解析线程数据，规则：E0004，线程：2，日期：['20260511', '20260513', '20260515', '20260516']
2026-07-14 09:51:27 - ERROR - utils.multi_thread_parser - multi_thread_parser.py:129 - 解析线程数据，规则：E0004，线程：4，日期：['20260511', '20260513', '20260515', '20260516', '20260517']
2026-07-14 09:51:27 - ERROR - utils.multi_thread_parser - multi_thread_parser.py:129 - 解析线程数据，规则：check_lint，线程：2，日期：['20260511', '20260513', '20260515', '20260516']
2026-07-14 09:51:27 - ERROR - utils.multi_thread_parser - multi_thread_parser.py:129 - 解析线程数据，规则：check_lint，线程：4，日期：['20260511', '20260513', '20260515', '20260516', '20260517']
2026-07-14 09:51:27 - ERROR - utils.multi_thread_parser - multi_thread_parser.py:129 - 解析线程数据，规则：check_lint，线程：2，日期：['20260511', '20260513', '20260515', '20260516']
2026-07-14 09:51:27 - ERROR - utils.multi_thread_parser - multi_thread_parser.py:129 - 解析线程数据，规则：check_lint，线程：4，日期：['20260511', '20260513', '20260515', '20260516', '20260517']
2026-07-14 09:51:27 - ERROR - utils.multi_thread_parser - multi_thread_parser.py:129 - 解析线程数据，规则：Overall，线程：2，日期：['20260511', '20260513', '20260515', '20260516']
2026-07-14 09:51:27 - ERROR - utils.multi_thread_parser - multi_thread_parser.py:129 - 解析线程数据，规则：Overall，线程：4，日期：['20260511', '20260513', '20260515', '20260516', '20260517']
2026-07-14 09:51:27 - ERROR - utils.multi_thread_parser - multi_thread_parser.py:129 - 解析线程数据，规则：Overall，线程：2，日期：['20260511', '20260513', '20260515', '20260516']
2026-07-14 09:51:27 - ERROR - utils.multi_thread_parser - multi_thread_parser.py:129 - 解析线程数据，规则：Overall，线程：4，日期：['20260511', '20260513', '20260515', '20260516', '20260517']
2026-07-14 09:51:27 - ERROR - utils.multi_thread_parser - multi_thread_parser.py:129 - 解析线程数据，规则：read_design，线程：2，日期：['20260511', '20260513', '20260515', '20260516']
2026-07-14 09:51:27 - ERROR - utils.multi_thread_parser - multi_thread_parser.py:129 - 解析线程数据，规则：read_design，线程：4，日期：['20260511', '20260513', '20260515', '20260516', '20260517']
2026-07-14 09:51:27 - ERROR - utils.multi_thread_parser - multi_thread_parser.py:129 - 解析线程数据，规则：read_design，线程：2，日期：['20260511', '20260513', '20260515', '20260516']
2026-07-14 09:51:27 - ERROR - utils.multi_thread_parser - multi_thread_parser.py:129 - 解析线程数据，规则：read_design，线程：4，日期：['20260511', '20260513', '20260515', '20260516', '20260517']
2026-07-14 13:42:22 - ERROR - utils.data_manager - data_manager.py:140 - 调用用户函数获取路径失败: _path_normpath: path should be string, bytes or os.PathLike, not int
2026-07-14 13:42:30 - ERROR - utils.data_manager - data_manager.py:140 - 调用用户函数获取路径失败: _path_normpath: path should be string, bytes or os.PathLike, not int
2026-07-14 13:42:38 - ERROR - utils.data_manager - data_manager.py:140 - 调用用户函数获取路径失败: _path_normpath: path should be string, bytes or os.PathLike, not int
2026-07-14 15:37:34 - ERROR - utils.data_manager - data_manager.py:465 - C:\Users\xbzhong\Desktop\lint\script\monitor\develop\monitor\test\multi
2026-07-14 15:37:46 - ERROR - utils.data_manager - data_manager.py:465 - C:\Users\xbzhong\Desktop\lint\script\monitor\develop\monitor\test\multi
2026-07-14 15:40:38 - ERROR - utils.data_manager - data_manager.py:465 - C:\Users\xbzhong\Desktop\lint\script\monitor\develop\monitor\test\multi
2026-07-14 15:40:45 - ERROR - utils.data_manager - data_manager.py:465 - C:\Users\xbzhong\Desktop\lint\script\monitor\develop\monitor\test\multi
2026-07-14 15:43:57 - ERROR - utils.multi_thread_parser - multi_thread_parser.py:129 - 解析线程数据，规则：E0001，线程：2，日期：[]
2026-07-14 15:43:58 - ERROR - utils.multi_thread_parser - multi_thread_parser.py:129 - 解析线程数据，规则：E0001，线程：4，日期：['20260511']
2026-07-14 15:43:58 - ERROR - utils.multi_thread_parser - multi_thread_parser.py:129 - 解析线程数据，规则：E0001，线程：2，日期：[]
2026-07-14 15:43:58 - ERROR - utils.multi_thread_parser - multi_thread_parser.py:129 - 解析线程数据，规则：E0001，线程：4，日期：['20260511']
2026-07-14 15:43:58 - ERROR - utils.multi_thread_parser - multi_thread_parser.py:129 - 解析线程数据，规则：E0002，线程：2，日期：[]
2026-07-14 15:43:58 - ERROR - utils.multi_thread_parser - multi_thread_parser.py:129 - 解析线程数据，规则：E0002，线程：4，日期：['20260511']
2026-07-14 15:43:58 - ERROR - utils.multi_thread_parser - multi_thread_parser.py:129 - 解析线程数据，规则：E0002，线程：2，日期：[]
2026-07-14 15:43:58 - ERROR - utils.multi_thread_parser - multi_thread_parser.py:129 - 解析线程数据，规则：E0002，线程：4，日期：['20260511']
2026-07-14 15:43:58 - ERROR - utils.multi_thread_parser - multi_thread_parser.py:129 - 解析线程数据，规则：E0003，线程：2，日期：[]
2026-07-14 15:43:58 - ERROR - utils.multi_thread_parser - multi_thread_parser.py:129 - 解析线程数据，规则：E0003，线程：4，日期：['20260511']
2026-07-14 15:43:58 - ERROR - utils.multi_thread_parser - multi_thread_parser.py:129 - 解析线程数据，规则：E0003，线程：2，日期：[]
2026-07-14 15:43:58 - ERROR - utils.multi_thread_parser - multi_thread_parser.py:129 - 解析线程数据，规则：E0003，线程：4，日期：['20260511']
2026-07-14 15:43:58 - ERROR - utils.multi_thread_parser - multi_thread_parser.py:129 - 解析线程数据，规则：E0004，线程：2，日期：[]
2026-07-14 15:43:58 - ERROR - utils.multi_thread_parser - multi_thread_parser.py:129 - 解析线程数据，规则：E0004，线程：4，日期：['20260511']
2026-07-14 15:43:58 - ERROR - utils.multi_thread_parser - multi_thread_parser.py:129 - 解析线程数据，规则：E0004，线程：2，日期：[]
2026-07-14 15:43:58 - ERROR - utils.multi_thread_parser - multi_thread_parser.py:129 - 解析线程数据，规则：E0004，线程：4，日期：['20260511']
2026-07-14 15:43:58 - ERROR - utils.multi_thread_parser - multi_thread_parser.py:129 - 解析线程数据，规则：check_lint，线程：2，日期：[]
2026-07-14 15:43:58 - ERROR - utils.multi_thread_parser - multi_thread_parser.py:129 - 解析线程数据，规则：check_lint，线程：4，日期：['20260511']
2026-07-14 15:43:58 - ERROR - utils.multi_thread_parser - multi_thread_parser.py:129 - 解析线程数据，规则：check_lint，线程：2，日期：[]
2026-07-14 15:43:58 - ERROR - utils.multi_thread_parser - multi_thread_parser.py:129 - 解析线程数据，规则：check_lint，线程：4，日期：['20260511']
2026-07-14 15:43:58 - ERROR - utils.multi_thread_parser - multi_thread_parser.py:129 - 解析线程数据，规则：Overall，线程：2，日期：[]
2026-07-14 15:43:58 - ERROR - utils.multi_thread_parser - multi_thread_parser.py:129 - 解析线程数据，规则：Overall，线程：4，日期：['20260511']
2026-07-14 15:43:58 - ERROR - utils.multi_thread_parser - multi_thread_parser.py:129 - 解析线程数据，规则：Overall，线程：2，日期：[]
2026-07-14 15:43:58 - ERROR - utils.multi_thread_parser - multi_thread_parser.py:129 - 解析线程数据，规则：Overall，线程：4，日期：['20260511']
2026-07-14 15:43:58 - ERROR - utils.multi_thread_parser - multi_thread_parser.py:129 - 解析线程数据，规则：read_design，线程：2，日期：[]
2026-07-14 15:43:58 - ERROR - utils.multi_thread_parser - multi_thread_parser.py:129 - 解析线程数据，规则：read_design，线程：4，日期：['20260511']
2026-07-14 15:43:58 - ERROR - utils.multi_thread_parser - multi_thread_parser.py:129 - 解析线程数据，规则：read_design，线程：2，日期：[]
2026-07-14 15:43:58 - ERROR - utils.multi_thread_parser - multi_thread_parser.py:129 - 解析线程数据，规则：read_design，线程：4，日期：['20260511']
2026-07-14 15:43:58 - ERROR - utils.multi_thread_parser - multi_thread_parser.py:129 - 解析线程数据，规则：save_session，线程：2，日期：[]
2026-07-14 15:43:58 - ERROR - utils.multi_thread_parser - multi_thread_parser.py:129 - 解析线程数据，规则：save_session，线程：2，日期：[]
2026-07-14 15:43:58 - ERROR - utils.multi_thread_parser - multi_thread_parser.py:129 - 解析线程数据，规则：E0001，线程：2，日期：['20260511']
2026-07-14 15:43:58 - ERROR - utils.multi_thread_parser - multi_thread_parser.py:129 - 解析线程数据，规则：E0001，线程：4，日期：['20260511', '20260513']
2026-07-14 15:43:58 - ERROR - utils.multi_thread_parser - multi_thread_parser.py:129 - 解析线程数据，规则：E0001，线程：2，日期：['20260511']
2026-07-14 15:43:58 - ERROR - utils.multi_thread_parser - multi_thread_parser.py:129 - 解析线程数据，规则：E0001，线程：4，日期：['20260511', '20260513']
2026-07-14 15:43:58 - ERROR - utils.multi_thread_parser - multi_thread_parser.py:129 - 解析线程数据，规则：E0002，线程：2，日期：['20260511']
2026-07-14 15:43:58 - ERROR - utils.multi_thread_parser - multi_thread_parser.py:129 - 解析线程数据，规则：E0002，线程：4，日期：['20260511', '20260513']
2026-07-14 15:43:58 - ERROR - utils.multi_thread_parser - multi_thread_parser.py:129 - 解析线程数据，规则：E0002，线程：2，日期：['20260511']
2026-07-14 15:43:58 - ERROR - utils.multi_thread_parser - multi_thread_parser.py:129 - 解析线程数据，规则：E0002，线程：4，日期：['20260511', '20260513']
2026-07-14 15:43:58 - ERROR - utils.multi_thread_parser - multi_thread_parser.py:129 - 解析线程数据，规则：E0003，线程：2，日期：['20260511']
2026-07-14 15:43:58 - ERROR - utils.multi_thread_parser - multi_thread_parser.py:129 - 解析线程数据，规则：E0003，线程：4，日期：['20260511', '20260513']
2026-07-14 15:43:58 - ERROR - utils.multi_thread_parser - multi_thread_parser.py:129 - 解析线程数据，规则：E0003，线程：2，日期：['20260511']
2026-07-14 15:43:58 - ERROR - utils.multi_thread_parser - multi_thread_parser.py:129 - 解析线程数据，规则：E0003，线程：4，日期：['20260511', '20260513']
2026-07-14 15:43:58 - ERROR - utils.multi_thread_parser - multi_thread_parser.py:129 - 解析线程数据，规则：E0004，线程：2，日期：['20260511']
2026-07-14 15:43:58 - ERROR - utils.multi_thread_parser - multi_thread_parser.py:129 - 解析线程数据，规则：E0004，线程：4，日期：['20260511', '20260513']
2026-07-14 15:43:58 - ERROR - utils.multi_thread_parser - multi_thread_parser.py:129 - 解析线程数据，规则：E0004，线程：2，日期：['20260511']
2026-07-14 15:43:58 - ERROR - utils.multi_thread_parser - multi_thread_parser.py:129 - 解析线程数据，规则：E0004，线程：4，日期：['20260511', '20260513']
2026-07-14 15:43:58 - ERROR - utils.multi_thread_parser - multi_thread_parser.py:129 - 解析线程数据，规则：check_lint，线程：2，日期：['20260511']
2026-07-14 15:43:58 - ERROR - utils.multi_thread_parser - multi_thread_parser.py:129 - 解析线程数据，规则：check_lint，线程：4，日期：['20260511', '20260513']
2026-07-14 15:43:58 - ERROR - utils.multi_thread_parser - multi_thread_parser.py:129 - 解析线程数据，规则：check_lint，线程：2，日期：['20260511']
2026-07-14 15:43:58 - ERROR - utils.multi_thread_parser - multi_thread_parser.py:129 - 解析线程数据，规则：check_lint，线程：4，日期：['20260511', '20260513']
2026-07-14 15:43:58 - ERROR - utils.multi_thread_parser - multi_thread_parser.py:129 - 解析线程数据，规则：Overall，线程：2，日期：['20260511']
2026-07-14 15:43:58 - ERROR - utils.multi_thread_parser - multi_thread_parser.py:129 - 解析线程数据，规则：Overall，线程：4，日期：['20260511', '20260513']
2026-07-14 15:43:58 - ERROR - utils.multi_thread_parser - multi_thread_parser.py:129 - 解析线程数据，规则：Overall，线程：2，日期：['20260511']
2026-07-14 15:43:58 - ERROR - utils.multi_thread_parser - multi_thread_parser.py:129 - 解析线程数据，规则：Overall，线程：4，日期：['20260511', '20260513']
2026-07-14 15:43:58 - ERROR - utils.multi_thread_parser - multi_thread_parser.py:129 - 解析线程数据，规则：read_design，线程：2，日期：['20260511']
2026-07-14 15:43:58 - ERROR - utils.multi_thread_parser - multi_thread_parser.py:129 - 解析线程数据，规则：read_design，线程：4，日期：['20260511', '20260513']
2026-07-14 15:43:58 - ERROR - utils.multi_thread_parser - multi_thread_parser.py:129 - 解析线程数据，规则：read_design，线程：2，日期：['20260511']
2026-07-14 15:43:58 - ERROR - utils.multi_thread_parser - multi_thread_parser.py:129 - 解析线程数据，规则：read_design，线程：4，日期：['20260511', '20260513']
2026-07-14 15:43:58 - ERROR - utils.multi_thread_parser - multi_thread_parser.py:129 - 解析线程数据，规则：E0001，线程：2，日期：['20260511', '20260513']
2026-07-14 15:43:58 - ERROR - utils.multi_thread_parser - multi_thread_parser.py:129 - 解析线程数据，规则：E0001，线程：4，日期：['20260511', '20260513', '20260515']
2026-07-14 15:43:58 - ERROR - utils.multi_thread_parser - multi_thread_parser.py:129 - 解析线程数据，规则：E0001，线程：2，日期：['20260511', '20260513']
2026-07-14 15:43:58 - ERROR - utils.multi_thread_parser - multi_thread_parser.py:129 - 解析线程数据，规则：E0001，线程：4，日期：['20260511', '20260513', '20260515']
2026-07-14 15:43:58 - ERROR - utils.multi_thread_parser - multi_thread_parser.py:129 - 解析线程数据，规则：E0002，线程：2，日期：['20260511', '20260513']
2026-07-14 15:43:58 - ERROR - utils.multi_thread_parser - multi_thread_parser.py:129 - 解析线程数据，规则：E0002，线程：4，日期：['20260511', '20260513', '20260515']
2026-07-14 15:43:58 - ERROR - utils.multi_thread_parser - multi_thread_parser.py:129 - 解析线程数据，规则：E0002，线程：2，日期：['20260511', '20260513']
2026-07-14 15:43:58 - ERROR - utils.multi_thread_parser - multi_thread_parser.py:129 - 解析线程数据，规则：E0002，线程：4，日期：['20260511', '20260513', '20260515']
2026-07-14 15:43:58 - ERROR - utils.multi_thread_parser - multi_thread_parser.py:129 - 解析线程数据，规则：E0003，线程：2，日期：['20260511', '20260513']
2026-07-14 15:43:58 - ERROR - utils.multi_thread_parser - multi_thread_parser.py:129 - 解析线程数据，规则：E0003，线程：4，日期：['20260511', '20260513', '20260515']
2026-07-14 15:43:58 - ERROR - utils.multi_thread_parser - multi_thread_parser.py:129 - 解析线程数据，规则：E0003，线程：2，日期：['20260511', '20260513']
2026-07-14 15:43:58 - ERROR - utils.multi_thread_parser - multi_thread_parser.py:129 - 解析线程数据，规则：E0003，线程：4，日期：['20260511', '20260513', '20260515']
2026-07-14 15:43:58 - ERROR - utils.multi_thread_parser - multi_thread_parser.py:129 - 解析线程数据，规则：E0004，线程：2，日期：['20260511', '20260513']
2026-07-14 15:43:58 - ERROR - utils.multi_thread_parser - multi_thread_parser.py:129 - 解析线程数据，规则：E0004，线程：4，日期：['20260511', '20260513', '20260515']
2026-07-14 15:43:58 - ERROR - utils.multi_thread_parser - multi_thread_parser.py:129 - 解析线程数据，规则：E0004，线程：2，日期：['20260511', '20260513']
2026-07-14 15:43:58 - ERROR - utils.multi_thread_parser - multi_thread_parser.py:129 - 解析线程数据，规则：E0004，线程：4，日期：['20260511', '20260513', '20260515']
2026-07-14 15:43:58 - ERROR - utils.multi_thread_parser - multi_thread_parser.py:129 - 解析线程数据，规则：check_lint，线程：4，日期：['20260511', '20260513']
2026-07-14 15:43:58 - ERROR - utils.multi_thread_parser - multi_thread_parser.py:129 - 解析线程数据，规则：check_lint，线程：4，日期：['20260511', '20260513']
2026-07-14 15:43:58 - ERROR - utils.multi_thread_parser - multi_thread_parser.py:129 - 解析线程数据，规则：Overall，线程：4，日期：['20260511', '20260513']
2026-07-14 15:43:58 - ERROR - utils.multi_thread_parser - multi_thread_parser.py:129 - 解析线程数据，规则：Overall，线程：4，日期：['20260511', '20260513']
2026-07-14 15:43:58 - ERROR - utils.multi_thread_parser - multi_thread_parser.py:129 - 解析线程数据，规则：read_design，线程：4，日期：['20260511', '20260513']
2026-07-14 15:43:58 - ERROR - utils.multi_thread_parser - multi_thread_parser.py:129 - 解析线程数据，规则：read_design，线程：4，日期：['20260511', '20260513']
2026-07-14 15:43:58 - ERROR - utils.multi_thread_parser - multi_thread_parser.py:129 - 解析线程数据，规则：E0001，线程：2，日期：['20260511', '20260513', '20260515']
2026-07-14 15:43:58 - ERROR - utils.multi_thread_parser - multi_thread_parser.py:129 - 解析线程数据，规则：E0001，线程：4，日期：['20260511', '20260513', '20260515', '20260516']
2026-07-14 15:43:58 - ERROR - utils.multi_thread_parser - multi_thread_parser.py:129 - 解析线程数据，规则：E0001，线程：2，日期：['20260511', '20260513', '20260515']
2026-07-14 15:43:58 - ERROR - utils.multi_thread_parser - multi_thread_parser.py:129 - 解析线程数据，规则：E0001，线程：4，日期：['20260511', '20260513', '20260515', '20260516']
2026-07-14 15:43:58 - ERROR - utils.multi_thread_parser - multi_thread_parser.py:129 - 解析线程数据，规则：E0002，线程：2，日期：['20260511', '20260513', '20260515']
2026-07-14 15:43:58 - ERROR - utils.multi_thread_parser - multi_thread_parser.py:129 - 解析线程数据，规则：E0002，线程：4，日期：['20260511', '20260513', '20260515', '20260516']
2026-07-14 15:43:58 - ERROR - utils.multi_thread_parser - multi_thread_parser.py:129 - 解析线程数据，规则：E0002，线程：2，日期：['20260511', '20260513', '20260515']
2026-07-14 15:43:58 - ERROR - utils.multi_thread_parser - multi_thread_parser.py:129 - 解析线程数据，规则：E0002，线程：4，日期：['20260511', '20260513', '20260515', '20260516']
2026-07-14 15:43:58 - ERROR - utils.multi_thread_parser - multi_thread_parser.py:129 - 解析线程数据，规则：E0003，线程：2，日期：['20260511', '20260513', '20260515']
2026-07-14 15:43:58 - ERROR - utils.multi_thread_parser - multi_thread_parser.py:129 - 解析线程数据，规则：E0003，线程：4，日期：['20260511', '20260513', '20260515', '20260516']
2026-07-14 15:43:58 - ERROR - utils.multi_thread_parser - multi_thread_parser.py:129 - 解析线程数据，规则：E0003，线程：2，日期：['20260511', '20260513', '20260515']
2026-07-14 15:43:58 - ERROR - utils.multi_thread_parser - multi_thread_parser.py:129 - 解析线程数据，规则：E0003，线程：4，日期：['20260511', '20260513', '20260515', '20260516']
2026-07-14 15:43:58 - ERROR - utils.multi_thread_parser - multi_thread_parser.py:129 - 解析线程数据，规则：E0004，线程：2，日期：['20260511', '20260513', '20260515']
2026-07-14 15:43:58 - ERROR - utils.multi_thread_parser - multi_thread_parser.py:129 - 解析线程数据，规则：E0004，线程：4，日期：['20260511', '20260513', '20260515', '20260516']
2026-07-14 15:43:58 - ERROR - utils.multi_thread_parser - multi_thread_parser.py:129 - 解析线程数据，规则：E0004，线程：2，日期：['20260511', '20260513', '20260515']
2026-07-14 15:43:58 - ERROR - utils.multi_thread_parser - multi_thread_parser.py:129 - 解析线程数据，规则：E0004，线程：4，日期：['20260511', '20260513', '20260515', '20260516']
2026-07-14 15:43:58 - ERROR - utils.multi_thread_parser - multi_thread_parser.py:129 - 解析线程数据，规则：check_lint，线程：4，日期：['20260511', '20260513', '20260515']
2026-07-14 15:43:58 - ERROR - utils.multi_thread_parser - multi_thread_parser.py:129 - 解析线程数据，规则：check_lint，线程：4，日期：['20260511', '20260513', '20260515']
2026-07-14 15:43:58 - ERROR - utils.multi_thread_parser - multi_thread_parser.py:129 - 解析线程数据，规则：Overall，线程：4，日期：['20260511', '20260513', '20260515']
2026-07-14 15:43:58 - ERROR - utils.multi_thread_parser - multi_thread_parser.py:129 - 解析线程数据，规则：Overall，线程：4，日期：['20260511', '20260513', '20260515']
2026-07-14 15:43:58 - ERROR - utils.multi_thread_parser - multi_thread_parser.py:129 - 解析线程数据，规则：read_design，线程：4，日期：['20260511', '20260513', '20260515']
2026-07-14 15:43:58 - ERROR - utils.multi_thread_parser - multi_thread_parser.py:129 - 解析线程数据，规则：read_design，线程：4，日期：['20260511', '20260513', '20260515']
2026-07-14 15:43:58 - ERROR - utils.multi_thread_parser - multi_thread_parser.py:129 - 解析线程数据，规则：E0001，线程：2，日期：['20260511', '20260513', '20260515', '20260516']
2026-07-14 15:43:58 - ERROR - utils.multi_thread_parser - multi_thread_parser.py:129 - 解析线程数据，规则：E0001，线程：4，日期：['20260511', '20260513', '20260515', '20260516', '20260517']
2026-07-14 15:43:58 - ERROR - utils.multi_thread_parser - multi_thread_parser.py:129 - 解析线程数据，规则：E0001，线程：2，日期：['20260511', '20260513', '20260515', '20260516']
2026-07-14 15:43:58 - ERROR - utils.multi_thread_parser - multi_thread_parser.py:129 - 解析线程数据，规则：E0001，线程：4，日期：['20260511', '20260513', '20260515', '20260516', '20260517']
2026-07-14 15:43:58 - ERROR - utils.multi_thread_parser - multi_thread_parser.py:129 - 解析线程数据，规则：E0002，线程：2，日期：['20260511', '20260513', '20260515', '20260516']
2026-07-14 15:43:58 - ERROR - utils.multi_thread_parser - multi_thread_parser.py:129 - 解析线程数据，规则：E0002，线程：4，日期：['20260511', '20260513', '20260515', '20260516', '20260517']
2026-07-14 15:43:58 - ERROR - utils.multi_thread_parser - multi_thread_parser.py:129 - 解析线程数据，规则：E0002，线程：2，日期：['20260511', '20260513', '20260515', '20260516']
2026-07-14 15:43:58 - ERROR - utils.multi_thread_parser - multi_thread_parser.py:129 - 解析线程数据，规则：E0002，线程：4，日期：['20260511', '20260513', '20260515', '20260516', '20260517']
2026-07-14 15:43:58 - ERROR - utils.multi_thread_parser - multi_thread_parser.py:129 - 解析线程数据，规则：E0003，线程：2，日期：['20260511', '20260513', '20260515', '20260516']
2026-07-14 15:43:58 - ERROR - utils.multi_thread_parser - multi_thread_parser.py:129 - 解析线程数据，规则：E0003，线程：4，日期：['20260511', '20260513', '20260515', '20260516', '20260517']
2026-07-14 15:43:58 - ERROR - utils.multi_thread_parser - multi_thread_parser.py:129 - 解析线程数据，规则：E0003，线程：2，日期：['20260511', '20260513', '20260515', '20260516']
2026-07-14 15:43:58 - ERROR - utils.multi_thread_parser - multi_thread_parser.py:129 - 解析线程数据，规则：E0003，线程：4，日期：['20260511', '20260513', '20260515', '20260516', '20260517']
2026-07-14 15:43:58 - ERROR - utils.multi_thread_parser - multi_thread_parser.py:129 - 解析线程数据，规则：E0004，线程：2，日期：['20260511', '20260513', '20260515', '20260516']
2026-07-14 15:43:58 - ERROR - utils.multi_thread_parser - multi_thread_parser.py:129 - 解析线程数据，规则：E0004，线程：4，日期：['20260511', '20260513', '20260515', '20260516', '20260517']
2026-07-14 15:43:58 - ERROR - utils.multi_thread_parser - multi_thread_parser.py:129 - 解析线程数据，规则：E0004，线程：2，日期：['20260511', '20260513', '20260515', '20260516']
2026-07-14 15:43:58 - ERROR - utils.multi_thread_parser - multi_thread_parser.py:129 - 解析线程数据，规则：E0004，线程：4，日期：['20260511', '20260513', '20260515', '20260516', '20260517']
2026-07-14 15:43:58 - ERROR - utils.multi_thread_parser - multi_thread_parser.py:129 - 解析线程数据，规则：check_lint，线程：4，日期：['20260511', '20260513', '20260515', '20260516']
2026-07-14 15:43:58 - ERROR - utils.multi_thread_parser - multi_thread_parser.py:129 - 解析线程数据，规则：check_lint，线程：4，日期：['20260511', '20260513', '20260515', '20260516']
2026-07-14 15:43:58 - ERROR - utils.multi_thread_parser - multi_thread_parser.py:129 - 解析线程数据，规则：Overall，线程：4，日期：['20260511', '20260513', '20260515', '20260516']
2026-07-14 15:43:58 - ERROR - utils.multi_thread_parser - multi_thread_parser.py:129 - 解析线程数据，规则：Overall，线程：4，日期：['20260511', '20260513', '20260515', '20260516']
2026-07-14 15:43:58 - ERROR - utils.multi_thread_parser - multi_thread_parser.py:129 - 解析线程数据，规则：read_design，线程：4，日期：['20260511', '20260513', '20260515', '20260516']
2026-07-14 15:43:58 - ERROR - utils.multi_thread_parser - multi_thread_parser.py:129 - 解析线程数据，规则：read_design，线程：4，日期：['20260511', '20260513', '20260515', '20260516']
2026-07-14 15:43:58 - ERROR - utils.multi_thread_parser - multi_thread_parser.py:129 - 解析线程数据，规则：E0001，线程：2，日期：[]
2026-07-14 15:43:58 - ERROR - utils.multi_thread_parser - multi_thread_parser.py:129 - 解析线程数据，规则：E0001，线程：4，日期：['20260511']
2026-07-14 15:43:58 - ERROR - utils.multi_thread_parser - multi_thread_parser.py:129 - 解析线程数据，规则：E0001，线程：2，日期：[]
2026-07-14 15:43:58 - ERROR - utils.multi_thread_parser - multi_thread_parser.py:129 - 解析线程数据，规则：E0001，线程：4，日期：['20260511']
2026-07-14 15:43:58 - ERROR - utils.multi_thread_parser - multi_thread_parser.py:129 - 解析线程数据，规则：E0002，线程：2，日期：[]
2026-07-14 15:43:58 - ERROR - utils.multi_thread_parser - multi_thread_parser.py:129 - 解析线程数据，规则：E0002，线程：4，日期：['20260511']
2026-07-14 15:43:58 - ERROR - utils.multi_thread_parser - multi_thread_parser.py:129 - 解析线程数据，规则：E0002，线程：2，日期：[]
2026-07-14 15:43:58 - ERROR - utils.multi_thread_parser - multi_thread_parser.py:129 - 解析线程数据，规则：E0002，线程：4，日期：['20260511']
2026-07-14 15:43:58 - ERROR - utils.multi_thread_parser - multi_thread_parser.py:129 - 解析线程数据，规则：E0003，线程：2，日期：[]
2026-07-14 15:43:58 - ERROR - utils.multi_thread_parser - multi_thread_parser.py:129 - 解析线程数据，规则：E0003，线程：4，日期：['20260511']
2026-07-14 15:43:58 - ERROR - utils.multi_thread_parser - multi_thread_parser.py:129 - 解析线程数据，规则：E0003，线程：2，日期：[]
2026-07-14 15:43:58 - ERROR - utils.multi_thread_parser - multi_thread_parser.py:129 - 解析线程数据，规则：E0003，线程：4，日期：['20260511']
2026-07-14 15:43:58 - ERROR - utils.multi_thread_parser - multi_thread_parser.py:129 - 解析线程数据，规则：E0004，线程：2，日期：[]
2026-07-14 15:43:58 - ERROR - utils.multi_thread_parser - multi_thread_parser.py:129 - 解析线程数据，规则：E0004，线程：4，日期：['20260511']
2026-07-14 15:43:58 - ERROR - utils.multi_thread_parser - multi_thread_parser.py:129 - 解析线程数据，规则：E0004，线程：2，日期：[]
2026-07-14 15:43:58 - ERROR - utils.multi_thread_parser - multi_thread_parser.py:129 - 解析线程数据，规则：E0004，线程：4，日期：['20260511']
2026-07-14 15:43:58 - ERROR - utils.multi_thread_parser - multi_thread_parser.py:129 - 解析线程数据，规则：check_lint，线程：2，日期：[]
2026-07-14 15:43:58 - ERROR - utils.multi_thread_parser - multi_thread_parser.py:129 - 解析线程数据，规则：check_lint，线程：4，日期：['20260511']
2026-07-14 15:43:58 - ERROR - utils.multi_thread_parser - multi_thread_parser.py:129 - 解析线程数据，规则：check_lint，线程：2，日期：[]
2026-07-14 15:43:58 - ERROR - utils.multi_thread_parser - multi_thread_parser.py:129 - 解析线程数据，规则：check_lint，线程：4，日期：['20260511']
2026-07-14 15:43:58 - ERROR - utils.multi_thread_parser - multi_thread_parser.py:129 - 解析线程数据，规则：Overall，线程：2，日期：[]
2026-07-14 15:43:58 - ERROR - utils.multi_thread_parser - multi_thread_parser.py:129 - 解析线程数据，规则：Overall，线程：4，日期：['20260511']
2026-07-14 15:43:58 - ERROR - utils.multi_thread_parser - multi_thread_parser.py:129 - 解析线程数据，规则：Overall，线程：2，日期：[]
2026-07-14 15:43:58 - ERROR - utils.multi_thread_parser - multi_thread_parser.py:129 - 解析线程数据，规则：Overall，线程：4，日期：['20260511']
2026-07-14 15:43:58 - ERROR - utils.multi_thread_parser - multi_thread_parser.py:129 - 解析线程数据，规则：read_design，线程：2，日期：[]
2026-07-14 15:43:58 - ERROR - utils.multi_thread_parser - multi_thread_parser.py:129 - 解析线程数据，规则：read_design，线程：4，日期：['20260511']
2026-07-14 15:43:58 - ERROR - utils.multi_thread_parser - multi_thread_parser.py:129 - 解析线程数据，规则：read_design，线程：2，日期：[]
2026-07-14 15:43:58 - ERROR - utils.multi_thread_parser - multi_thread_parser.py:129 - 解析线程数据，规则：read_design，线程：4，日期：['20260511']
2026-07-14 15:43:58 - ERROR - utils.multi_thread_parser - multi_thread_parser.py:129 - 解析线程数据，规则：E0001，线程：2，日期：['20260511']
2026-07-14 15:43:58 - ERROR - utils.multi_thread_parser - multi_thread_parser.py:129 - 解析线程数据，规则：E0001，线程：4，日期：['20260511', '20260513']
2026-07-14 15:43:58 - ERROR - utils.multi_thread_parser - multi_thread_parser.py:129 - 解析线程数据，规则：E0001，线程：2，日期：['20260511']
2026-07-14 15:43:58 - ERROR - utils.multi_thread_parser - multi_thread_parser.py:129 - 解析线程数据，规则：E0001，线程：4，日期：['20260511', '20260513']
2026-07-14 15:43:58 - ERROR - utils.multi_thread_parser - multi_thread_parser.py:129 - 解析线程数据，规则：E0002，线程：2，日期：['20260511']
2026-07-14 15:43:58 - ERROR - utils.multi_thread_parser - multi_thread_parser.py:129 - 解析线程数据，规则：E0002，线程：4，日期：['20260511', '20260513']
2026-07-14 15:43:58 - ERROR - utils.multi_thread_parser - multi_thread_parser.py:129 - 解析线程数据，规则：E0002，线程：2，日期：['20260511']
2026-07-14 15:43:58 - ERROR - utils.multi_thread_parser - multi_thread_parser.py:129 - 解析线程数据，规则：E0002，线程：4，日期：['20260511', '20260513']
2026-07-14 15:43:58 - ERROR - utils.multi_thread_parser - multi_thread_parser.py:129 - 解析线程数据，规则：E0003，线程：2，日期：['20260511']
2026-07-14 15:43:58 - ERROR - utils.multi_thread_parser - multi_thread_parser.py:129 - 解析线程数据，规则：E0003，线程：4，日期：['20260511', '20260513']
2026-07-14 15:43:58 - ERROR - utils.multi_thread_parser - multi_thread_parser.py:129 - 解析线程数据，规则：E0003，线程：2，日期：['20260511']
2026-07-14 15:43:58 - ERROR - utils.multi_thread_parser - multi_thread_parser.py:129 - 解析线程数据，规则：E0003，线程：4，日期：['20260511', '20260513']
2026-07-14 15:43:58 - ERROR - utils.multi_thread_parser - multi_thread_parser.py:129 - 解析线程数据，规则：E0004，线程：2，日期：['20260511']
2026-07-14 15:43:58 - ERROR - utils.multi_thread_parser - multi_thread_parser.py:129 - 解析线程数据，规则：E0004，线程：4，日期：['20260511', '20260513']
2026-07-14 15:43:58 - ERROR - utils.multi_thread_parser - multi_thread_parser.py:129 - 解析线程数据，规则：E0004，线程：2，日期：['20260511']
2026-07-14 15:43:58 - ERROR - utils.multi_thread_parser - multi_thread_parser.py:129 - 解析线程数据，规则：E0004，线程：4，日期：['20260511', '20260513']
2026-07-14 15:43:58 - ERROR - utils.multi_thread_parser - multi_thread_parser.py:129 - 解析线程数据，规则：check_lint，线程：2，日期：['20260511']
2026-07-14 15:43:58 - ERROR - utils.multi_thread_parser - multi_thread_parser.py:129 - 解析线程数据，规则：check_lint，线程：4，日期：['20260511', '20260513']
2026-07-14 15:43:58 - ERROR - utils.multi_thread_parser - multi_thread_parser.py:129 - 解析线程数据，规则：check_lint，线程：2，日期：['20260511']
2026-07-14 15:43:58 - ERROR - utils.multi_thread_parser - multi_thread_parser.py:129 - 解析线程数据，规则：check_lint，线程：4，日期：['20260511', '20260513']
2026-07-14 15:43:58 - ERROR - utils.multi_thread_parser - multi_thread_parser.py:129 - 解析线程数据，规则：Overall，线程：2，日期：['20260511']
2026-07-14 15:43:58 - ERROR - utils.multi_thread_parser - multi_thread_parser.py:129 - 解析线程数据，规则：Overall，线程：4，日期：['20260511', '20260513']
2026-07-14 15:43:58 - ERROR - utils.multi_thread_parser - multi_thread_parser.py:129 - 解析线程数据，规则：Overall，线程：2，日期：['20260511']
2026-07-14 15:43:58 - ERROR - utils.multi_thread_parser - multi_thread_parser.py:129 - 解析线程数据，规则：Overall，线程：4，日期：['20260511', '20260513']
2026-07-14 15:43:58 - ERROR - utils.multi_thread_parser - multi_thread_parser.py:129 - 解析线程数据，规则：read_design，线程：2，日期：['20260511']
2026-07-14 15:43:58 - ERROR - utils.multi_thread_parser - multi_thread_parser.py:129 - 解析线程数据，规则：read_design，线程：4，日期：['20260511', '20260513']
2026-07-14 15:43:58 - ERROR - utils.multi_thread_parser - multi_thread_parser.py:129 - 解析线程数据，规则：read_design，线程：2，日期：['20260511']
2026-07-14 15:43:58 - ERROR - utils.multi_thread_parser - multi_thread_parser.py:129 - 解析线程数据，规则：read_design，线程：4，日期：['20260511', '20260513']
2026-07-14 15:43:58 - ERROR - utils.multi_thread_parser - multi_thread_parser.py:129 - 解析线程数据，规则：E0001，线程：2，日期：['20260511', '20260513']
2026-07-14 15:43:58 - ERROR - utils.multi_thread_parser - multi_thread_parser.py:129 - 解析线程数据，规则：E0001，线程：4，日期：['20260511', '20260513', '20260515']
2026-07-14 15:43:58 - ERROR - utils.multi_thread_parser - multi_thread_parser.py:129 - 解析线程数据，规则：E0001，线程：2，日期：['20260511', '20260513']
2026-07-14 15:43:58 - ERROR - utils.multi_thread_parser - multi_thread_parser.py:129 - 解析线程数据，规则：E0001，线程：4，日期：['20260511', '20260513', '20260515']
2026-07-14 15:43:58 - ERROR - utils.multi_thread_parser - multi_thread_parser.py:129 - 解析线程数据，规则：E0002，线程：2，日期：['20260511', '20260513']
2026-07-14 15:43:58 - ERROR - utils.multi_thread_parser - multi_thread_parser.py:129 - 解析线程数据，规则：E0002，线程：4，日期：['20260511', '20260513', '20260515']
2026-07-14 15:43:58 - ERROR - utils.multi_thread_parser - multi_thread_parser.py:129 - 解析线程数据，规则：E0002，线程：2，日期：['20260511', '20260513']
2026-07-14 15:43:58 - ERROR - utils.multi_thread_parser - multi_thread_parser.py:129 - 解析线程数据，规则：E0002，线程：4，日期：['20260511', '20260513', '20260515']
2026-07-14 15:43:58 - ERROR - utils.multi_thread_parser - multi_thread_parser.py:129 - 解析线程数据，规则：E0003，线程：2，日期：['20260511', '20260513']
2026-07-14 15:43:58 - ERROR - utils.multi_thread_parser - multi_thread_parser.py:129 - 解析线程数据，规则：E0003，线程：4，日期：['20260511', '20260513', '20260515']
2026-07-14 15:43:58 - ERROR - utils.multi_thread_parser - multi_thread_parser.py:129 - 解析线程数据，规则：E0003，线程：2，日期：['20260511', '20260513']
2026-07-14 15:43:58 - ERROR - utils.multi_thread_parser - multi_thread_parser.py:129 - 解析线程数据，规则：E0003，线程：4，日期：['20260511', '20260513', '20260515']
2026-07-14 15:43:58 - ERROR - utils.multi_thread_parser - multi_thread_parser.py:129 - 解析线程数据，规则：E0004，线程：2，日期：['20260511', '20260513']
2026-07-14 15:43:58 - ERROR - utils.multi_thread_parser - multi_thread_parser.py:129 - 解析线程数据，规则：E0004，线程：4，日期：['20260511', '20260513', '20260515']
2026-07-14 15:43:58 - ERROR - utils.multi_thread_parser - multi_thread_parser.py:129 - 解析线程数据，规则：E0004，线程：2，日期：['20260511', '20260513']
2026-07-14 15:43:58 - ERROR - utils.multi_thread_parser - multi_thread_parser.py:129 - 解析线程数据，规则：E0004，线程：4，日期：['20260511', '20260513', '20260515']
2026-07-14 15:43:58 - ERROR - utils.multi_thread_parser - multi_thread_parser.py:129 - 解析线程数据，规则：check_lint，线程：2，日期：['20260511', '20260513']
2026-07-14 15:43:58 - ERROR - utils.multi_thread_parser - multi_thread_parser.py:129 - 解析线程数据，规则：check_lint，线程：4，日期：['20260511', '20260513', '20260515']
2026-07-14 15:43:58 - ERROR - utils.multi_thread_parser - multi_thread_parser.py:129 - 解析线程数据，规则：check_lint，线程：2，日期：['20260511', '20260513']
2026-07-14 15:43:58 - ERROR - utils.multi_thread_parser - multi_thread_parser.py:129 - 解析线程数据，规则：check_lint，线程：4，日期：['20260511', '20260513', '20260515']
2026-07-14 15:43:58 - ERROR - utils.multi_thread_parser - multi_thread_parser.py:129 - 解析线程数据，规则：Overall，线程：2，日期：['20260511', '20260513']
2026-07-14 15:43:58 - ERROR - utils.multi_thread_parser - multi_thread_parser.py:129 - 解析线程数据，规则：Overall，线程：4，日期：['20260511', '20260513', '20260515']
2026-07-14 15:43:58 - ERROR - utils.multi_thread_parser - multi_thread_parser.py:129 - 解析线程数据，规则：Overall，线程：2，日期：['20260511', '20260513']
2026-07-14 15:43:58 - ERROR - utils.multi_thread_parser - multi_thread_parser.py:129 - 解析线程数据，规则：Overall，线程：4，日期：['20260511', '20260513', '20260515']
2026-07-14 15:43:58 - ERROR - utils.multi_thread_parser - multi_thread_parser.py:129 - 解析线程数据，规则：read_design，线程：2，日期：['20260511', '20260513']
2026-07-14 15:43:58 - ERROR - utils.multi_thread_parser - multi_thread_parser.py:129 - 解析线程数据，规则：read_design，线程：4，日期：['20260511', '20260513', '20260515']
2026-07-14 15:43:58 - ERROR - utils.multi_thread_parser - multi_thread_parser.py:129 - 解析线程数据，规则：read_design，线程：2，日期：['20260511', '20260513']
2026-07-14 15:43:58 - ERROR - utils.multi_thread_parser - multi_thread_parser.py:129 - 解析线程数据，规则：read_design，线程：4，日期：['20260511', '20260513', '20260515']
2026-07-14 15:43:58 - ERROR - utils.multi_thread_parser - multi_thread_parser.py:129 - 解析线程数据，规则：E0001，线程：2，日期：['20260511', '20260513', '20260515']
2026-07-14 15:43:58 - ERROR - utils.multi_thread_parser - multi_thread_parser.py:129 - 解析线程数据，规则：E0001，线程：4，日期：['20260511', '20260513', '20260515', '20260516']
2026-07-14 15:43:58 - ERROR - utils.multi_thread_parser - multi_thread_parser.py:129 - 解析线程数据，规则：E0001，线程：2，日期：['20260511', '20260513', '20260515']
2026-07-14 15:43:58 - ERROR - utils.multi_thread_parser - multi_thread_parser.py:129 - 解析线程数据，规则：E0001，线程：4，日期：['20260511', '20260513', '20260515', '20260516']
2026-07-14 15:43:58 - ERROR - utils.multi_thread_parser - multi_thread_parser.py:129 - 解析线程数据，规则：E0002，线程：2，日期：['20260511', '20260513', '20260515']
2026-07-14 15:43:58 - ERROR - utils.multi_thread_parser - multi_thread_parser.py:129 - 解析线程数据，规则：E0002，线程：4，日期：['20260511', '20260513', '20260515', '20260516']
2026-07-14 15:43:58 - ERROR - utils.multi_thread_parser - multi_thread_parser.py:129 - 解析线程数据，规则：E0002，线程：2，日期：['20260511', '20260513', '20260515']
2026-07-14 15:43:58 - ERROR - utils.multi_thread_parser - multi_thread_parser.py:129 - 解析线程数据，规则：E0002，线程：4，日期：['20260511', '20260513', '20260515', '20260516']
2026-07-14 15:43:58 - ERROR - utils.multi_thread_parser - multi_thread_parser.py:129 - 解析线程数据，规则：E0003，线程：2，日期：['20260511', '20260513', '20260515']
2026-07-14 15:43:58 - ERROR - utils.multi_thread_parser - multi_thread_parser.py:129 - 解析线程数据，规则：E0003，线程：4，日期：['20260511', '20260513', '20260515', '20260516']
2026-07-14 15:43:58 - ERROR - utils.multi_thread_parser - multi_thread_parser.py:129 - 解析线程数据，规则：E0003，线程：2，日期：['20260511', '20260513', '20260515']
2026-07-14 15:43:58 - ERROR - utils.multi_thread_parser - multi_thread_parser.py:129 - 解析线程数据，规则：E0003，线程：4，日期：['20260511', '20260513', '20260515', '20260516']
2026-07-14 15:43:58 - ERROR - utils.multi_thread_parser - multi_thread_parser.py:129 - 解析线程数据，规则：E0004，线程：2，日期：['20260511', '20260513', '20260515']
2026-07-14 15:43:58 - ERROR - utils.multi_thread_parser - multi_thread_parser.py:129 - 解析线程数据，规则：E0004，线程：4，日期：['20260511', '20260513', '20260515', '20260516']
2026-07-14 15:43:58 - ERROR - utils.multi_thread_parser - multi_thread_parser.py:129 - 解析线程数据，规则：E0004，线程：2，日期：['20260511', '20260513', '20260515']
2026-07-14 15:43:58 - ERROR - utils.multi_thread_parser - multi_thread_parser.py:129 - 解析线程数据，规则：E0004，线程：4，日期：['20260511', '20260513', '20260515', '20260516']
2026-07-14 15:43:58 - ERROR - utils.multi_thread_parser - multi_thread_parser.py:129 - 解析线程数据，规则：check_lint，线程：2，日期：['20260511', '20260513', '20260515']
2026-07-14 15:43:58 - ERROR - utils.multi_thread_parser - multi_thread_parser.py:129 - 解析线程数据，规则：check_lint，线程：4，日期：['20260511', '20260513', '20260515', '20260516']
2026-07-14 15:43:58 - ERROR - utils.multi_thread_parser - multi_thread_parser.py:129 - 解析线程数据，规则：check_lint，线程：2，日期：['20260511', '20260513', '20260515']
2026-07-14 15:43:58 - ERROR - utils.multi_thread_parser - multi_thread_parser.py:129 - 解析线程数据，规则：check_lint，线程：4，日期：['20260511', '20260513', '20260515', '20260516']
2026-07-14 15:43:58 - ERROR - utils.multi_thread_parser - multi_thread_parser.py:129 - 解析线程数据，规则：Overall，线程：2，日期：['20260511', '20260513', '20260515']
2026-07-14 15:43:58 - ERROR - utils.multi_thread_parser - multi_thread_parser.py:129 - 解析线程数据，规则：Overall，线程：4，日期：['20260511', '20260513', '20260515', '20260516']
2026-07-14 15:43:58 - ERROR - utils.multi_thread_parser - multi_thread_parser.py:129 - 解析线程数据，规则：Overall，线程：2，日期：['20260511', '20260513', '20260515']
2026-07-14 15:43:58 - ERROR - utils.multi_thread_parser - multi_thread_parser.py:129 - 解析线程数据，规则：Overall，线程：4，日期：['20260511', '20260513', '20260515', '20260516']
2026-07-14 15:43:58 - ERROR - utils.multi_thread_parser - multi_thread_parser.py:129 - 解析线程数据，规则：read_design，线程：2，日期：['20260511', '20260513', '20260515']
2026-07-14 15:43:58 - ERROR - utils.multi_thread_parser - multi_thread_parser.py:129 - 解析线程数据，规则：read_design，线程：4，日期：['20260511', '20260513', '20260515', '20260516']
2026-07-14 15:43:58 - ERROR - utils.multi_thread_parser - multi_thread_parser.py:129 - 解析线程数据，规则：read_design，线程：2，日期：['20260511', '20260513', '20260515']
2026-07-14 15:43:58 - ERROR - utils.multi_thread_parser - multi_thread_parser.py:129 - 解析线程数据，规则：read_design，线程：4，日期：['20260511', '20260513', '20260515', '20260516']
2026-07-14 15:43:58 - ERROR - utils.multi_thread_parser - multi_thread_parser.py:129 - 解析线程数据，规则：E0001，线程：2，日期：['20260511', '20260513', '20260515', '20260516']
2026-07-14 15:43:58 - ERROR - utils.multi_thread_parser - multi_thread_parser.py:129 - 解析线程数据，规则：E0001，线程：4，日期：['20260511', '20260513', '20260515', '20260516', '20260517']
2026-07-14 15:43:58 - ERROR - utils.multi_thread_parser - multi_thread_parser.py:129 - 解析线程数据，规则：E0001，线程：2，日期：['20260511', '20260513', '20260515', '20260516']
2026-07-14 15:43:58 - ERROR - utils.multi_thread_parser - multi_thread_parser.py:129 - 解析线程数据，规则：E0001，线程：4，日期：['20260511', '20260513', '20260515', '20260516', '20260517']
2026-07-14 15:43:58 - ERROR - utils.multi_thread_parser - multi_thread_parser.py:129 - 解析线程数据，规则：E0002，线程：2，日期：['20260511', '20260513', '20260515', '20260516']
2026-07-14 15:43:58 - ERROR - utils.multi_thread_parser - multi_thread_parser.py:129 - 解析线程数据，规则：E0002，线程：4，日期：['20260511', '20260513', '20260515', '20260516', '20260517']
2026-07-14 15:43:58 - ERROR - utils.multi_thread_parser - multi_thread_parser.py:129 - 解析线程数据，规则：E0002，线程：2，日期：['20260511', '20260513', '20260515', '20260516']
2026-07-14 15:43:58 - ERROR - utils.multi_thread_parser - multi_thread_parser.py:129 - 解析线程数据，规则：E0002，线程：4，日期：['20260511', '20260513', '20260515', '20260516', '20260517']
2026-07-14 15:43:58 - ERROR - utils.multi_thread_parser - multi_thread_parser.py:129 - 解析线程数据，规则：E0003，线程：2，日期：['20260511', '20260513', '20260515', '20260516']
2026-07-14 15:43:58 - ERROR - utils.multi_thread_parser - multi_thread_parser.py:129 - 解析线程数据，规则：E0003，线程：4，日期：['20260511', '20260513', '20260515', '20260516', '20260517']
2026-07-14 15:43:58 - ERROR - utils.multi_thread_parser - multi_thread_parser.py:129 - 解析线程数据，规则：E0003，线程：2，日期：['20260511', '20260513', '20260515', '20260516']
2026-07-14 15:43:58 - ERROR - utils.multi_thread_parser - multi_thread_parser.py:129 - 解析线程数据，规则：E0003，线程：4，日期：['20260511', '20260513', '20260515', '20260516', '20260517']
2026-07-14 15:43:58 - ERROR - utils.multi_thread_parser - multi_thread_parser.py:129 - 解析线程数据，规则：E0004，线程：2，日期：['20260511', '20260513', '20260515', '20260516']
2026-07-14 15:43:58 - ERROR - utils.multi_thread_parser - multi_thread_parser.py:129 - 解析线程数据，规则：E0004，线程：4，日期：['20260511', '20260513', '20260515', '20260516', '20260517']
2026-07-14 15:43:58 - ERROR - utils.multi_thread_parser - multi_thread_parser.py:129 - 解析线程数据，规则：E0004，线程：2，日期：['20260511', '20260513', '20260515', '20260516']
2026-07-14 15:43:58 - ERROR - utils.multi_thread_parser - multi_thread_parser.py:129 - 解析线程数据，规则：E0004，线程：4，日期：['20260511', '20260513', '20260515', '20260516', '20260517']
2026-07-14 15:43:58 - ERROR - utils.multi_thread_parser - multi_thread_parser.py:129 - 解析线程数据，规则：check_lint，线程：2，日期：['20260511', '20260513', '20260515', '20260516']
2026-07-14 15:43:58 - ERROR - utils.multi_thread_parser - multi_thread_parser.py:129 - 解析线程数据，规则：check_lint，线程：4，日期：['20260511', '20260513', '20260515', '20260516', '20260517']
2026-07-14 15:43:58 - ERROR - utils.multi_thread_parser - multi_thread_parser.py:129 - 解析线程数据，规则：check_lint，线程：2，日期：['20260511', '20260513', '20260515', '20260516']
2026-07-14 15:43:58 - ERROR - utils.multi_thread_parser - multi_thread_parser.py:129 - 解析线程数据，规则：check_lint，线程：4，日期：['20260511', '20260513', '20260515', '20260516', '20260517']
2026-07-14 15:43:58 - ERROR - utils.multi_thread_parser - multi_thread_parser.py:129 - 解析线程数据，规则：Overall，线程：2，日期：['20260511', '20260513', '20260515', '20260516']
2026-07-14 15:43:58 - ERROR - utils.multi_thread_parser - multi_thread_parser.py:129 - 解析线程数据，规则：Overall，线程：4，日期：['20260511', '20260513', '20260515', '20260516', '20260517']
2026-07-14 15:43:58 - ERROR - utils.multi_thread_parser - multi_thread_parser.py:129 - 解析线程数据，规则：Overall，线程：2，日期：['20260511', '20260513', '20260515', '20260516']
2026-07-14 15:43:58 - ERROR - utils.multi_thread_parser - multi_thread_parser.py:129 - 解析线程数据，规则：Overall，线程：4，日期：['20260511', '20260513', '20260515', '20260516', '20260517']
2026-07-14 15:43:58 - ERROR - utils.multi_thread_parser - multi_thread_parser.py:129 - 解析线程数据，规则：read_design，线程：2，日期：['20260511', '20260513', '20260515', '20260516']
2026-07-14 15:43:58 - ERROR - utils.multi_thread_parser - multi_thread_parser.py:129 - 解析线程数据，规则：read_design，线程：4，日期：['20260511', '20260513', '20260515', '20260516', '20260517']
2026-07-14 15:43:58 - ERROR - utils.multi_thread_parser - multi_thread_parser.py:129 - 解析线程数据，规则：read_design，线程：2，日期：['20260511', '20260513', '20260515', '20260516']
2026-07-14 15:43:58 - ERROR - utils.multi_thread_parser - multi_thread_parser.py:129 - 解析线程数据，规则：read_design，线程：4，日期：['20260511', '20260513', '20260515', '20260516', '20260517']
2026-07-15 16:25:20 - ERROR - utils.data_manager - data_manager.py:465 - 提交后台解析任务失败: single
Traceback (most recent call last):
  File "c:\Users\xbzhong\Desktop\lint\script\monitor\develop\monitor\monitor2.5\utils\data_manager.py", line 463, in load_single_chart
    self._submit_background_parse(tool_id, 'single', single, cached)
    ~~~~~~~~~~~~~~~~~~~~~~~~~~~~~^^^^^^^^^^^^^^^^^^^^^^^^^^^^^^^^^^^
TypeError: DataManager._submit_background_parse() takes 4 positional arguments but 5 were given
2026-07-15 16:25:38 - ERROR - utils.data_manager - data_manager.py:483 - 提交后台解析任务失败: multi
Traceback (most recent call last):
  File "c:\Users\xbzhong\Desktop\lint\script\monitor\develop\monitor\monitor2.5\utils\data_manager.py", line 481, in load_multi_chart
    self._submit_background_parse(tool_id, 'multi', multi)
    ~~~~~~~~~~~~~~~~~~~~~~~~~~~~~^^^^^^^^^^^^^^^^^^^^^^^^^
  File "c:\Users\xbzhong\Desktop\lint\script\monitor\develop\monitor\monitor2.5\utils\data_manager.py", line 168, in _submit_background_parse
    future = self._executor.submit(_job)
  File "C:\Program Files\WindowsApps\PythonSoftwareFoundation.Python.3.13_3.13.3568.0_x64__qbz5n2kfra8p0\Lib\concurrent\futures\thread.py", line 173, in submit
    raise RuntimeError('cannot schedule new futures after '
                       'interpreter shutdown')
RuntimeError: cannot schedule new futures after interpreter shutdown
2026-07-15 16:45:11 - ERROR - utils.data_manager - data_manager.py:466 - 提交后台解析任务失败: single
Traceback (most recent call last):
  File "c:\Users\xbzhong\Desktop\lint\script\monitor\develop\monitor\monitor2.5\utils\data_manager.py", line 464, in load_single_chart
    self._submit_background_parse(tool_id, 'single', single)
    ~~~~~~~~~~~~~~~~~~~~~~~~~~~~~^^^^^^^^^^^^^^^^^^^^^^^^^^^
TypeError: DataManager._submit_background_parse() missing 1 required positional argument: 'old_raw_data'
2026-07-15 17:17:51 - ERROR - utils.data_manager - data_manager.py:89 - 加载函数失败 None: attribute name must be string, not 'NoneType'
2026-07-15 17:17:51 - ERROR - utils.data_manager - data_manager.py:114 - 无法加载 extra_display 数据处理函数: elint
2026-07-16 08:53:36 - ERROR - utils.data_manager - data_manager.py:89 - 加载函数失败 None: attribute name must be string, not 'NoneType'
2026-07-16 08:53:36 - ERROR - utils.data_manager - data_manager.py:114 - 无法加载 extra_display 数据处理函数: elint
2026-07-16 11:26:48 - ERROR - utils.data_manager - data_manager.py:166 - 后台解析失败 elint:extra_display: 'NoneType' object has no attribute 'items'
Traceback (most recent call last):
  File "c:\Users\xbzhong\Desktop\lint\script\monitor\develop\monitor\monitor2.5\utils\data_manager.py", line 161, in _job
    parsed = deep_merge(old_raw_data, parsed)
  File "c:\Users\xbzhong\Desktop\lint\script\monitor\develop\monitor\monitor2.5\utils\common.py", line 107, in deep_merge
    for key, value in dict2.items():
                      ^^^^^^^^^^^
AttributeError: 'NoneType' object has no attribute 'items'
2026-07-16 12:51:28 - ERROR - utils.data_manager - data_manager.py:166 - 后台解析失败 elint:extra_display: 'NoneType' object has no attribute 'items'
Traceback (most recent call last):
  File "c:\Users\xbzhong\Desktop\lint\script\monitor\develop\monitor\monitor2.5\utils\data_manager.py", line 161, in _job
    parsed = deep_merge(old_raw_data, parsed)
  File "c:\Users\xbzhong\Desktop\lint\script\monitor\develop\monitor\monitor2.5\utils\common.py", line 107, in deep_merge
    for key, value in dict2.items():
                      ^^^^^^^^^^^
AttributeError: 'NoneType' object has no attribute 'items'
2026-07-16 12:56:20 - ERROR - utils.data_manager - data_manager.py:166 - 后台解析失败 elint:extra_display: 'NoneType' object has no attribute 'items'
Traceback (most recent call last):
  File "c:\Users\xbzhong\Desktop\lint\script\monitor\develop\monitor\monitor2.5\utils\data_manager.py", line 161, in _job
    parsed = deep_merge(old_raw_data, parsed)
  File "c:\Users\xbzhong\Desktop\lint\script\monitor\develop\monitor\monitor2.5\utils\common.py", line 107, in deep_merge
    for key, value in dict2.items():
                      ^^^^^^^^^^^
AttributeError: 'NoneType' object has no attribute 'items'
2026-07-16 12:57:11 - ERROR - utils.data_manager - data_manager.py:166 - 后台解析失败 elint:extra_display: 'NoneType' object has no attribute 'items'
Traceback (most recent call last):
  File "c:\Users\xbzhong\Desktop\lint\script\monitor\develop\monitor\monitor2.5\utils\data_manager.py", line 161, in _job
    parsed = deep_merge(old_raw_data, parsed)
  File "c:\Users\xbzhong\Desktop\lint\script\monitor\develop\monitor\monitor2.5\utils\common.py", line 107, in deep_merge
    for key, value in dict2.items():
                      ^^^^^^^^^^^
AttributeError: 'NoneType' object has no attribute 'items'
